כמות,מחיר_יחידה,הנחה_אחוז,month,day_of_week_num,is_holiday,is_weekend,קטגוריה_enc,רשת_enc,אזור_enc,עונה_enc,is_high_profit
3,126.65,0.15,8,2,0,0,1,1,2,3,1
7,24.9,0.0,7,4,0,1,3,1,0,3,1
1,134.1,0.1,3,3,0,0,0,4,2,0,0
8,35.1,0.1,2,6,0,0,3,1,0,1,1
5,2299.0,0.0,7,0,0,0,0,5,0,3,0
2,12.9,0.0,3,4,0,1,4,3,0,0,0
2,14.15,0.05,12,2,0,0,4,3,3,1,0
4,3.6,0.2,1,3,0,0,4,4,3,1,0
8,10.12,0.15,8,2,0,0,4,4,2,3,0
5,109.65,0.15,1,3,0,0,1,3,2,1,1
4,149.0,0.0,5,4,0,1,0,1,3,0,0
6,71.2,0.2,8,6,0,0,3,3,1,3,1
2,199.0,0.0,4,0,0,0,1,5,2,0,1
5,2124.15,0.15,7,6,0,0,0,3,2,3,0
3,80.1,0.1,5,0,0,0,2,2,4,0,0
3,7.12,0.2,10,0,0,0,4,5,2,2,0
8,359.1,0.1,5,1,0,0,2,5,3,0,0
5,10.32,0.2,5,1,0,0,4,5,3,0,0
1,339.15,0.15,11,1,0,0,2,3,2,1,0
5,19.92,0.2,6,5,0,1,3,4,0,3,1
1,629.1,0.1,11,1,0,0,0,4,3,1,0
4,52.9,0.0,10,3,0,0,4,5,3,2,0
8,3.6,0.2,5,1,0,0,4,2,4,0,0
8,2249.1,0.1,5,6,0,0,0,2,0,0,0
4,33.15,0.15,12,0,0,0,3,2,2,1,1
8,279.0,0.0,10,6,0,0,1,1,1,2,1
4,35.1,0.1,5,1,0,0,1,5,2,0,1
1,6.0,0.2,3,1,0,0,4,5,2,0,0
8,299.0,0.0,11,2,0,0,0,2,2,1,0
8,31.2,0.2,9,2,0,0,3,2,0,2,1
8,159.2,0.2,7,0,0,0,1,0,0,3,1
6,10.32,0.2,4,3,0,0,4,1,0,0,0
3,46.55,0.05,8,4,0,1,0,4,2,3,0
2,2799.0,0.0,1,2,0,0,0,0,2,1,0
8,2299.0,0.0,1,0,0,0,0,4,2,1,0
7,2799.0,0.0,4,0,0,0,0,5,4,0,0
1,126.65,0.15,9,0,0,0,1,4,2,2,1
3,44.0,0.0,10,3,0,0,3,5,2,2,0
4,6.55,0.05,11,2,0,0,4,4,2,1,0
2,23.65,0.05,9,5,0,1,3,4,3,2,1
5,664.05,0.05,12,4,0,1,0,3,1,1,0
2,437.8,0.0,9,0,1,0,1,1,0,2,1
3,49.0,0.0,7,6,0,0,0,2,2,3,0
5,1169.1,0.1,5,5,0,1,0,3,1,0,0
2,14.9,0.0,12,3,0,0,3,1,2,1,1
5,44.1,0.1,6,0,0,0,3,5,2,3,1
8,299.0,0.0,3,2,0,0,0,3,0,0,0
1,89.0,0.0,4,4,0,1,2,1,2,0,1
7,2572.02,0.1,9,6,1,0,0,3,0,2,0
6,80.1,0.1,1,3,0,0,0,5,2,1,0
1,52.9,0.0,10,0,0,0,4,4,1,2,0
7,22.41,0.1,3,1,0,0,4,4,0,0,0
1,5499.0,0.0,11,6,0,0,0,4,4,1,0
2,664.05,0.05,11,6,0,0,0,0,0,1,0
5,3310.56,0.2,4,2,1,0,0,5,2,0,0
6,69.0,0.0,5,0,0,0,1,3,0,0,1
1,49.0,0.0,8,3,0,0,0,3,4,3,0
4,14.9,0.0,10,3,0,0,3,2,1,2,1
4,9.9,0.0,4,4,0,1,4,0,0,0,0
2,58.65,0.15,6,6,0,0,1,1,2,3,1
5,134.1,0.1,9,4,0,1,2,3,3,2,0
5,122.55,0.05,9,6,0,0,2,0,2,2,0
8,18.9,0.05,3,1,0,0,3,2,1,0,1
6,2799.0,0.0,3,1,0,0,0,0,3,0,0
1,2999.0,0.0,4,3,0,0,0,3,0,0,0
4,10.12,0.15,5,2,0,0,4,2,3,0,0
1,1999.2,0.2,2,0,0,0,0,0,3,1,0
8,2499.0,0.0,8,6,0,0,0,0,0,3,0
6,319.2,0.2,5,4,0,1,2,5,4,0,0
8,44.0,0.0,6,1,0,0,3,1,3,3,1
8,254.15,0.15,8,4,0,1,0,3,3,3,0
4,14.9,0.0,5,4,0,1,4,0,2,0,0
4,7.12,0.05,11,6,0,0,4,2,1,1,0
6,10.71,0.1,11,2,0,0,4,4,0,1,0
1,1839.2,0.2,8,0,0,0,0,5,1,3,0
7,107.1,0.1,2,0,0,0,1,5,3,1,1
1,189.05,0.05,3,1,0,0,1,4,3,0,1
3,359.1,0.1,11,0,0,0,2,1,0,1,1
7,18.9,0.0,12,6,0,0,3,0,2,1,0
7,199.0,0.0,3,4,0,1,1,3,3,0,1
4,12.66,0.15,6,4,0,1,3,5,3,3,1
3,5998.0,0.0,3,3,1,0,0,5,0,0,0
8,5.87,0.15,9,4,0,1,4,1,3,2,0
2,119.2,0.2,6,4,0,1,0,3,0,3,0
7,14.15,0.05,12,4,0,1,3,5,2,1,1
1,24.9,0.0,9,6,0,0,3,1,4,2,1
6,39.0,0.0,12,4,0,1,1,1,1,1,1
8,10.12,0.15,5,4,0,1,4,0,4,0,0
8,14.15,0.05,11,3,0,0,3,4,1,1,1
4,15.92,0.2,6,1,0,0,3,1,4,3,1
7,1299.0,0.0,6,0,0,0,0,0,2,3,0
6,2239.2,0.2,2,0,0,0,0,3,3,1,0
1,13.41,0.1,6,2,0,0,3,3,1,3,1
4,339.15,0.15,1,4,0,1,2,4,2,1,0
2,12.9,0.0,9,0,0,0,2,1,0,2,0
6,284.05,0.05,3,3,0,0,0,1,1,0,0
8,19.9,0.0,12,0,0,0,3,0,1,1,1
6,7.9,0.0,9,2,0,0,4,4,2,2,0
5,29.0,0.0,1,6,0,0,2,4,2,1,0
1,75.65,0.15,2,3,0,0,1,4,2,1,1
5,3.82,0.15,12,6,0,0,4,3,2,1,0
5,4.27,0.05,9,4,0,1,4,0,0,2,0
7,141.55,0.05,1,4,0,1,2,3,2,1,0
5,7.5,0.0,6,2,0,0,4,1,3,3,0
4,23.2,0.2,5,2,0,0,2,2,2,0,1
7,29.0,0.0,12,4,0,1,2,0,1,1,1
4,8.9,0.0,5,2,0,0,4,1,3,0,0
3,89.0,0.0,6,3,0,0,0,4,2,3,0
1,49.0,0.0,4,1,0,0,3,1,3,0,1
4,69.0,0.0,8,0,0,0,2,3,0,3,0
3,89.0,0.0,2,4,0,1,3,5,1,1,1
5,284.05,0.05,10,2,0,0,0,5,2,2,0
8,189.05,0.05,9,0,0,0,1,1,3,2,1
5,29.0,0.0,6,1,0,0,2,5,3,3,0
5,22.41,0.1,7,3,0,0,3,1,2,3,1
8,58.0,0.0,3,3,1,0,2,4,0,0,1
6,94.05,0.05,1,5,0,1,2,1,1,1,0
7,12.66,0.15,11,1,0,0,4,1,1,1,0
8,89.0,0.0,10,4,0,1,2,1,2,2,1
8,23.65,0.05,8,4,0,1,3,0,0,3,1
8,55.2,0.2,4,4,0,1,1,2,2,0,1
1,24.12,0.15,9,0,1,0,2,3,4,2,1
4,31.2,0.2,9,4,0,1,3,5,3,2,1
5,1169.1,0.1,8,6,0,0,0,5,3,3,0
3,379.05,0.05,7,4,0,1,2,0,1,3,1
5,55.2,0.2,1,3,0,0,3,2,4,1,1
5,159.2,0.2,4,0,0,0,1,2,1,0,1
6,49.0,0.0,9,6,0,0,2,4,4,2,1
7,2499.0,0.0,2,0,0,0,0,3,3,1,0
3,37.05,0.05,4,6,0,0,2,3,2,0,0
8,29.9,0.0,3,3,0,0,3,2,2,0,1
7,6.32,0.2,12,4,0,1,4,0,4,1,0
7,41.65,0.15,11,6,0,0,1,0,2,1,1
8,39.2,0.2,6,1,0,0,3,3,4,3,1
2,664.05,0.05,3,1,0,0,0,5,3,0,0
5,7.9,0.0,7,3,0,0,4,1,0,3,0
7,297.5,0.0,4,1,1,0,1,5,1,0,1
3,69.0,0.0,5,1,0,0,3,0,3,0,1
3,1299.0,0.0,2,4,0,1,0,1,3,1,0
1,23.2,0.2,8,4,0,1,2,3,0,3,1
6,2519.1,0.1,8,5,0,1,0,2,0,3,0
4,189.05,0.05,9,1,0,0,1,0,0,2,1
5,41.65,0.15,9,0,0,0,2,4,2,2,1
1,80.1,0.1,8,0,0,0,2,1,2,3,1
4,41.65,0.15,10,0,0,0,0,3,4,2,0
1,1499.0,0.0,1,2,0,0,0,3,3,1,0
5,149.0,0.0,6,4,0,1,1,2,2,3,1
5,39.2,0.2,4,1,0,0,0,4,2,0,0
2,199.0,0.0,9,4,0,1,1,3,0,2,1
2,39.2,0.2,4,5,0,1,2,1,0,0,1
6,12.66,0.15,3,1,0,0,3,3,2,0,1
4,37.05,0.05,6,2,0,0,1,0,3,3,1
2,75.65,0.15,2,0,0,0,1,2,3,1,1
3,399.0,0.0,8,3,0,0,1,1,4,3,1
3,6.55,0.05,3,4,0,1,4,0,2,0,0
3,41.8,0.05,7,3,0,0,3,1,1,3,1
1,41.65,0.15,7,4,0,1,3,0,4,3,1
2,339.15,0.15,1,0,0,0,2,0,2,1,0
5,199.0,0.0,1,1,0,0,1,1,3,1,1
1,7.9,0.0,9,3,0,0,4,0,4,2,0
4,62.1,0.1,11,2,0,0,3,4,2,1,1
1,129.0,0.0,3,6,0,0,1,4,4,0,1
1,149.0,0.0,10,0,0,0,1,2,2,2,1
3,29.9,0.0,1,0,0,0,3,4,1,1,1
2,84.55,0.05,4,0,0,0,2,1,2,0,1
4,13.41,0.1,7,6,0,0,3,3,0,3,1
1,19.9,0.0,3,2,0,0,3,1,0,0,1
8,6.9,0.0,9,5,0,1,4,1,1,2,0
5,3599.1,0.1,6,2,0,0,0,2,1,3,0
2,31.2,0.2,12,6,0,0,3,0,2,1,1
8,2184.05,0.05,3,4,0,1,0,0,1,0,0
5,199.0,0.0,5,2,0,0,1,5,0,0,1
2,6.55,0.05,11,2,0,0,4,0,0,1,0
1,116.1,0.1,7,6,0,0,1,1,0,3,1
7,23.2,0.2,11,1,0,0,2,5,0,1,1
4,39.0,0.0,4,5,0,1,1,3,3,0,1
4,159.2,0.2,8,2,0,0,1,2,1,3,1
5,24.9,0.0,5,1,0,0,3,2,4,0,1
1,119.0,0.0,1,3,0,0,1,1,2,1,1
1,149.0,0.0,10,4,0,1,2,1,3,2,1
3,39.0,0.0,12,6,0,0,2,0,2,1,0
3,18.9,0.0,10,6,0,0,3,3,0,2,1
7,477.09,0.05,4,1,1,0,1,5,0,0,1
6,84.55,0.05,6,0,0,0,0,3,1,3,0
5,44.0,0.0,8,1,0,0,3,1,2,3,1
5,6.9,0.0,3,1,0,0,4,2,1,0,0
1,120.08,0.05,10,6,1,0,1,3,0,2,1
4,26.1,0.1,5,4,0,1,2,4,2,0,0
8,7.9,0.0,12,2,0,0,4,0,2,1,0
7,89.0,0.0,4,0,0,0,2,1,0,0,0
2,199.0,0.0,7,2,0,0,1,1,4,3,1
5,12.66,0.15,6,1,0,0,3,0,3,3,1
2,1349.1,0.1,11,0,0,0,0,3,2,1,0
2,149.0,0.0,11,6,0,0,1,3,2,1,1
2,89.0,0.0,6,4,0,1,3,4,2,3,1
6,35.2,0.2,10,1,0,0,3,2,3,2,1
5,9.52,0.2,10,1,0,0,4,0,2,2,0
5,84.55,0.05,7,0,0,0,1,5,3,3,1
2,71.1,0.1,7,6,0,0,1,5,2,3,1
4,14.9,0.0,11,0,0,0,3,0,1,1,1
6,6.71,0.15,9,6,0,0,4,4,3,2,0
5,854.05,0.05,12,0,0,0,0,2,3,1,0
6,24.9,0.0,4,2,0,0,3,3,0,0,1
3,149.0,0.0,11,1,0,0,2,2,2,1,0
7,899.0,0.0,6,3,0,0,0,1,3,3,0
2,75.65,0.15,6,3,0,0,2,2,2,3,1
3,52.9,0.0,5,4,0,1,4,3,3,0,0
3,2999.0,0.0,12,4,0,1,0,0,0,1,1
6,19.92,0.2,8,1,0,0,3,5,4,3,1
3,5608.13,0.15,9,0,1,0,0,0,3,2,0
5,1039.2,0.2,1,2,0,0,0,1,0,1,0
4,899.0,0.0,7,0,0,0,0,2,2,3,0
7,29.0,0.0,6,4,0,1,2,3,3,3,0
8,559.2,0.2,2,0,0,0,0,2,0,1,0
2,11.92,0.2,1,2,0,0,3,5,3,1,1
2,49.0,0.0,11,4,0,1,3,0,2,1,1
7,7.11,0.1,7,4,0,1,4,3,4,3,0
1,38.9,0.0,2,0,0,0,4,0,2,1,0
1,149.0,0.0,7,4,0,1,1,1,4,3,1
1,399.0,0.0,8,6,0,0,2,4,0,3,0
7,149.0,0.0,2,1,0,0,0,4,2,1,0
7,5.87,0.15,8,0,0,0,4,3,2,3,0
1,24.65,0.15,7,3,0,0,2,5,2,3,0
1,809.1,0.1,11,3,0,0,0,4,3,1,0
2,116.1,0.1,12,6,0,0,2,2,2,1,1
8,14.9,0.0,1,1,0,0,3,2,2,1,1
6,38.9,0.0,3,6,0,0,4,3,1,0,0
6,134.1,0.1,8,0,0,0,1,2,0,3,1
3,319.2,0.2,11,5,0,1,2,1,2,1,0
1,3999.0,0.0,7,4,0,1,0,3,2,3,0
1,39.2,0.2,9,3,0,0,3,0,3,2,1
5,14.9,0.0,1,4,0,1,4,3,2,1,0
3,37.05,0.05,1,2,0,0,2,0,1,1,1
7,39.0,0.0,10,1,0,0,1,2,1,2,1
2,19.9,0.0,5,4,0,1,3,4,3,0,0
7,279.0,0.0,11,4,0,1,1,3,0,1,1
7,14.9,0.0,6,4,0,1,4,0,1,3,0
3,29.0,0.0,4,3,0,0,2,1,2,0,1
2,149.0,0.0,10,3,0,0,2,2,4,2,0
3,21.16,0.15,1,6,0,0,3,0,1,1,1
3,62.1,0.1,7,2,0,0,2,3,1,3,1
1,126.65,0.15,1,0,0,0,1,3,1,1,1
5,71.2,0.2,1,1,0,0,2,2,3,1,0
8,49.0,0.0,6,6,0,0,0,0,0,3,0
8,129.0,0.0,9,4,0,1,2,5,2,2,0
5,9.9,0.0,10,1,0,0,4,3,0,2,0
4,55.2,0.2,12,4,0,1,3,3,0,1,1
6,23.65,0.05,10,2,0,0,4,0,2,2,0
8,47.61,0.1,9,4,0,1,4,5,3,2,0
6,16.06,0.15,4,6,0,0,3,0,0,0,1
3,23.92,0.2,6,2,0,0,3,0,3,3,1
3,4.5,0.0,9,3,0,0,4,2,1,2,0
5,239.2,0.2,12,6,0,0,0,3,2,1,0
2,134.1,0.1,7,0,0,0,1,1,2,3,1
6,1999.2,0.2,12,0,0,0,0,2,3,1,0
5,10.96,0.15,3,5,0,1,4,5,2,0,0
1,27.55,0.05,3,2,0,0,2,2,0,0,1
7,129.0,0.0,8,3,0,0,2,3,0,3,1
7,14.15,0.05,7,2,0,0,4,1,2,3,0
6,41.65,0.15,8,4,0,1,3,3,2,3,1
4,14.15,0.05,12,5,0,1,3,3,2,1,0
1,2999.0,0.0,9,3,0,0,0,0,2,2,0
6,53.1,0.1,2,0,0,0,2,2,4,1,0
8,49.0,0.0,10,1,0,0,2,4,2,2,0
4,49.0,0.0,10,1,0,0,2,5,2,2,1
8,279.0,0.0,12,6,0,0,1,5,2,1,1
6,319.2,0.2,1,0,0,0,2,5,4,1,0
4,172.5,0.0,4,4,1,1,2,5,1,0,1
5,35.2,0.2,8,1,0,0,3,0,2,3,1
6,119.2,0.2,9,3,0,0,2,5,2,2,0
1,44.0,0.0,10,6,0,0,3,2,2,2,1
8,279.0,0.0,3,0,0,0,1,1,2,0,1
7,26.91,0.1,11,3,0,0,3,3,2,1,1
5,41.8,0.05,9,1,0,0,3,3,3,2,1
5,5.52,0.2,2,4,0,1,4,3,1,1,0
4,126.65,0.15,2,3,0,0,1,0,3,1,1
4,39.0,0.0,12,4,0,1,3,1,3,1,1
3,141.55,0.05,8,6,0,0,2,5,2,3,0
1,37.4,0.15,2,2,0,0,3,2,1,1,1
8,13.41,0.1,10,0,0,0,3,4,3,2,1
6,41.65,0.15,2,6,0,0,2,4,1,1,1
6,134.1,0.1,3,2,0,0,2,1,0,0,1
5,594.15,0.15,2,5,0,1,0,3,1,1,0
5,53.1,0.1,6,0,0,0,2,3,0,3,0
1,58.65,0.15,7,1,0,0,3,5,2,3,1
3,1424.05,0.05,8,6,0,0,0,1,2,3,0
5,764.15,0.15,9,6,0,0,0,1,3,2,0
1,89.0,0.0,5,0,0,0,3,5,4,0,1
3,10.12,0.15,5,6,0,0,4,4,4,0,0
2,24.9,0.0,8,2,0,0,4,5,4,3,0
8,39.0,0.0,8,6,0,0,3,1,3,3,1
8,109.65,0.15,1,0,0,0,1,5,0,1,1
5,13.41,0.1,6,6,0,0,4,4,0,3,0
6,399.0,0.0,1,1,0,0,2,2,2,1,1
6,2299.0,0.0,1,4,0,1,0,0,2,1,0
2,141.55,0.05,1,0,0,0,1,1,2,1,1
2,12.66,0.15,9,3,0,0,3,0,2,2,1
8,2999.0,0.0,8,0,0,0,0,2,1,3,0
4,35.2,0.2,2,0,0,0,3,1,1,1,1
6,5.9,0.0,5,0,0,0,4,2,0,0,0
3,89.0,0.0,8,3,0,0,3,2,2,3,1
4,58.65,0.15,11,4,0,1,2,2,4,1,1
7,122.55,0.05,11,0,0,0,2,5,3,1,0
5,159.2,0.2,4,4,0,1,1,0,3,0,1
7,18.9,0.0,1,4,0,1,3,4,0,1,1
5,7.5,0.05,5,2,0,0,4,5,3,0,0
8,119.2,0.2,1,2,0,0,2,4,0,1,1
6,89.0,0.0,2,1,0,0,3,5,1,1,1
4,71.2,0.2,1,6,0,0,3,0,3,1,1
7,35.2,0.2,9,0,0,0,3,1,3,2,1
4,75.65,0.15,4,6,0,0,1,0,2,0,1
2,2699.1,0.1,5,2,0,0,0,5,3,0,0
1,8.46,0.05,3,3,0,0,4,2,3,0,0
5,3999.0,0.0,6,0,0,0,0,2,2,3,0
3,113.47,0.15,10,0,1,0,1,2,3,2,1
3,67.15,0.15,12,1,0,0,1,0,2,1,1
7,19.92,0.2,5,4,0,1,4,0,3,0,0
5,12.25,0.05,12,1,0,0,2,1,1,1,0
5,47.2,0.2,1,3,0,0,2,2,0,1,1
7,5.31,0.1,10,6,0,0,4,0,0,2,0
4,89.0,0.0,11,2,0,0,2,5,0,1,0
4,15.12,0.2,7,1,0,0,3,1,1,3,1
4,79.0,0.0,3,1,0,0,1,4,3,0,1
4,141.55,0.05,8,0,0,0,0,0,0,3,0
5,19.9,0.0,8,3,0,0,3,0,1,3,1
6,89.0,0.0,11,5,0,1,2,5,3,1,1
7,24.9,0.0,3,3,0,0,4,4,0,0,0
4,1234.05,0.05,11,2,0,0,0,3,2,1,0
6,12.9,0.0,11,3,0,0,2,0,2,1,0
1,116.1,0.1,10,4,0,1,2,2,0,2,1
3,10.32,0.2,3,4,0,1,4,5,4,0,0
8,44.0,0.0,5,2,0,0,3,1,3,0,1
5,134.1,0.1,1,4,0,1,2,2,3,1,1
2,53.1,0.1,8,4,0,1,2,2,2,3,0
5,15.92,0.2,11,1,0,0,3,4,2,1,1
2,4674.15,0.15,4,3,0,0,0,2,3,0,0
8,399.0,0.0,3,6,0,0,2,0,2,0,1
6,10.71,0.1,1,3,0,0,4,4,0,1,0
8,7.5,0.0,7,4,0,1,4,2,4,3,0
1,372.5,0.0,4,2,1,0,1,5,4,0,1
3,89.1,0.1,3,2,0,0,2,4,3,0,0
3,15.92,0.2,5,0,0,0,3,0,3,0,1
7,99.0,0.0,6,4,0,1,1,1,3,3,1
1,41.65,0.15,6,6,0,0,3,2,1,3,1
7,379.05,0.05,7,4,0,1,2,0,0,3,1
5,55.2,0.2,1,0,0,0,2,2,0,1,1
6,2299.0,0.0,2,6,0,0,0,1,0,1,0
2,149.0,0.0,7,3,0,0,2,3,2,3,0
7,29.0,0.0,6,1,0,0,2,0,2,3,1
6,19.92,0.2,2,2,0,0,3,3,2,1,1
4,11.61,0.1,2,2,0,0,2,3,2,1,1
5,59.0,0.0,12,1,0,0,2,1,2,1,0
5,14.15,0.05,7,1,0,0,4,4,3,3,0
8,71.1,0.1,9,2,0,0,1,5,3,2,1
7,699.0,0.0,2,6,0,0,0,5,3,1,0
3,149.0,0.0,2,6,0,0,2,3,0,1,1
3,2184.05,0.05,10,3,0,0,0,1,3,2,0
6,126.82,0.05,10,0,1,0,2,1,2,2,1
3,5.87,0.15,7,5,0,1,4,3,1,3,0
2,1839.2,0.2,2,4,0,1,0,0,0,1,0
5,594.15,0.15,4,2,0,0,0,0,0,0,0
7,39.6,0.1,2,0,0,0,3,0,2,1,1
6,75.65,0.15,11,6,0,0,2,1,4,1,1
1,116.1,0.1,6,4,0,1,1,4,2,3,1
2,149.0,0.0,3,4,0,1,2,3,0,0,1
6,46.55,0.05,3,4,0,1,3,1,3,0,1
1,46.55,0.05,8,1,0,0,3,1,0,3,1
3,4.5,0.0,8,2,0,0,4,0,2,3,0
6,46.55,0.05,10,6,0,0,0,0,1,2,0
5,89.0,0.0,7,1,0,0,2,1,3,3,0
4,7.11,0.1,8,2,0,0,4,3,2,3,0
3,399.0,0.0,11,3,0,0,2,0,3,1,1
7,46.55,0.05,6,1,0,0,3,5,1,3,1
2,269.1,0.1,1,0,0,0,0,4,0,1,0
4,854.05,0.05,7,3,0,0,0,2,0,3,0
6,26.1,0.1,8,0,0,0,2,1,2,3,0
6,11.92,0.2,3,2,0,0,3,0,3,0,0
2,126.65,0.15,7,4,0,1,1,4,3,3,1
3,699.0,0.0,10,6,0,0,0,5,1,2,0
7,84.55,0.05,10,0,0,0,2,0,3,2,1
3,84.55,0.05,1,0,0,0,3,1,3,1,1
1,223.2,0.2,8,1,0,0,1,4,2,3,1
8,1234.05,0.05,1,5,0,1,0,4,3,1,0
4,6.9,0.0,6,4,0,1,4,4,3,3,0
8,26.91,0.1,3,1,0,0,3,4,2,0,1
5,5.52,0.2,10,4,0,1,4,2,3,2,0
7,89.0,0.0,1,0,0,0,2,5,3,1,0
2,141.55,0.05,5,0,0,0,2,5,2,0,1
6,119.2,0.2,8,0,0,0,0,4,0,3,0
1,2699.1,0.1,5,6,0,0,0,2,2,0,0
5,49.0,0.0,12,2,0,0,3,3,3,1,0
1,14.9,0.0,7,6,0,0,4,2,4,3,0
7,122.55,0.05,9,3,0,0,1,4,2,2,1
8,199.0,0.0,10,2,0,0,1,1,3,2,1
8,119.0,0.0,7,6,0,0,1,2,1,3,1
6,11.92,0.2,1,3,0,0,4,1,4,1,0
4,379.05,0.05,5,1,0,0,2,2,0,0,1
3,134.1,0.1,7,1,0,0,1,3,1,3,1
8,6.9,0.0,9,4,0,1,4,3,0,2,0
7,12.9,0.0,9,0,0,0,2,4,4,2,1
2,75.65,0.15,9,2,0,0,1,1,4,2,1
7,126.65,0.15,1,1,0,0,1,5,2,1,1
2,1104.15,0.15,9,0,0,0,0,1,0,2,0
4,134.1,0.1,7,3,0,0,2,4,2,3,1
3,189.05,0.05,6,6,0,0,1,5,2,3,1
2,7.9,0.0,5,3,0,0,4,0,2,0,0
3,2799.0,0.0,1,1,0,0,0,3,4,1,0
6,41.65,0.15,12,6,0,0,3,5,3,1,1
8,1039.2,0.2,3,0,0,0,0,1,0,0,0
7,1499.0,0.0,3,1,0,0,0,5,2,0,0
2,299.0,0.0,5,2,0,0,0,4,1,0,0
4,13.41,0.1,8,0,0,0,4,1,0,3,0
7,14.9,0.0,3,2,0,0,4,1,2,0,0
1,24.9,0.0,5,1,0,0,3,1,3,0,1
3,39.2,0.2,10,2,0,0,3,0,2,2,1
1,6.9,0.0,8,3,0,0,4,5,0,3,0
7,14.15,0.05,5,2,0,0,3,0,0,0,1
2,49.0,0.0,4,2,0,0,3,1,2,0,1
2,19.9,0.0,2,1,0,0,3,4,0,1,1
7,7.5,0.0,6,4,0,1,4,4,0,3,0
3,24.9,0.0,7,2,0,0,4,2,3,3,0
6,13.41,0.1,1,2,0,0,4,4,0,1,0
3,75.65,0.15,11,0,0,0,1,1,0,1,1
5,47.61,0.1,7,2,0,0,4,5,0,3,0
8,13.41,0.1,5,2,0,0,3,1,2,0,1
3,49.0,0.0,1,0,0,0,3,0,2,1,0
1,8.9,0.0,7,5,0,1,4,1,0,3,0
3,149.0,0.0,1,2,0,0,2,5,2,1,1
4,379.05,0.05,3,0,0,0,2,1,3,0,1
1,29.9,0.0,10,2,0,0,3,5,2,2,1
8,6.32,0.2,4,0,0,0,4,2,0,0,0
8,39.0,0.0,8,2,0,0,1,3,0,3,1
4,14.15,0.05,1,4,0,1,3,3,2,1,0
3,89.0,0.0,1,3,0,0,0,0,3,1,0
1,14.9,0.0,4,4,0,1,3,4,2,0,1
4,80.1,0.1,1,0,0,0,2,1,0,1,1
5,8.9,0.0,5,2,0,0,4,0,1,0,0
6,41.8,0.05,3,3,0,0,3,4,4,0,1
7,89.0,0.0,6,3,0,0,3,5,3,3,1
5,4399.2,0.2,5,6,0,0,0,1,1,0,0
5,119.0,0.0,10,6,0,0,1,0,4,2,1
2,18.9,0.0,6,3,0,0,3,4,2,3,1
6,55.2,0.2,7,1,0,0,2,3,3,3,0
2,89.0,0.0,3,3,0,0,2,3,3,0,0
3,14.9,0.0,9,5,0,1,4,2,0,2,0
5,24.9,0.0,5,2,0,0,3,0,1,0,1
4,29.0,0.0,12,4,0,1,2,0,2,1,0
4,6.9,0.0,8,6,0,0,4,4,2,3,0
5,31.2,0.2,2,4,0,1,1,0,4,1,1
2,2239.2,0.2,6,4,0,1,0,5,2,3,0
7,41.8,0.05,8,4,0,1,3,4,2,3,1
4,399.0,0.0,3,2,0,0,2,1,1,0,0
4,1274.15,0.15,7,1,0,0,0,0,2,3,0
2,39.0,0.0,8,0,0,0,3,0,3,3,1
7,71.2,0.2,2,0,0,0,0,2,0,1,0
5,19.9,0.0,9,3,0,0,3,2,1,2,1
1,2239.2,0.2,2,2,0,0,0,2,1,1,0
1,239.2,0.2,4,5,0,1,0,4,2,0,0
4,134.1,0.1,3,6,0,0,1,0,3,0,1
6,22.41,0.1,10,5,0,1,3,3,0,2,1
3,46.55,0.05,10,2,0,0,2,4,3,2,1
4,19.92,0.2,2,3,0,0,4,0,3,1,0
1,1537.8,0.0,9,6,1,0,0,1,1,2,0
6,25.41,0.15,10,1,0,0,3,5,0,2,1
3,119.0,0.0,3,3,0,0,1,5,3,0,1
6,89.0,0.0,6,3,0,0,2,1,0,3,0
1,227.97,0.15,12,0,1,0,1,3,1,1,1
6,7.12,0.2,3,1,0,0,4,2,4,0,0
6,6.71,0.15,3,2,0,0,4,2,0,0,0
2,103.2,0.2,6,3,0,0,1,3,2,3,1
2,149.0,0.0,11,6,0,0,1,5,3,1,1
7,12.25,0.05,1,0,0,0,2,0,2,1,1
4,99.0,0.0,2,3,0,0,2,2,1,1,1
2,79.0,0.0,3,3,0,0,1,5,2,0,1
2,1499.0,0.0,12,3,0,0,0,0,4,1,0
7,129.0,0.0,9,6,0,0,2,5,0,2,0
5,4674.15,0.15,4,2,0,0,0,3,2,0,0
8,12.9,0.0,7,0,0,0,4,4,2,3,0
8,99.0,0.0,4,4,0,1,2,5,1,0,0
8,559.2,0.2,7,0,0,0,0,4,2,3,0
5,399.0,0.0,8,3,0,0,2,0,2,3,0
8,89.0,0.0,3,0,0,0,2,3,2,0,0
6,3199.2,0.2,7,2,0,0,0,5,3,3,0
7,13.41,0.1,4,5,0,1,3,4,3,0,1
7,71.2,0.2,8,4,0,1,2,4,3,3,1
8,69.0,0.0,3,6,0,0,3,2,3,0,1
2,2379.15,0.15,12,4,0,1,0,4,2,1,0
6,41.65,0.15,6,0,0,0,0,1,2,3,0
6,35.2,0.2,5,2,0,0,3,0,2,0,1
7,12.9,0.0,7,3,0,0,4,0,3,3,0
2,15.12,0.2,4,6,0,0,3,4,2,0,1
7,169.15,0.15,8,2,0,0,1,2,4,3,1
7,399.0,0.0,8,0,0,0,1,4,2,3,1
8,1499.0,0.0,3,3,0,0,0,3,4,0,0
8,95.2,0.2,2,4,0,1,1,3,2,1,1
8,239.2,0.2,7,3,0,0,0,4,4,3,0
2,29.0,0.0,10,4,0,1,2,1,2,2,0
1,44.1,0.1,6,6,0,0,2,0,2,3,1
1,39.0,0.0,11,1,0,0,3,3,2,1,1
8,7.5,0.0,1,0,0,0,4,4,4,1,0
7,101.15,0.15,1,1,0,0,1,4,0,1,1
8,899.0,0.0,9,6,0,0,0,5,0,2,0
5,67.15,0.15,8,3,0,0,1,2,3,3,1
4,119.2,0.2,7,1,0,0,2,5,2,3,0
7,269.1,0.1,3,3,0,0,0,4,0,0,0
3,7.11,0.1,2,4,0,1,4,1,4,1,0
5,14.15,0.05,1,1,0,0,3,3,2,1,1
8,89.0,0.0,2,6,0,0,2,3,4,1,0
1,80.1,0.1,12,0,0,0,2,2,4,1,0
2,18.9,0.05,2,1,0,0,3,1,3,1,1
5,119.0,0.0,5,2,0,0,1,3,1,0,1
6,5.02,0.15,11,4,0,1,4,4,3,1,0
7,141.55,0.05,10,4,0,1,2,5,0,2,1
4,41.65,0.15,3,2,0,0,3,5,0,0,1
3,55.2,0.2,12,0,0,0,1,0,0,1,1
5,109.65,0.15,1,4,0,1,2,5,2,1,1
4,12.66,0.15,1,1,0,0,4,3,0,1,0
5,46.55,0.05,9,3,0,0,1,3,1,2,1
4,13.41,0.1,8,1,0,0,3,5,3,3,1
3,399.0,0.0,9,5,0,1,1,2,1,2,1
6,31.2,0.2,2,2,0,0,3,0,1,1,0
3,29.0,0.0,1,3,0,0,2,5,0,1,1
3,141.55,0.05,4,4,0,1,1,0,2,0,1
7,37.05,0.05,6,3,0,0,2,2,2,3,0
6,89.0,0.0,2,6,0,0,3,5,2,1,1
1,1274.15,0.15,10,6,0,0,0,2,0,2,0
2,75.05,0.05,5,3,0,0,1,1,2,0,1
5,3999.0,0.0,10,6,0,0,0,3,3,2,0
3,19.9,0.0,7,0,0,0,3,2,0,3,1
4,2799.0,0.0,9,0,0,0,0,4,1,2,0
3,21.78,0.0,9,0,1,0,4,1,2,2,0
5,5.52,0.2,1,6,0,0,4,1,0,1,0
2,21.16,0.15,12,1,0,0,3,5,3,1,1
7,11.9,0.0,2,3,0,0,4,1,2,1,0
1,2499.0,0.0,6,4,0,1,0,1,3,3,0
2,44.1,0.1,12,6,0,0,3,2,2,1,1
4,6.32,0.2,8,1,0,0,4,5,2,3,0
7,299.0,0.0,6,4,0,1,0,2,4,3,0
8,129.0,0.0,11,4,0,1,2,2,2,1,0
8,4.5,0.0,4,2,0,0,4,5,2,0,0
2,12.9,0.0,7,0,0,0,4,2,0,3,0
2,319.2,0.2,4,2,0,0,1,3,3,0,1
2,119.0,0.0,12,5,0,1,1,3,4,1,1
8,809.1,0.1,4,0,0,0,0,4,2,0,0
3,52.9,0.0,7,1,0,0,4,1,4,3,0
8,223.2,0.2,3,6,0,0,1,0,1,0,1
1,7.12,0.2,5,0,0,0,4,4,0,0,0
8,44.0,0.0,11,2,0,0,3,0,2,1,1
2,2184.05,0.05,3,1,0,0,0,1,4,0,0
4,67.15,0.15,6,4,0,1,1,5,2,3,1
4,14.15,0.05,11,4,0,1,3,2,3,1,1
1,129.0,0.0,12,6,0,0,2,1,0,1,0
8,59.0,0.0,11,4,0,1,2,0,3,1,1
7,6.55,0.05,5,1,0,0,4,3,1,0,0
2,39.2,0.2,4,3,0,0,2,0,2,0,1
1,6.9,0.0,10,3,0,0,4,3,3,2,0
4,12.66,0.15,1,5,0,1,3,2,0,1,1
6,13.41,0.1,7,1,0,0,4,3,1,3,0
2,319.2,0.2,8,0,0,0,1,1,0,3,1
6,41.65,0.15,3,4,0,1,1,3,2,0,1
2,55.2,0.2,4,3,0,0,3,3,2,0,0
7,699.0,0.0,3,4,0,1,0,0,2,0,0
1,44.1,0.1,7,3,0,0,3,1,3,3,0
3,37.4,0.15,4,6,0,0,3,0,3,0,1
6,6.21,0.1,12,3,0,0,4,4,0,1,0
6,899.0,0.0,2,1,0,0,0,2,1,1,0
5,1039.2,0.2,7,1,0,0,0,4,0,3,0
4,62.1,0.1,10,3,0,0,3,1,0,2,1
6,126.65,0.15,9,3,0,0,0,1,0,2,0
7,37.4,0.15,8,3,0,0,3,3,0,3,0
1,6.55,0.05,12,6,0,0,4,0,2,1,0
3,14.9,0.0,10,1,0,0,4,1,2,2,0
1,129.0,0.0,5,0,0,0,1,5,2,0,1
7,89.0,0.0,7,0,0,0,3,2,2,3,1
7,189.05,0.05,11,1,0,0,1,1,0,1,1
4,13.41,0.1,10,1,0,0,4,5,3,2,0
4,119.2,0.2,6,2,0,0,1,4,4,3,1
3,3399.15,0.15,2,2,0,0,0,0,2,1,0
5,11.9,0.0,11,0,0,0,4,0,2,1,0
3,59.0,0.0,6,2,0,0,2,3,2,3,1
6,19.9,0.0,4,4,0,1,3,1,0,0,1
3,84.55,0.05,10,4,0,1,0,4,3,2,0
5,119.0,0.0,3,3,0,0,1,4,4,0,1
6,4.27,0.05,12,6,0,0,4,2,3,1,0
6,65.55,0.05,5,0,0,0,3,1,4,0,1
6,26.91,0.1,8,6,0,0,3,3,1,3,1
4,24.9,0.0,11,3,0,0,4,0,3,1,0
1,126.65,0.15,11,0,0,0,0,5,2,1,0
4,2519.1,0.1,5,6,0,0,0,1,2,0,0
6,2799.0,0.0,6,0,0,0,0,5,0,3,0
2,269.1,0.1,6,2,0,0,0,5,2,3,0
7,66.69,0.05,4,2,1,0,2,3,4,0,0
2,5.52,0.2,10,1,0,0,4,0,2,2,0
5,71.2,0.2,4,0,0,0,1,5,0,0,1
7,159.2,0.2,9,6,0,0,1,5,3,2,1
6,89.0,0.0,3,0,0,0,1,2,0,0,1
7,8.91,0.1,10,0,0,0,4,5,2,2,0
3,89.0,0.0,6,4,0,1,1,4,2,3,1
3,126.65,0.15,1,3,0,0,1,2,2,1,1
5,75.65,0.15,4,4,0,1,2,2,4,0,1
6,49.0,0.0,5,2,0,0,0,5,2,0,0
2,2799.0,0.0,9,1,0,0,0,1,0,2,0
5,126.65,0.15,10,4,0,1,1,0,3,2,1
3,119.0,0.0,11,2,0,0,1,2,3,1,1
3,126.65,0.15,3,3,0,0,2,1,0,0,1
2,119.0,0.0,11,5,0,1,1,0,3,1,1
5,75.65,0.15,6,4,0,1,0,3,4,3,0
1,7.92,0.2,6,0,0,0,4,5,0,3,0
5,1349.1,0.1,4,1,0,0,0,2,0,0,0
5,149.0,0.0,11,1,0,0,0,0,1,1,0
1,10.12,0.15,8,4,0,1,4,2,3,3,0
8,89.0,0.0,5,4,0,1,0,2,4,0,0
1,2299.0,0.0,1,0,0,0,0,2,3,1,0
1,147.73,0.15,9,2,1,0,1,5,2,2,1
1,39.0,0.0,2,1,0,0,2,3,3,1,0
5,13.41,0.1,10,3,0,0,3,1,2,2,1
2,26.1,0.1,12,4,0,1,2,1,1,1,1
6,46.55,0.05,5,2,0,0,3,4,1,0,1
4,2799.0,0.0,9,5,0,1,0,2,2,2,0
3,2999.0,0.0,11,1,0,0,0,3,0,1,0
2,27.55,0.05,8,2,0,0,2,4,0,3,0
3,6.75,0.1,11,6,0,0,4,0,0,1,0
5,3999.0,0.0,11,4,0,1,0,2,2,1,0
5,24.9,0.0,11,6,0,0,3,2,1,1,1
4,10.32,0.2,3,0,0,0,2,2,3,0,0
5,89.0,0.0,4,6,0,0,3,4,3,0,1
7,17.95,0.05,12,6,0,0,3,0,4,1,1
7,119.2,0.2,9,2,0,0,0,5,2,2,0
1,1039.2,0.2,11,3,0,0,0,5,3,1,0
3,6.21,0.1,12,1,0,0,4,5,3,1,0
6,39.2,0.2,1,0,0,0,2,1,4,1,1
7,399.0,0.0,3,2,0,0,2,2,0,0,1
2,399.0,0.0,7,2,0,0,1,4,1,3,1
1,11.61,0.1,4,1,0,0,4,4,2,0,0
4,5.87,0.15,12,4,0,1,4,2,2,1,0
5,23.84,0.0,10,0,1,0,4,3,1,2,0
7,11.92,0.2,5,4,0,1,3,3,3,0,1
6,35.1,0.1,2,2,0,0,3,2,1,1,0
7,12.66,0.15,9,1,0,0,3,3,2,2,1
8,6.32,0.2,10,0,0,0,4,1,4,2,0
1,49.0,0.0,11,0,0,0,3,4,2,1,0
7,14.9,0.0,3,3,0,0,4,5,0,0,0
1,33.15,0.15,5,3,0,0,1,4,2,0,1
1,11.92,0.2,2,1,0,0,3,0,4,1,1
5,268.2,0.0,12,6,1,0,2,0,0,1,1
3,75.65,0.15,3,3,0,0,3,2,0,0,1
5,6.0,0.2,3,1,0,0,4,4,1,0,0
4,359.1,0.1,3,4,0,1,2,1,1,0,0
5,3.82,0.15,2,1,0,0,4,1,0,1,0
8,84.55,0.05,12,3,0,0,0,3,1,1,0
2,80.1,0.1,1,0,0,0,2,4,2,1,1
5,126.65,0.15,8,6,0,0,1,2,0,3,1
8,339.15,0.15,6,1,0,0,2,2,1,3,1
5,7.9,0.0,8,3,0,0,4,2,4,3,0
6,809.1,0.1,2,4,0,1,0,4,0,1,0
7,594.15,0.15,1,3,0,0,0,3,0,1,0
5,129.0,0.0,1,6,0,0,1,3,3,1,1
4,1999.2,0.2,1,2,0,0,0,1,3,1,0
6,2499.0,0.0,6,2,0,0,0,4,2,3,0
1,71.2,0.2,8,6,0,0,2,5,2,3,1
5,379.05,0.05,10,6,0,0,1,2,3,2,1
7,1424.05,0.05,3,4,0,1,0,2,0,0,0
2,339.15,0.15,3,1,0,0,2,3,3,0,0
4,4.27,0.05,11,2,0,0,4,3,3,1,0
5,29.9,0.0,7,1,0,0,3,3,1,3,1
8,75.05,0.05,7,3,0,0,1,2,3,3,1
5,113.05,0.05,3,2,0,0,1,1,1,0,1
5,55.2,0.2,1,2,0,0,3,4,3,1,1
3,56.05,0.05,4,4,0,1,2,0,3,0,0
6,103.2,0.2,1,3,0,0,2,0,2,1,0
2,12.66,0.15,9,0,0,0,3,3,2,2,1
2,265.05,0.05,12,3,0,0,1,4,2,1,1
5,149.0,0.0,11,4,0,1,1,3,2,1,1
3,71.2,0.2,2,3,0,0,1,5,1,1,1
8,44.0,0.0,8,6,0,0,3,3,1,3,1
6,56.05,0.05,2,1,0,0,2,3,3,1,0
4,14.9,0.0,4,0,0,0,4,5,4,0,0
7,149.0,0.0,10,2,0,0,1,3,0,2,1
3,49.0,0.0,6,6,0,0,3,3,0,3,1
2,299.0,0.0,2,3,0,0,0,1,2,1,0
1,12.9,0.0,12,3,0,0,4,5,1,1,0
3,49.8,0.0,3,6,1,0,4,5,3,0,0
3,59.0,0.0,5,0,0,0,2,3,0,0,1
5,179.1,0.1,3,6,0,0,1,3,0,0,1
8,75.65,0.15,6,6,0,0,3,1,2,3,1
8,17.91,0.1,6,6,0,0,3,1,3,3,1
7,149.0,0.0,4,1,0,0,2,5,0,0,0
6,6.9,0.0,11,1,0,0,4,5,2,1,0
1,31.2,0.2,8,6,0,0,2,5,3,3,1
6,69.0,0.0,5,4,0,1,3,3,0,0,1
3,10.96,0.15,4,1,0,0,2,2,4,0,1
4,6.21,0.1,3,5,0,1,4,3,2,0,0
4,15.92,0.2,7,1,0,0,3,1,2,3,1
5,41.65,0.15,8,3,0,0,2,1,2,3,0
2,18.9,0.0,2,2,0,0,3,5,2,1,1
2,149.0,0.0,7,3,0,0,2,1,2,3,1
8,199.0,0.0,1,0,0,0,1,4,3,1,1
1,99.0,0.0,8,2,0,0,1,5,0,3,1
5,47.2,0.2,3,3,0,0,2,2,2,0,0
7,6.32,0.2,2,2,0,0,4,5,4,1,0
2,13.41,0.1,6,2,0,0,4,1,2,3,0
1,67.15,0.15,3,4,0,1,1,0,3,0,1
6,89.0,0.0,12,0,0,0,2,3,2,1,0
3,135.28,0.2,3,3,1,0,2,4,2,0,1
1,53.1,0.1,7,3,0,0,2,5,3,3,1
2,4674.15,0.15,11,0,0,0,0,5,1,1,0
3,10.96,0.15,11,5,0,1,4,1,0,1,0
6,239.2,0.2,8,0,0,0,0,0,2,3,0
6,12.66,0.15,6,0,0,0,4,4,0,3,0
5,359.1,0.1,10,0,0,0,2,5,2,2,1
6,41.65,0.15,9,0,0,0,0,2,2,2,0
5,2069.1,0.1,11,4,0,1,0,2,2,1,0
3,44.0,0.0,1,0,0,0,3,5,3,1,1
2,254.15,0.15,1,1,0,0,0,2,0,1,0
5,89.0,0.0,3,0,0,0,2,2,2,0,1
2,4.5,0.0,4,4,0,1,4,3,0,0,0
4,2799.0,0.0,9,4,0,1,0,5,2,2,0
5,399.0,0.0,3,0,0,0,2,1,3,0,1
8,5.52,0.2,1,6,0,0,4,2,2,1,0
7,19.92,0.2,6,0,0,0,4,1,3,3,0
1,5.02,0.15,1,4,0,1,4,1,0,1,0
2,8.9,0.0,5,2,0,0,4,3,4,0,0
4,2249.1,0.1,4,2,0,0,0,0,3,0,0
2,35.2,0.2,1,0,0,0,3,1,3,1,1
3,134.1,0.1,1,3,0,0,2,0,0,1,1
8,149.0,0.0,4,1,0,0,0,3,3,0,0
7,223.2,0.2,10,6,0,0,1,3,3,2,1
5,49.0,0.0,10,2,0,0,3,4,3,2,0
5,7.11,0.1,7,0,0,0,4,0,3,3,0
4,199.0,0.0,2,3,0,0,1,4,3,1,1
1,65.55,0.05,7,3,0,0,3,2,4,3,1
8,14.9,0.0,3,4,0,1,4,4,3,0,0
5,54.78,0.0,9,3,1,0,3,1,4,2,1
7,95.2,0.2,2,2,0,0,1,5,2,1,1
7,24.9,0.0,9,6,0,0,3,4,4,2,1
3,149.0,0.0,9,6,0,0,1,5,3,2,1
7,1424.05,0.05,10,4,0,1,0,4,0,2,0
3,149.0,0.0,10,2,0,0,2,4,2,2,1
7,24.9,0.0,11,0,0,0,3,0,2,1,1
8,53.1,0.1,6,4,0,1,2,2,1,3,1
4,89.0,0.0,2,4,0,1,3,0,3,1,1
2,75.65,0.15,5,4,0,1,1,0,2,0,1
1,119.2,0.2,12,4,0,1,1,3,2,1,1
3,41.8,0.05,9,6,0,0,3,3,2,2,1
2,129.0,0.0,4,5,0,1,1,4,2,0,1
6,594.15,0.15,4,4,0,1,0,2,2,0,0
4,84.15,0.15,8,1,0,0,2,0,2,3,1
8,13.41,0.1,3,4,0,1,3,2,2,0,1
1,6.9,0.0,10,0,0,0,4,1,0,2,0
1,46.55,0.05,12,3,0,0,0,3,2,1,0
1,79.0,0.0,1,1,0,0,1,0,2,1,1
2,52.9,0.0,2,0,0,0,4,1,3,1,0
4,17.01,0.1,2,6,0,0,3,0,3,1,1
6,50.15,0.15,9,6,0,0,2,0,1,2,0
5,103.2,0.2,12,4,0,1,1,1,1,1,1
3,29.9,0.0,3,6,0,0,3,5,4,0,1
4,14.15,0.05,3,4,0,1,4,4,0,0,0
6,27.55,0.05,5,0,0,0,2,4,3,0,1
4,119.2,0.2,9,1,0,0,0,1,2,2,0
3,41.65,0.15,10,0,0,0,3,1,2,2,1
6,15.12,0.2,11,6,0,0,3,5,1,1,1
5,189.05,0.05,10,2,0,0,1,5,0,2,1
5,1349.1,0.1,1,4,0,1,0,4,2,1,0
2,2379.15,0.15,4,1,0,0,0,4,3,0,0
6,44.0,0.0,9,1,0,0,3,2,2,2,1
4,2999.0,0.0,3,0,0,0,0,0,3,0,0
4,319.2,0.2,4,1,0,0,1,5,0,0,1
6,39.2,0.2,2,3,0,0,2,4,2,1,1
7,10.96,0.15,7,4,0,1,2,4,4,3,0
2,23.65,0.05,10,1,0,0,3,2,1,2,1
7,126.65,0.15,7,2,0,0,0,5,4,3,0
5,17.95,0.05,3,1,0,0,3,0,3,0,1
7,399.0,0.0,3,1,0,0,1,3,4,0,1
8,1299.0,0.0,4,4,0,1,0,2,0,0,0
7,49.0,0.0,10,1,0,0,3,4,2,2,1
4,27.55,0.05,7,4,0,1,2,4,2,3,1
2,3399.15,0.15,7,0,0,0,0,3,2,3,0
7,8.42,0.15,7,1,0,0,4,3,0,3,0
1,39.2,0.2,11,2,0,0,2,4,3,1,1
3,69.0,0.0,12,4,0,1,3,3,4,1,1
3,327.8,0.0,9,1,1,0,1,0,0,2,1
8,37.35,0.0,10,2,1,0,3,0,4,2,1
8,39.0,0.0,3,1,0,0,2,1,3,0,0
4,149.0,0.0,1,4,0,1,1,2,2,1,1
2,19.9,0.0,3,1,0,0,3,2,0,0,1
3,284.05,0.05,8,4,0,1,0,4,1,3,0
6,50.25,0.05,1,0,0,0,4,5,4,1,0
8,14.9,0.0,5,3,0,0,3,0,0,0,1
4,58.65,0.15,9,2,0,0,1,3,0,2,1
2,9.4,0.05,3,6,0,0,4,5,3,0,0
8,26.91,0.1,10,2,0,0,3,2,2,2,1
5,133.5,0.0,10,2,1,0,3,4,3,2,1
4,55.2,0.2,1,1,0,0,2,5,2,1,1
4,49.0,0.0,4,0,0,0,1,5,1,0,1
5,179.1,0.1,2,4,0,1,1,3,0,1,1
6,14.15,0.05,10,3,0,0,4,5,0,2,0
8,854.05,0.05,3,1,0,0,0,4,4,0,0
8,103.2,0.2,3,0,0,0,2,4,0,0,0
6,134.1,0.1,4,5,0,1,1,2,2,0,1
3,79.0,0.0,2,1,0,0,1,2,2,1,1
7,149.0,0.0,2,3,0,0,0,2,0,1,0
7,199.0,0.0,8,6,0,0,1,3,4,3,1
4,179.1,0.1,10,0,0,0,1,4,4,2,1
2,94.05,0.05,9,1,0,0,1,5,2,2,1
3,1499.0,0.0,12,6,0,0,0,3,2,1,0
5,18.9,0.0,3,2,0,0,3,0,3,0,1
5,4.5,0.0,6,1,0,0,4,0,1,3,0
5,149.0,0.0,10,0,0,0,1,4,0,2,1
3,70.02,0.0,12,3,1,0,4,0,1,1,0
6,17.01,0.1,8,1,0,0,3,2,2,3,1
3,89.0,0.0,10,6,0,0,1,4,2,2,1
7,149.0,0.0,4,3,0,0,2,5,2,0,1
8,134.1,0.1,6,6,0,0,0,0,1,3,0
3,14.9,0.0,2,4,0,1,3,1,0,1,1
4,12.9,0.0,9,3,0,0,2,1,0,2,1
6,103.2,0.2,6,1,0,0,2,3,4,3,0
8,42.32,0.2,3,3,0,0,4,0,2,0,0
2,84.55,0.05,12,4,0,1,3,3,2,1,1
8,23.65,0.05,8,0,0,0,4,2,1,3,0
8,84.55,0.05,4,4,0,1,0,2,2,0,0
6,44.1,0.1,5,0,0,0,3,4,1,0,1
8,39.0,0.0,6,3,0,0,3,1,0,3,1
2,809.1,0.1,7,1,0,0,0,0,4,3,0
1,149.0,0.0,8,3,0,0,2,2,0,3,0
3,17.95,0.05,3,2,0,0,3,4,4,0,1
4,33.15,0.15,12,1,0,0,3,0,2,1,1
6,279.0,0.0,10,2,0,0,1,2,2,2,1
1,399.0,0.0,1,0,0,0,2,2,3,1,1
5,23.92,0.2,4,1,0,0,3,1,2,0,1
7,35.1,0.1,3,0,0,0,2,3,0,0,0
7,47.2,0.2,3,3,0,0,2,4,0,0,1
3,299.0,0.0,1,0,0,0,0,0,4,1,0
8,7.57,0.15,1,0,0,0,4,1,2,1,0
7,2069.1,0.1,6,3,0,0,0,5,2,3,0
7,49.0,0.0,1,2,0,0,2,2,3,1,0
7,44.1,0.1,1,6,0,0,0,0,3,1,0
6,44.0,0.0,1,0,0,0,3,5,2,1,1
8,44.1,0.1,9,4,0,1,0,5,0,2,0
2,12.66,0.15,6,4,0,1,4,2,3,3,0
8,84.55,0.05,10,0,0,0,1,5,3,2,1
6,15.92,0.2,11,4,0,1,3,0,4,1,1
5,10.96,0.15,8,6,0,0,4,4,2,3,0
1,75.65,0.15,6,6,0,0,2,1,2,3,0
8,14.9,0.0,8,0,0,0,3,1,0,3,1
5,19.9,0.0,7,0,0,0,3,4,2,3,1
8,89.0,0.0,8,2,0,0,3,4,3,3,1
1,5038.2,0.0,12,0,1,0,0,1,2,1,0
7,2299.0,0.0,6,2,0,0,0,2,2,3,0
6,2499.0,0.0,6,3,0,0,0,1,0,3,0
7,14.15,0.05,6,0,0,0,4,5,0,3,0
7,46.55,0.05,9,6,0,0,3,1,3,2,1
8,94.05,0.05,6,3,0,0,2,2,2,3,1
6,5.76,0.2,10,0,1,0,4,1,3,2,0
5,95.2,0.2,6,0,0,0,1,1,3,3,1
4,41.65,0.15,7,3,0,0,3,1,2,3,1
2,7.9,0.0,1,2,0,0,4,2,1,1,0
6,14.9,0.0,4,0,0,0,4,2,2,0,0
2,4.5,0.0,8,4,0,1,4,4,2,3,0
2,6.32,0.2,3,1,0,0,4,1,3,0,0
2,101.15,0.15,1,5,0,1,1,4,0,1,1
3,119.2,0.2,7,2,0,0,2,3,4,3,1
1,39.0,0.0,6,2,0,0,2,5,2,3,1
7,7.9,0.0,6,1,0,0,4,0,2,3,0
5,6.9,0.0,6,6,0,0,4,2,2,3,0
1,18.9,0.05,3,6,0,0,3,5,2,0,1
7,4.5,0.0,11,1,0,0,4,1,0,1,0
8,84.55,0.05,11,0,0,0,2,3,0,1,1
1,6.55,0.05,6,2,0,0,4,1,1,3,0
6,24.9,0.0,9,2,0,0,4,5,1,2,0
1,2374.05,0.05,7,1,0,0,0,3,0,3,0
6,65.55,0.05,1,4,0,1,2,1,2,1,1
1,59.0,0.0,6,3,0,0,2,1,4,3,1
2,1839.2,0.2,2,0,0,0,0,2,0,1,0
1,189.05,0.05,7,1,0,0,1,5,2,3,1
3,37.4,0.15,8,2,0,0,3,1,2,3,1
8,6.71,0.15,4,6,0,0,4,5,4,0,0
3,8.9,0.0,2,2,0,0,4,2,3,1,0
3,159.2,0.2,12,0,0,0,1,5,0,1,1
4,6.9,0.0,5,2,0,0,4,5,4,0,0
3,89.0,0.0,2,0,0,0,2,3,1,1,0
2,49.0,0.0,3,0,0,0,3,5,0,0,1
8,89.0,0.0,4,1,0,0,1,1,2,0,1
1,37.05,0.05,3,4,0,1,3,5,2,0,1
5,1424.05,0.05,6,2,0,0,0,5,2,3,0
5,2249.1,0.1,9,6,0,0,0,4,0,2,0
1,134.1,0.1,7,3,0,0,0,4,1,3,0
5,24.9,0.0,1,2,0,0,3,0,0,1,1
2,2699.1,0.1,5,1,0,0,0,2,2,0,0
4,49.0,0.0,1,4,0,1,3,2,4,1,1
3,2299.0,0.0,4,1,0,0,0,5,2,0,0
7,79.0,0.0,3,2,0,0,1,1,2,0,1
1,4.05,0.1,11,3,0,0,4,0,3,1,0
2,89.0,0.0,12,1,0,0,2,5,2,1,1
6,149.0,0.0,10,0,0,0,1,4,1,2,1
4,399.0,0.0,7,2,0,0,2,1,2,3,1
4,7.11,0.1,8,3,0,0,4,0,3,3,0
4,899.0,0.0,2,6,0,0,0,0,2,1,0
3,14.9,0.0,9,6,0,0,3,1,2,2,1
5,629.1,0.1,8,6,0,0,0,0,3,3,0
4,89.0,0.0,11,4,0,1,3,1,0,1,1
8,103.2,0.2,4,1,0,0,2,2,4,0,1
6,56.05,0.05,8,0,0,0,2,5,2,3,1
1,14.9,0.0,4,5,0,1,3,4,3,0,1
7,6.55,0.05,8,2,0,0,4,2,0,3,0
1,1274.15,0.15,7,2,0,0,0,0,3,3,0
2,142.2,0.0,4,4,1,1,1,4,2,0,1
1,1234.05,0.05,9,0,0,0,0,3,0,2,0
8,339.15,0.15,8,2,0,0,2,4,0,3,1
6,6.21,0.1,1,0,0,0,4,1,4,1,0
4,119.2,0.2,3,1,0,0,1,0,2,0,1
6,9.9,0.0,6,2,0,0,4,3,3,3,0
6,89.0,0.0,8,1,0,0,2,3,1,3,1
4,17.82,0.0,12,6,1,0,4,2,0,1,0
4,11.92,0.2,11,4,0,1,4,2,2,1,0
7,149.0,0.0,4,4,0,1,1,3,1,0,1
2,189.05,0.05,4,4,0,1,1,3,2,0,1
6,401.76,0.2,12,2,1,0,1,2,0,1,1
3,12.9,0.0,5,6,0,0,4,0,2,0,0
3,37.05,0.05,6,1,0,0,1,4,2,3,1
3,50.25,0.05,11,5,0,1,4,1,3,1,0
2,38.9,0.0,12,1,0,0,4,0,1,1,0
6,237.15,0.15,4,4,0,1,1,2,4,0,1
5,44.1,0.1,10,1,0,0,3,2,3,2,1
8,699.0,0.0,9,2,0,0,0,3,4,2,0
8,899.0,0.0,8,0,0,0,0,5,0,3,0
2,2999.0,0.0,8,1,0,0,0,4,2,3,0
3,149.0,0.0,10,2,0,0,2,4,3,2,1
8,80.1,0.1,3,6,0,0,1,3,0,0,1
8,10.32,0.2,11,1,0,0,4,3,3,1,0
6,1274.15,0.15,10,1,0,0,0,3,3,2,0
8,89.0,0.0,8,1,0,0,3,3,3,3,1
2,8.9,0.0,8,4,0,1,4,0,0,3,0
2,2299.0,0.0,2,6,0,0,0,2,1,1,0
1,1954.15,0.15,6,1,0,0,0,0,3,3,0
6,149.0,0.0,1,2,0,0,2,4,1,1,1
2,279.0,0.0,8,6,0,0,1,3,1,3,1
7,75.65,0.15,6,4,0,1,2,0,0,3,0
4,18.9,0.0,4,6,0,0,3,2,2,0,0
7,39.0,0.0,8,4,0,1,1,2,4,3,1
8,339.15,0.15,1,4,0,1,1,1,1,1,1
5,94.05,0.05,2,2,0,0,2,2,2,1,1
5,12.66,0.15,8,2,0,0,4,5,2,3,0
8,339.15,0.15,8,6,0,0,1,1,2,3,1
6,359.1,0.1,5,2,0,0,1,5,2,0,1
2,279.0,0.0,9,2,0,0,1,0,3,2,1
1,38.9,0.0,11,4,0,1,4,2,0,1,0
1,699.0,0.0,10,1,0,0,0,1,3,2,0
5,179.1,0.1,1,2,0,0,1,1,1,1,1
3,1349.1,0.1,6,1,0,0,0,4,3,3,0
6,49.0,0.0,10,0,0,0,1,3,4,2,1
5,3999.0,0.0,12,0,0,0,0,3,3,1,0
3,3599.1,0.1,9,4,0,1,0,3,1,2,0
8,14.9,0.0,3,2,0,0,3,4,4,0,1
6,149.0,0.0,8,5,0,1,2,5,4,3,1
5,29.9,0.0,6,0,0,0,3,2,4,3,1
3,5499.0,0.0,8,2,0,0,0,4,2,3,0
8,5.52,0.2,9,5,0,1,4,1,1,2,0
1,4.27,0.05,6,6,0,0,4,4,2,3,0
1,10.32,0.2,9,3,0,0,4,3,4,2,0
4,89.0,0.0,7,6,0,0,3,5,0,3,1
6,299.0,0.0,12,3,0,0,0,5,2,1,0
2,89.0,0.0,11,4,0,1,3,2,4,1,1
4,7.11,0.1,1,5,0,1,4,2,2,1,0
2,49.0,0.0,8,4,0,1,3,1,1,3,1
7,89.0,0.0,12,3,0,0,0,0,1,1,0
8,5.52,0.2,10,4,0,1,4,0,2,2,0
6,17.95,0.05,1,2,0,0,3,3,0,1,0
5,24.65,0.15,8,3,0,0,2,3,1,3,0
4,119.2,0.2,6,4,0,1,2,2,2,3,0
8,126.65,0.15,5,0,0,0,1,0,4,0,1
3,17.95,0.05,8,3,0,0,3,0,1,3,1
2,7.9,0.0,3,6,0,0,4,2,0,0,0
4,31.2,0.2,2,6,0,0,3,4,1,1,1
5,119.2,0.2,5,6,0,0,1,0,0,0,1
2,89.0,0.0,4,0,0,0,1,2,3,0,1
2,2549.15,0.15,5,0,0,0,0,0,3,0,0
7,134.1,0.1,4,1,0,0,2,5,4,0,0
8,15.12,0.2,11,2,0,0,3,3,2,1,1
5,359.1,0.1,8,0,0,0,2,3,2,3,1
7,18.9,0.0,12,1,0,0,3,2,0,1,1
1,39.0,0.0,2,6,0,0,2,3,3,1,1
7,89.0,0.0,12,3,0,0,1,1,3,1,1
8,58.65,0.15,10,0,0,0,2,0,0,2,0
7,89.0,0.0,8,1,0,0,0,2,3,3,0
6,19.9,0.0,10,3,0,0,3,0,3,2,1
1,719.2,0.2,2,6,0,0,0,5,3,1,0
7,149.0,0.0,11,3,0,0,2,5,1,1,0
5,2249.1,0.1,4,1,0,0,0,4,0,0,0
6,38.9,0.0,6,3,0,0,4,1,4,3,0
7,6.21,0.1,2,3,0,0,4,3,3,1,0
8,35.1,0.1,11,2,0,0,1,0,4,1,1
2,39.2,0.2,2,1,0,0,3,0,1,1,1
6,899.0,0.0,9,4,0,1,0,1,2,2,0
2,1039.2,0.2,9,2,0,0,0,0,1,2,0
7,19.92,0.2,3,2,0,0,4,3,2,0,0
5,5.9,0.0,7,4,0,1,4,2,0,3,0
5,629.1,0.1,12,0,0,0,0,0,3,1,0
7,28.4,0.05,9,3,0,0,3,1,1,2,1
1,75.65,0.15,5,1,0,0,2,2,3,0,1
7,2069.1,0.1,11,5,0,1,0,0,3,1,0
4,399.0,0.0,5,1,0,0,1,4,3,0,1
4,71.2,0.2,9,3,0,0,2,0,4,2,1
4,284.05,0.05,4,2,0,0,0,3,2,0,0
5,3799.05,0.05,5,3,0,0,0,4,2,0,0
5,7.5,0.0,6,2,0,0,4,1,1,3,0
1,75.65,0.15,3,1,0,0,3,3,2,0,1
5,10.32,0.2,9,6,0,0,4,5,0,2,0
3,199.0,0.0,5,2,0,0,1,0,4,0,1
5,23.65,0.05,8,3,0,0,3,1,3,3,1
7,42.32,0.2,7,0,0,0,4,2,2,3,0
5,7.12,0.05,4,5,0,1,4,4,2,0,0
6,5.87,0.15,4,1,0,0,4,2,2,0,0
6,664.05,0.05,5,4,0,1,0,1,3,0,0
1,10.32,0.2,1,2,0,0,4,3,4,1,0
7,299.0,0.0,4,4,0,1,0,1,0,0,0
8,6.55,0.05,1,6,0,0,4,1,4,1,0
4,79.0,0.0,1,0,0,0,1,0,4,1,1
7,23.2,0.2,3,1,0,0,2,4,4,0,1
7,319.2,0.2,3,4,0,1,2,5,2,0,1
5,8.01,0.1,11,0,0,0,4,0,0,1,0
1,15.92,0.2,5,0,0,0,3,0,1,0,1
3,1299.0,0.0,4,6,0,0,0,1,0,0,0
2,49.0,0.0,3,6,0,0,1,1,2,0,1
7,119.2,0.2,11,6,0,0,0,2,2,1,0
6,559.2,0.2,10,1,0,0,0,0,3,2,0
7,84.55,0.05,8,1,0,0,2,5,2,3,0
8,172.5,0.0,4,2,1,0,3,5,2,0,1
7,6.21,0.1,6,2,0,0,4,4,0,3,0
7,3.6,0.2,1,2,0,0,4,2,2,1,0
4,149.0,0.0,7,3,0,0,2,1,4,3,1
7,10.32,0.2,6,4,0,1,2,1,2,3,1
3,84.55,0.05,2,1,0,0,1,4,3,1,1
8,129.0,0.0,10,2,0,0,1,3,2,2,1
8,149.0,0.0,1,6,0,0,2,1,3,1,1
7,1104.15,0.15,10,2,0,0,0,0,0,2,0
6,18.9,0.0,6,4,0,1,3,5,2,3,1
5,17.01,0.1,8,3,0,0,3,3,4,3,1
1,116.1,0.1,2,1,0,0,1,0,2,1,1
8,49.0,0.0,1,1,0,0,3,4,2,1,0
5,39.0,0.0,7,6,0,0,3,1,1,3,1
5,179.1,0.1,9,0,0,0,1,3,3,2,1
8,319.2,0.2,6,6,0,0,2,3,3,3,0
3,149.0,0.0,11,6,0,0,2,1,3,1,1
8,84.55,0.05,4,6,0,0,2,5,2,0,1
8,11.3,0.05,8,4,0,1,4,0,4,3,0
2,2799.0,0.0,10,6,0,0,0,1,2,2,0
4,134.1,0.1,12,6,0,0,1,2,0,1,1
4,2239.2,0.2,1,6,0,0,0,2,3,1,0
2,189.05,0.05,10,3,0,0,1,5,0,2,1
2,141.55,0.05,2,0,0,0,1,5,3,1,1
1,149.0,0.0,9,0,0,0,1,1,3,2,1
3,29.0,0.0,3,3,0,0,2,2,0,0,1
2,71.1,0.1,4,6,0,0,1,1,0,0,0
7,149.0,0.0,2,2,0,0,1,0,2,1,1
3,29.0,0.0,2,5,0,1,2,0,2,1,0
6,75.65,0.15,9,0,0,0,1,0,3,2,1
8,39.0,0.0,7,5,0,1,2,4,3,3,0
7,75.65,0.15,5,3,0,0,1,0,2,0,1
4,16.91,0.15,5,2,0,0,3,5,2,0,1
8,14.15,0.05,11,0,0,0,3,0,4,1,1
5,119.2,0.2,6,6,0,0,1,0,4,3,1
2,89.0,0.0,5,3,0,0,1,0,3,0,1
8,10.96,0.15,11,6,0,0,2,2,2,1,1
8,4.5,0.0,6,4,0,1,4,2,0,3,0
5,12.9,0.0,1,0,0,0,4,0,4,1,0
3,149.0,0.0,7,2,0,0,1,3,3,3,1
1,6.9,0.0,6,4,0,1,4,1,4,3,0
7,1839.2,0.2,3,1,0,0,0,5,2,0,0
7,11.92,0.2,9,0,0,0,3,2,2,2,1
2,3199.2,0.2,9,1,0,0,0,4,2,2,0
3,12.66,0.15,2,2,0,0,4,4,0,1,0
5,55.2,0.2,5,3,0,0,3,1,1,0,1
3,149.0,0.0,8,2,0,0,2,0,2,3,0
4,6.9,0.0,6,6,0,0,4,0,3,3,0
2,33.06,0.15,8,6,0,0,4,0,3,3,0
8,28.4,0.05,6,0,0,0,3,0,1,3,1
1,35.1,0.1,9,6,0,0,3,2,3,2,1
5,75.65,0.15,2,1,0,0,1,2,1,1,1
7,19.9,0.0,5,5,0,1,3,0,2,0,1
8,2299.0,0.0,11,6,0,0,0,1,2,1,0
8,149.0,0.0,11,1,0,0,1,2,2,1,1
6,319.2,0.2,8,3,0,0,2,1,0,3,1
2,41.65,0.15,8,6,0,0,3,4,0,3,1
8,2499.0,0.0,9,6,0,0,0,4,2,2,0
1,2499.0,0.0,5,2,0,0,0,3,3,0,0
1,119.2,0.2,1,4,0,1,1,3,4,1,1
2,6.21,0.1,5,2,0,0,4,0,1,0,0
5,79.0,0.0,4,1,0,0,1,3,3,0,1
8,6.32,0.2,11,3,0,0,4,1,3,1,0
2,7.92,0.2,7,3,0,0,4,5,4,3,0
6,3999.0,0.0,3,6,0,0,0,5,3,0,0
2,44.0,0.0,8,1,0,0,3,0,0,3,1
7,11.92,0.2,1,0,0,0,4,4,1,1,0
3,49.0,0.0,1,4,0,1,1,0,2,1,1
4,29.0,0.0,6,3,0,0,2,1,1,3,1
7,2184.05,0.05,12,4,0,1,0,4,1,1,0
2,1499.0,0.0,1,3,0,0,0,0,2,1,0
7,2239.2,0.2,11,4,0,1,0,0,1,1,0
5,84.55,0.05,3,3,0,0,0,1,0,0,0
6,14.9,0.0,4,2,0,0,3,1,4,0,1
7,84.55,0.05,1,0,0,0,3,3,4,1,1
7,23.2,0.2,2,5,0,1,2,2,3,1,0
6,4.27,0.05,2,3,0,0,4,3,4,1,0
5,134.1,0.1,9,4,0,1,1,2,3,2,1
5,3999.0,0.0,11,2,0,0,0,1,0,1,0
1,19.92,0.2,9,4,0,1,3,0,0,2,1
8,7.9,0.0,11,1,0,0,4,5,1,1,0
4,149.0,0.0,1,1,0,0,0,3,3,1,0
7,80.1,0.1,9,1,0,0,3,1,2,2,1
8,49.0,0.0,5,1,0,0,3,3,2,0,1
1,141.55,0.05,10,4,0,1,2,0,0,2,1
7,35.2,0.2,7,1,0,0,3,3,2,3,1
8,339.15,0.15,6,6,0,0,2,0,3,3,1
8,75.65,0.15,5,4,0,1,0,4,4,0,0
4,23.65,0.05,7,4,0,1,3,1,2,3,1
2,44.1,0.1,8,1,0,0,0,1,2,3,0
1,62.1,0.1,4,1,0,0,1,5,2,0,1
5,113.05,0.05,11,3,0,0,1,3,2,1,1
1,49.0,0.0,2,6,0,0,0,4,0,1,0
6,149.0,0.0,8,4,0,1,2,4,2,3,1
3,159.2,0.2,9,2,0,0,1,0,3,2,1
8,399.0,0.0,10,1,0,0,2,1,3,2,1
4,46.55,0.05,10,6,0,0,3,2,2,2,1
2,23.2,0.2,11,6,0,0,2,5,3,1,1
2,12.66,0.15,12,1,0,0,3,5,0,1,1
4,19.92,0.2,6,4,0,1,3,2,2,3,1
3,12.9,0.0,9,6,0,0,4,5,3,2,0
2,39.2,0.2,7,1,0,0,0,4,0,3,0
7,99.0,0.0,4,1,0,0,2,5,3,0,0
2,199.0,0.0,4,0,0,0,1,2,2,0,1
5,94.05,0.05,8,1,0,0,1,4,2,3,1
1,149.0,0.0,12,1,0,0,1,2,2,1,1
1,399.0,0.0,10,2,0,0,1,3,1,2,1
5,39.0,0.0,4,6,0,0,3,2,3,0,1
2,2799.0,0.0,3,1,0,0,0,1,1,0,0
4,10.32,0.2,9,3,0,0,2,2,2,2,0
7,2249.1,0.1,10,2,0,0,0,2,1,2,0
3,49.0,0.0,7,6,0,0,2,5,2,3,0
7,69.0,0.0,5,2,0,0,1,0,4,0,1
2,99.0,0.0,3,6,0,0,1,2,3,0,1
5,8.46,0.05,7,6,0,0,4,1,1,3,0
5,39.2,0.2,3,2,0,0,1,2,3,0,1
8,71.1,0.1,7,1,0,0,1,4,2,3,1
3,4.27,0.05,1,2,0,0,4,0,3,1,0
8,5.87,0.15,6,3,0,0,4,1,0,3,0
6,2799.0,0.0,1,1,0,0,0,5,3,1,0
8,149.0,0.0,7,0,0,0,1,2,4,3,1
4,55.2,0.2,3,3,0,0,3,0,2,0,1
4,33.15,0.15,3,4,0,1,3,3,2,0,1
1,197.37,0.15,4,2,1,0,1,2,4,0,0
7,33.15,0.15,12,4,0,1,3,3,3,1,1
2,33.15,0.15,4,6,0,0,2,3,4,0,0
4,89.0,0.0,11,2,0,0,1,0,3,1,1
1,46.55,0.05,7,0,0,0,3,0,4,3,1
4,21.16,0.15,2,4,0,1,3,5,1,1,1
6,55.2,0.2,7,0,0,0,2,0,2,3,1
1,319.2,0.2,5,6,0,0,2,5,2,0,1
8,7.92,0.2,11,2,0,0,4,4,3,1,0
1,18.9,0.0,7,4,0,1,3,0,0,3,1
8,7.5,0.0,2,0,0,0,4,1,1,1,0
1,134.1,0.1,9,6,0,0,2,1,3,2,1
7,69.0,0.0,4,6,0,0,2,0,2,0,1
1,14.15,0.05,8,3,0,0,3,0,0,3,1
1,3599.1,0.1,11,0,0,0,0,2,1,1,0
5,89.0,0.0,5,3,0,0,3,4,3,0,0
4,39.0,0.0,5,6,0,0,3,1,3,0,1
6,69.0,0.0,4,4,0,1,1,4,2,0,1
5,69.0,0.0,10,2,0,0,1,0,2,2,1
1,3799.05,0.05,1,0,0,0,0,2,3,1,0
4,2379.15,0.15,12,2,0,0,0,4,2,1,0
6,23.2,0.2,9,6,0,0,2,1,0,2,1
2,84.55,0.05,11,6,0,0,2,3,3,1,0
4,7.5,0.05,3,0,0,0,4,4,3,0,0
7,399.0,0.0,3,0,0,0,1,0,2,0,1
2,38.9,0.0,1,4,0,1,4,5,1,1,0
3,5499.0,0.0,1,0,0,0,0,5,2,1,0
3,89.0,0.0,6,2,0,0,1,4,0,3,1
3,4.27,0.05,2,0,0,0,4,3,2,1,0
6,319.2,0.2,8,1,0,0,1,4,1,3,1
2,44.0,0.0,2,4,0,1,3,4,0,1,1
7,2124.15,0.15,10,6,0,0,0,4,4,2,0
4,47.2,0.2,2,1,0,0,2,2,1,1,1
8,129.0,0.0,11,4,0,1,1,5,2,1,1
7,15.12,0.2,6,3,0,0,3,0,0,3,1
6,33.15,0.15,11,4,0,1,3,0,1,1,1
5,35.1,0.1,2,0,0,0,2,1,3,1,1
4,7.12,0.05,4,0,0,0,4,2,0,0,0
3,159.2,0.2,4,2,0,0,1,4,1,0,1
5,7.12,0.05,2,1,0,0,4,2,2,1,0
6,14.15,0.05,11,3,0,0,3,4,1,1,1
6,149.0,0.0,7,4,0,1,2,0,3,3,1
2,399.0,0.0,2,4,0,1,2,4,2,1,1
2,38.9,0.0,10,3,0,0,4,2,3,2,0
4,41.65,0.15,5,4,0,1,3,5,1,0,1
3,103.2,0.2,11,0,0,0,1,3,2,1,1
7,95.2,0.2,6,0,0,0,1,3,2,3,1
4,49.0,0.0,1,1,0,0,3,1,3,1,1
8,44.0,0.0,3,0,0,0,3,4,3,0,1
8,319.2,0.2,1,4,0,1,2,1,1,1,0
1,46.55,0.05,3,3,0,0,3,4,1,0,1
7,319.2,0.2,12,3,0,0,2,4,1,1,0
3,6.9,0.0,9,2,0,0,4,2,1,2,0
4,46.55,0.05,11,2,0,0,3,1,3,1,1
6,2519.1,0.1,5,2,0,0,0,0,3,0,0
8,1499.0,0.0,8,1,0,0,0,2,0,3,0
4,89.0,0.0,1,2,0,0,2,5,2,1,1
1,24.9,0.0,12,0,0,0,4,0,2,1,0
3,53.1,0.1,11,2,0,0,2,0,4,1,1
3,6.32,0.2,5,0,0,0,4,1,3,0,0
5,116.1,0.1,2,6,0,0,2,0,2,1,1
1,89.0,0.0,2,0,0,0,2,1,3,1,1
6,80.1,0.1,7,0,0,0,3,0,2,3,1
2,24.9,0.0,10,2,0,0,3,0,3,2,1
3,265.05,0.05,7,1,0,0,1,1,1,3,1
3,33.15,0.15,5,4,0,1,2,2,2,0,1
5,6.38,0.15,7,4,0,1,4,1,1,3,0
2,2299.0,0.0,8,0,0,0,0,5,0,3,0
8,19.9,0.0,6,0,0,0,3,5,0,3,1
2,6.71,0.15,6,4,0,1,4,2,2,3,0
5,149.0,0.0,3,3,0,0,2,4,4,0,0
2,39.0,0.0,10,4,0,1,2,1,1,2,1
3,2299.0,0.0,5,4,0,1,0,0,0,0,0
7,699.0,0.0,2,6,0,0,0,5,3,1,0
6,89.0,0.0,6,2,0,0,1,5,0,3,1
1,39.2,0.2,3,0,0,0,3,5,0,0,1
5,6.55,0.05,12,4,0,1,4,1,0,1,0
4,7.9,0.0,4,0,0,0,4,5,3,0,0
1,7.9,0.0,5,3,0,0,4,5,2,0,0
3,6.38,0.15,1,6,0,0,4,1,0,1,0
6,13.41,0.1,12,4,0,1,3,0,2,1,1
2,49.0,0.0,1,1,0,0,3,4,3,1,1
7,126.65,0.15,3,1,0,0,1,3,2,0,1
2,2379.15,0.15,10,1,0,0,0,0,2,2,0
4,94.05,0.05,7,1,0,0,1,2,0,3,1
3,69.0,0.0,9,6,0,0,2,2,0,2,1
3,339.15,0.15,7,3,0,0,2,3,3,3,0
8,36.95,0.05,10,5,0,1,4,0,0,2,0
1,149.0,0.0,11,1,0,0,0,1,0,1,0
7,103.2,0.2,2,6,0,0,1,5,3,1,1
8,14.9,0.0,5,6,0,0,4,5,3,0,0
6,49.0,0.0,2,3,0,0,0,5,0,1,0
5,4.72,0.2,7,0,0,0,4,1,1,3,0
4,71.1,0.1,2,4,0,1,1,1,2,1,1
7,2249.1,0.1,4,3,0,0,0,1,4,0,0
3,7.5,0.0,1,3,0,0,4,0,2,1,0
2,65.55,0.05,9,3,0,0,3,4,2,2,1
3,4949.1,0.1,8,2,0,0,0,4,2,3,0
4,44.0,0.0,5,3,0,0,3,3,2,0,1
8,12.25,0.05,9,3,0,0,2,3,2,2,1
1,319.2,0.2,5,2,0,0,2,2,3,0,1
3,134.1,0.1,2,2,0,0,1,5,1,1,1
5,254.79,0.05,12,0,1,0,2,0,2,1,0
3,2799.0,0.0,9,2,0,0,0,3,2,2,0
7,189.05,0.05,1,6,0,0,1,2,2,1,1
7,89.0,0.0,2,6,0,0,1,0,1,1,1
5,4399.2,0.2,9,0,0,0,0,2,1,2,0
1,24.65,0.15,12,4,0,1,2,1,3,1,0
1,4399.2,0.2,2,3,0,0,0,0,4,1,0
3,12.9,0.0,1,3,0,0,4,1,0,1,0
3,129.0,0.0,7,6,0,0,1,4,0,3,1
2,359.1,0.1,8,6,0,0,2,5,0,3,0
5,2069.1,0.1,1,6,0,0,0,0,4,1,0
7,11.92,0.2,12,4,0,1,3,0,0,1,1
7,109.65,0.15,12,3,0,0,1,4,4,1,1
7,6.21,0.1,12,6,0,0,4,0,4,1,0
6,59.0,0.0,5,4,0,1,2,3,0,0,1
8,80.1,0.1,10,0,0,0,0,0,2,2,0
4,7.9,0.0,3,6,0,0,4,4,2,0,0
3,24.9,0.0,4,2,0,0,3,1,3,0,1
6,38.9,0.0,8,3,0,0,4,0,2,3,0
5,5.52,0.2,4,2,0,0,4,0,3,0,0
5,14.15,0.05,3,6,0,0,3,4,2,0,1
6,41.65,0.15,8,1,0,0,3,3,0,3,1
1,199.0,0.0,12,0,0,0,1,4,1,1,1
7,5.87,0.15,11,2,0,0,4,5,0,1,0
4,5.9,0.0,10,2,0,0,4,2,2,2,0
4,49.0,0.0,7,6,0,0,2,1,3,3,0
6,33.15,0.15,10,6,0,0,1,1,2,2,1
2,399.0,0.0,6,4,0,1,2,2,2,3,1
5,13.41,0.1,5,6,0,0,4,0,4,0,0
8,15.12,0.2,12,6,0,0,3,2,4,1,1
8,39.0,0.0,6,1,0,0,3,1,2,3,1
7,3399.15,0.15,5,1,0,0,0,4,2,0,0
5,75.65,0.15,3,1,0,0,2,3,2,0,1
8,7.9,0.0,9,0,0,0,4,1,4,2,0
6,23.65,0.05,11,0,0,0,3,4,4,1,1
4,39.0,0.0,2,2,0,0,3,1,0,1,1
4,10.96,0.15,8,3,0,0,4,5,2,3,0
1,899.0,0.0,8,4,0,1,0,3,3,3,0
3,134.1,0.1,1,1,0,0,2,0,4,1,1
6,5.9,0.0,3,4,0,1,4,0,2,0,0
5,12.9,0.0,8,3,0,0,2,4,4,3,0
8,46.56,0.15,9,0,1,0,4,1,3,2,0
4,2124.15,0.15,2,6,0,0,0,3,2,1,0
3,39.0,0.0,4,0,0,0,2,4,4,0,1
7,149.0,0.0,3,3,0,0,2,0,1,0,1
7,129.0,0.0,12,1,0,0,1,3,0,1,1
8,27.86,0.15,9,0,1,0,4,2,1,2,0
3,39.0,0.0,12,4,0,1,2,4,3,1,1
2,4520.39,0.15,3,3,1,0,0,1,0,0,0
6,3799.05,0.05,10,6,0,0,0,0,1,2,0
7,14.9,0.0,1,1,0,0,3,5,2,1,1
8,14.9,0.0,4,6,0,0,4,5,2,0,0
7,99.0,0.0,12,1,0,0,2,1,0,1,0
2,6.55,0.05,6,6,0,0,4,5,1,3,0
7,6.55,0.05,9,0,0,0,4,1,2,2,0
2,2379.15,0.15,6,4,0,1,0,2,2,3,0
2,31.2,0.2,2,3,0,0,3,2,1,1,1
3,149.0,0.0,3,2,0,0,0,5,0,0,0
4,5.87,0.15,7,3,0,0,4,3,0,3,0
2,89.1,0.1,11,6,0,0,1,2,2,1,1
1,1299.0,0.0,9,0,0,0,0,2,1,2,0
3,62.1,0.1,9,4,0,1,1,2,2,2,1
4,12.66,0.15,10,1,0,0,3,3,0,2,0
3,3999.0,0.0,7,4,0,1,0,5,0,3,0
6,89.0,0.0,3,4,0,1,3,2,2,0,1
5,69.0,0.0,9,2,0,0,2,2,0,2,0
5,10.96,0.15,2,2,0,0,2,4,0,1,1
5,58.65,0.15,5,1,0,0,3,4,0,0,1
3,49.0,0.0,1,0,0,0,3,3,0,1,1
5,69.0,0.0,6,4,0,1,3,5,1,3,1
6,33.15,0.15,12,1,0,0,3,1,2,1,1
1,5499.0,0.0,11,2,0,0,0,3,0,1,0
5,6.21,0.1,2,0,0,0,4,0,2,1,0
5,62.1,0.1,9,6,0,0,1,2,2,2,1
3,899.0,0.0,7,4,0,1,0,5,4,3,0
3,399.0,0.0,12,1,0,0,2,2,3,1,0
7,2699.1,0.1,1,3,0,0,0,2,0,1,0
7,109.65,0.15,7,6,0,0,1,1,2,3,1
5,279.0,0.0,7,4,0,1,1,0,2,3,1
2,299.0,0.0,5,6,0,0,0,1,3,0,0
2,12.09,0.15,4,4,1,1,4,3,0,0,0
5,17.01,0.1,5,6,0,0,3,4,2,0,1
3,27.55,0.05,10,6,0,0,2,5,0,2,0
1,20.12,0.1,10,2,1,0,3,1,3,2,0
6,14.9,0.0,1,2,0,0,4,1,4,1,0
3,5.02,0.15,12,1,0,0,4,2,0,1,0
3,2519.1,0.1,12,6,0,0,0,4,4,1,0
6,23.22,0.0,12,0,1,0,2,0,2,1,0
5,89.0,0.0,11,4,0,1,0,1,4,1,0
7,1499.0,0.0,9,0,0,0,0,3,2,2,0
8,14.9,0.0,9,6,0,0,3,1,4,2,1
6,84.15,0.15,7,2,0,0,1,3,1,3,1
8,12.9,0.0,1,1,0,0,4,3,1,1,0
8,2799.0,0.0,6,3,0,0,0,2,3,3,0
7,89.0,0.0,11,1,0,0,1,1,0,1,1
2,46.55,0.05,9,1,0,0,0,0,1,2,0
6,319.2,0.2,6,1,0,0,1,4,2,3,1
6,399.0,0.0,8,0,0,0,2,4,2,3,1
7,84.55,0.05,11,4,0,1,2,4,0,1,1
7,899.0,0.0,10,4,0,1,0,1,0,2,0
1,4399.2,0.2,8,5,0,1,0,5,0,3,0
1,265.05,0.05,4,6,0,0,1,1,2,0,1
4,89.1,0.1,9,1,0,0,2,3,2,2,0
2,4399.2,0.2,11,2,0,0,0,2,0,1,0
2,339.15,0.15,6,5,0,1,2,1,2,3,0
3,149.0,0.0,10,4,0,1,0,4,3,2,0
3,36.95,0.05,9,6,0,0,4,0,2,2,0
7,11.61,0.1,2,6,0,0,4,4,3,1,0
5,38.9,0.0,5,4,0,1,4,0,3,0,0
3,699.0,0.0,7,5,0,1,0,0,0,3,0
8,89.0,0.0,1,6,0,0,1,1,2,1,1
6,199.0,0.0,7,1,0,0,1,4,1,3,1
3,12.9,0.0,8,2,0,0,4,1,2,3,0
5,29.9,0.0,1,1,0,0,3,3,0,1,1
1,80.1,0.1,2,0,0,0,0,5,2,1,0
6,149.0,0.0,1,3,0,0,2,1,2,1,1
3,69.0,0.0,8,3,0,0,3,4,0,3,1
6,65.55,0.05,5,0,0,0,1,1,3,0,1
1,11.9,0.0,8,0,0,0,4,0,4,3,0
1,31.2,0.2,7,6,0,0,1,4,0,3,1
2,29.0,0.0,1,2,0,0,2,0,0,1,1
4,49.0,0.0,2,0,0,0,2,0,3,1,1
5,11.21,0.0,3,3,1,0,4,1,3,0,0
3,89.0,0.0,3,1,0,0,1,1,2,0,1
3,39.0,0.0,4,0,0,0,1,4,3,0,1
2,2499.0,0.0,9,4,0,1,0,5,2,2,0
5,67.15,0.15,12,2,0,0,1,2,0,1,1
5,38.9,0.0,8,6,0,0,4,5,1,3,0
7,21.16,0.15,6,4,0,1,3,2,2,3,1
4,49.0,0.0,6,0,0,0,3,1,4,3,1
4,339.15,0.15,7,2,0,0,2,2,2,3,0
3,94.05,0.05,6,4,0,1,2,4,1,3,1
3,37.4,0.15,1,5,0,1,3,4,2,1,1
4,5499.0,0.0,8,1,0,0,0,3,2,3,0
7,1299.0,0.0,10,4,0,1,0,0,2,2,0
2,10.32,0.2,1,1,0,0,2,5,3,1,0
2,7.5,0.0,1,4,0,1,4,1,0,1,0
6,5.52,0.2,10,3,0,0,4,2,0,2,0
3,49.0,0.0,6,4,0,1,2,4,2,3,1
1,71.2,0.2,5,0,0,0,1,2,2,0,1
4,59.0,0.0,8,3,0,0,2,2,2,3,1
5,299.0,0.0,4,0,0,0,0,0,1,0,0
2,7.9,0.0,2,1,0,0,4,1,0,1,0
2,5.9,0.0,7,3,0,0,4,3,2,3,0
7,62.1,0.1,6,3,0,0,3,5,4,3,1
5,116.1,0.1,11,4,0,1,2,4,3,1,0
6,279.0,0.0,8,4,0,1,1,5,1,3,1
3,5224.05,0.05,6,0,0,0,0,5,0,3,0
7,3.82,0.15,7,2,0,0,4,0,0,3,0
7,149.0,0.0,7,1,0,0,1,5,2,3,1
6,598.5,0.0,10,0,1,0,2,0,3,2,0
8,39.6,0.1,5,4,0,1,3,0,1,0,1
4,37.4,0.15,4,0,0,0,3,5,1,0,1
6,6.75,0.1,6,1,0,0,4,3,2,3,0
3,52.9,0.0,8,2,0,0,4,5,2,3,0
4,59.0,0.0,7,2,0,0,2,2,2,3,1
1,1104.15,0.15,10,0,0,0,0,1,2,2,0
2,12.25,0.05,5,6,0,0,4,5,1,0,0
4,149.0,0.0,11,6,0,0,1,4,2,1,1
3,4674.15,0.15,1,2,0,0,0,0,3,1,0
6,379.05,0.05,12,0,0,0,2,3,0,1,0
1,1349.1,0.1,1,4,0,1,0,5,2,1,0
8,10.71,0.1,12,3,0,0,4,4,3,1,0
4,14.15,0.05,6,1,0,0,3,2,4,3,1
4,37.05,0.05,11,4,0,1,3,5,2,1,1
2,119.2,0.2,4,0,0,0,0,0,2,0,0
7,2799.0,0.0,4,1,0,0,0,0,4,0,0
6,24.9,0.0,7,4,0,1,4,5,2,3,0
4,13.41,0.1,8,6,0,0,3,4,2,3,1
1,8.91,0.1,3,1,0,0,4,3,2,0,0
1,199.0,0.0,9,1,0,0,1,5,2,2,1
6,899.0,0.0,8,2,0,0,0,2,1,3,0
3,24.9,0.0,7,1,0,0,3,0,1,3,1
3,33.06,0.15,2,3,0,0,4,2,3,1,0
4,6.32,0.2,8,1,0,0,4,1,2,3,0
6,212.32,0.05,10,6,1,0,0,1,0,2,0
1,129.03,0.15,9,0,1,0,1,3,1,2,1
8,18.9,0.0,3,0,0,0,3,4,2,0,1
2,14.15,0.05,1,0,0,0,3,3,2,1,1
6,2799.0,0.0,10,3,0,0,0,3,2,2,0
3,279.0,0.0,8,3,0,0,1,0,2,3,1
3,415.91,0.05,9,3,1,0,1,3,2,2,1
7,71.1,0.1,1,0,0,0,1,2,3,1,1
1,8.42,0.15,7,2,0,0,4,1,2,3,0
5,7.12,0.05,5,2,0,0,4,2,0,0,0
8,12.66,0.15,11,0,0,0,4,0,3,1,0
2,49.0,0.0,7,0,0,0,2,0,1,3,1
7,12.9,0.0,1,3,0,0,2,5,0,1,1
8,39.0,0.0,5,4,0,1,3,3,1,0,1
3,41.65,0.15,7,1,0,0,3,5,3,3,1
1,4.72,0.2,3,1,0,0,4,2,1,0,0
4,47.2,0.2,1,3,0,0,2,0,0,1,0
3,149.0,0.0,2,2,0,0,2,1,0,1,1
8,79.2,0.2,10,1,0,0,2,3,2,2,1
2,141.55,0.05,5,3,0,0,1,4,3,0,1
8,854.05,0.05,12,5,0,1,0,4,2,1,0
4,39.0,0.0,11,5,0,1,3,3,1,1,1
8,99.0,0.0,10,0,0,0,1,1,1,2,1
1,27.55,0.05,10,5,0,1,2,1,2,2,0
4,16.06,0.15,9,3,0,0,3,0,0,2,1
7,89.0,0.0,1,4,0,1,3,1,1,1,1
6,14.9,0.0,12,3,0,0,3,4,2,1,1
8,21.16,0.15,9,0,0,0,3,3,4,2,1
7,44.1,0.1,7,0,0,0,1,0,1,3,1
3,35.1,0.1,11,6,0,0,2,4,2,1,0
7,24.65,0.15,11,2,0,0,2,0,3,1,1
2,5.87,0.15,8,4,0,1,4,2,0,3,0
2,5.87,0.15,2,3,0,0,4,0,3,1,0
7,14.9,0.0,6,4,0,1,4,2,3,3,0
4,31.2,0.2,4,6,0,0,3,0,0,0,1
7,399.0,0.0,8,0,0,0,2,3,2,3,0
5,19.9,0.0,2,2,0,0,3,4,0,1,1
1,7.9,0.0,4,0,0,0,4,4,0,0,0
3,17.91,0.1,11,4,0,1,3,3,0,1,1
7,103.2,0.2,5,3,0,0,2,2,2,0,0
3,1234.05,0.05,4,5,0,1,0,0,3,0,0
7,71.2,0.2,6,4,0,1,0,5,2,3,0
1,3799.05,0.05,6,5,0,1,0,3,2,3,0
2,1349.1,0.1,1,0,0,0,0,2,0,1,0
6,1299.0,0.0,2,4,0,1,0,1,2,1,0
7,71.2,0.2,3,4,0,1,3,4,2,0,1
1,84.15,0.15,6,6,0,0,1,5,0,3,1
3,18.9,0.0,7,6,0,0,3,0,2,3,1
6,10.32,0.2,6,2,0,0,4,4,4,3,0
2,94.05,0.05,3,3,0,0,2,5,1,0,0
8,31.2,0.2,6,0,0,0,2,1,2,3,1
6,18.9,0.0,1,4,0,1,3,4,4,1,1
5,18.9,0.0,9,2,0,0,3,2,3,2,1
3,24.9,0.0,1,0,0,0,3,5,3,1,1
4,38.9,0.0,1,3,0,0,4,4,2,1,0
5,141.55,0.05,9,4,0,1,1,5,2,2,1
2,809.1,0.1,3,5,0,1,0,4,2,0,0
7,35.1,0.1,10,6,0,0,2,4,2,2,1
7,23.65,0.05,7,1,0,0,3,3,4,3,1
3,199.0,0.0,2,1,0,0,1,3,3,1,1
6,27.55,0.05,11,2,0,0,2,2,2,1,1
6,399.0,0.0,3,3,0,0,1,4,2,0,1
6,79.0,0.0,5,6,0,0,1,1,2,0,1
4,14.15,0.05,1,3,0,0,4,1,1,1,0
4,26.1,0.1,10,5,0,1,2,5,3,2,1
2,134.1,0.1,3,2,0,0,1,2,2,0,1
4,79.0,0.0,5,0,0,0,1,0,0,0,1
2,379.05,0.05,10,1,0,0,1,5,3,2,1
5,14.9,0.0,2,6,0,0,3,5,2,1,1
1,14.9,0.0,4,3,0,0,3,2,2,0,1
6,113.05,0.05,8,1,0,0,1,0,2,3,1
7,89.0,0.0,6,0,0,0,2,3,3,3,0
2,24.9,0.0,7,4,0,1,4,1,3,3,0
7,2799.0,0.0,4,1,0,0,0,5,2,0,0
1,89.0,0.0,12,3,0,0,1,4,2,1,1
6,169.15,0.15,3,2,0,0,1,5,2,0,1
3,39.0,0.0,12,3,0,0,3,4,4,1,1
2,359.1,0.1,10,0,0,0,2,2,0,2,1
6,31.2,0.2,12,0,0,0,2,2,2,1,1
2,49.0,0.0,9,6,0,0,1,5,2,2,1
4,2184.05,0.05,3,6,0,0,0,1,2,0,0
8,16.91,0.15,8,2,0,0,3,4,1,3,1
8,719.2,0.2,11,5,0,1,0,4,2,1,0
7,2799.0,0.0,11,6,0,0,0,0,2,1,0
2,12.66,0.15,9,4,0,1,4,2,4,2,0
1,379.05,0.05,8,6,0,0,2,5,2,3,1
2,39.0,0.0,12,0,0,0,1,3,3,1,1
6,49.0,0.0,6,6,0,0,2,4,2,3,1
5,12.9,0.0,7,2,0,0,2,1,2,3,0
8,134.1,0.1,4,3,0,0,1,2,2,0,1
2,7.9,0.0,6,3,0,0,4,1,2,3,0
2,26.91,0.1,8,2,0,0,3,5,2,3,0
7,49.0,0.0,7,1,0,0,3,4,2,3,1
3,319.2,0.2,3,0,0,0,1,1,0,0,1
1,69.0,0.0,2,1,0,0,1,1,1,1,1
5,35.2,0.2,1,6,0,0,3,1,3,1,0
6,7.12,0.05,5,3,0,0,4,3,2,0,0
1,39.0,0.0,10,1,0,0,2,1,2,2,0
6,1424.05,0.05,6,6,0,0,0,5,4,3,0
1,134.1,0.1,1,0,0,0,2,4,3,1,0
2,2999.0,0.0,8,5,0,1,0,2,3,3,0
8,69.0,0.0,11,6,0,0,1,0,3,1,1
6,44.1,0.1,1,2,0,0,1,5,3,1,1
7,15.12,0.2,9,2,0,0,3,3,2,2,1
4,359.1,0.1,3,1,0,0,1,4,0,0,1
3,69.0,0.0,2,1,0,0,1,5,0,1,1
4,149.0,0.0,12,5,0,1,2,2,1,1,0
8,13.41,0.1,12,6,0,0,3,3,0,1,1
3,6.55,0.05,12,1,0,0,4,5,2,1,0
8,49.0,0.0,11,4,0,1,3,3,3,1,1
4,7.9,0.0,5,4,0,1,4,3,0,0,0
5,99.0,0.0,9,1,0,0,1,0,2,2,1
5,69.0,0.0,12,1,0,0,3,3,4,1,1
1,36.95,0.05,2,1,0,0,4,2,1,1,0
2,39.0,0.0,12,3,0,0,2,1,2,1,0
6,39.2,0.2,9,0,0,0,0,3,3,2,0
4,89.0,0.0,10,3,0,0,1,4,0,2,1
3,41.8,0.05,9,6,0,0,3,3,2,2,1
6,39.6,0.1,6,3,0,0,3,4,2,3,1
7,37.05,0.05,1,2,0,0,2,3,3,1,0
5,7.12,0.2,2,5,0,1,4,0,2,1,0
5,129.0,0.0,5,4,0,1,1,2,3,0,1
8,5.52,0.2,3,4,0,1,4,0,2,0,0
2,159.2,0.2,4,4,0,1,1,5,2,0,1
1,10.96,0.15,11,4,0,1,4,5,4,1,0
4,33.15,0.15,2,4,0,1,3,4,3,1,1
4,199.0,0.0,11,6,0,0,1,1,2,1,1
2,24.9,0.0,5,2,0,0,3,4,2,0,1
7,5.9,0.0,2,3,0,0,4,0,2,1,0
5,47.2,0.2,9,2,0,0,2,0,2,2,0
3,12.66,0.15,6,1,0,0,3,1,4,3,1
4,2374.05,0.05,2,0,0,0,0,4,2,1,0
6,5.02,0.15,9,1,0,0,4,3,2,2,0
7,11.9,0.0,7,1,0,0,4,0,1,3,0
1,5.31,0.1,2,6,0,0,4,0,2,1,0
6,39.0,0.0,9,2,0,0,3,1,2,2,1
3,89.0,0.0,8,4,0,1,2,1,4,3,0
7,269.1,0.1,10,1,0,0,0,2,4,2,0
6,284.05,0.05,5,0,0,0,0,1,2,0,0
8,379.05,0.05,10,4,0,1,1,1,2,2,1
6,26.91,0.1,1,3,0,0,3,1,3,1,1
1,119.2,0.2,12,3,0,0,2,2,3,1,1
8,6.9,0.0,11,1,0,0,4,5,2,1,0
7,3199.2,0.2,4,3,0,0,0,1,0,0,0
2,5.9,0.0,5,4,0,1,4,5,4,0,0
6,18.9,0.0,5,0,0,0,3,3,3,0,1
5,65.55,0.05,7,1,0,0,3,4,1,3,1
4,1299.0,0.0,4,4,0,1,0,1,2,0,0
7,2519.1,0.1,7,6,0,0,0,5,2,3,0
6,49.0,0.0,12,1,0,0,0,4,3,1,0
7,319.2,0.2,10,0,0,0,2,5,0,2,0
2,49.0,0.0,5,3,0,0,0,5,3,0,0
4,23.92,0.2,10,4,0,1,3,5,2,2,1
3,89.0,0.0,8,3,0,0,2,3,4,3,1
5,141.55,0.05,6,4,0,1,0,2,3,3,0
5,5.02,0.15,4,2,0,0,4,1,3,0,0
6,71.2,0.2,3,3,0,0,2,3,2,0,1
1,14.9,0.0,5,0,0,0,3,4,2,0,1
2,14.15,0.05,10,0,0,0,3,2,2,2,1
1,399.0,0.0,6,2,0,0,2,2,4,3,0
8,899.0,0.0,3,0,0,0,0,2,3,0,0
7,13.62,0.15,4,2,1,0,4,5,2,0,0
3,11.3,0.05,2,0,0,0,4,0,3,1,0
6,7.9,0.0,5,4,0,1,4,4,3,0,0
2,6.75,0.1,2,2,0,0,4,0,1,1,0
4,15.12,0.2,1,4,0,1,3,0,2,1,1
5,2799.0,0.0,4,2,0,0,0,5,2,0,0
7,664.05,0.05,10,4,0,1,0,2,1,2,0
4,23.65,0.05,9,3,0,0,4,5,0,2,0
5,119.2,0.2,1,1,0,0,2,4,4,1,0
2,149.0,0.0,5,1,0,0,1,3,3,0,1
2,49.0,0.0,12,0,0,0,3,0,4,1,0
2,89.0,0.0,10,5,0,1,1,4,3,2,1
1,12.25,0.05,10,1,0,0,2,4,2,2,1
2,49.0,0.0,3,4,0,1,3,3,2,0,1
7,12.25,0.05,7,2,0,0,2,2,4,3,1
7,2519.1,0.1,6,4,0,1,0,4,2,3,0
1,5.31,0.1,4,0,0,0,4,3,0,0,0
6,58.65,0.15,11,0,0,0,3,3,4,1,1
7,3.82,0.15,6,4,0,1,4,0,4,3,0
5,29.0,0.0,8,5,0,1,2,0,3,3,1
5,2399.2,0.2,2,1,0,0,0,1,3,1,0
7,19.9,0.0,7,6,0,0,3,4,2,3,1
2,89.0,0.0,7,6,0,0,1,3,1,3,1
1,2184.05,0.05,10,4,0,1,0,3,4,2,0
4,265.05,0.05,1,2,0,0,1,5,3,1,1
8,29.9,0.0,6,6,0,0,3,2,2,3,1
4,339.15,0.15,6,1,0,0,1,3,0,3,1
8,14.42,0.1,4,1,1,0,4,5,2,0,0
5,1499.0,0.0,10,3,0,0,0,2,2,2,0
4,24.9,0.0,2,3,0,0,3,3,0,1,1
2,69.0,0.0,8,4,0,1,2,2,2,3,0
7,399.0,0.0,2,2,0,0,1,2,1,1,1
7,16.91,0.15,10,4,0,1,3,3,2,2,1
6,18.9,0.0,2,2,0,0,3,3,3,1,1
4,3.6,0.2,8,5,0,1,4,2,4,3,0
1,75.65,0.15,11,2,0,0,1,2,0,1,1
7,6.21,0.1,11,4,0,1,4,1,1,1,0
8,5.9,0.0,9,1,0,0,4,2,4,2,0
4,71.2,0.2,7,3,0,0,1,2,2,3,1
4,37.05,0.05,1,4,0,1,1,0,2,1,1
2,149.0,0.0,4,4,0,1,1,5,1,0,1
3,11.61,0.1,9,2,0,0,2,4,3,2,1
5,71.2,0.2,5,2,0,0,3,0,0,0,1
7,11.61,0.1,8,4,0,1,4,3,1,3,0
1,5499.0,0.0,10,0,0,0,0,0,3,2,0
2,44.0,0.0,9,0,0,0,3,3,1,2,1
2,7.9,0.0,3,4,0,1,4,0,4,0,0
3,37.05,0.05,11,2,0,0,2,2,4,1,1
2,44.96,0.15,5,2,0,0,4,3,0,0,0
8,169.15,0.15,4,6,0,0,1,1,2,0,1
2,2499.0,0.0,6,1,0,0,0,0,2,3,0
6,189.05,0.05,1,6,0,0,1,2,3,1,1
4,29.9,0.0,12,2,0,0,3,1,3,1,1
6,46.55,0.05,10,0,0,0,3,5,1,2,1
4,1424.05,0.05,10,6,0,0,0,4,0,2,0
6,29.9,0.0,11,4,0,1,3,2,2,1,1
4,199.0,0.0,12,1,0,0,1,3,2,1,1
5,18.9,0.0,8,0,0,0,3,3,4,3,1
4,6.9,0.0,11,3,0,0,4,4,0,1,0
7,75.65,0.15,9,4,0,1,1,5,4,2,1
2,84.55,0.05,6,6,0,0,2,4,3,3,1
2,14.9,0.0,6,1,0,0,4,3,3,3,0
2,101.15,0.15,11,2,0,0,1,2,2,1,1
6,12.9,0.0,10,5,0,1,4,0,2,2,0
7,6.0,0.2,3,0,0,0,4,1,0,0,0
8,319.2,0.2,3,0,0,0,1,4,0,0,1
2,134.1,0.1,1,3,0,0,1,0,0,1,1
4,5.87,0.15,3,2,0,0,4,0,2,0,0
6,84.55,0.05,6,4,0,1,3,0,3,3,1
8,84.55,0.05,12,6,0,0,1,4,0,1,1
2,49.0,0.0,3,3,0,0,3,3,3,0,1
4,33.15,0.15,8,4,0,1,2,3,4,3,0
2,29.0,0.0,5,0,0,0,2,4,2,0,0
7,339.15,0.15,3,1,0,0,2,4,0,0,1
7,89.0,0.0,4,2,0,0,1,3,2,0,1
8,189.05,0.05,10,1,0,0,1,1,2,2,1
4,279.0,0.0,3,2,0,0,1,5,2,0,1
3,116.1,0.1,4,0,0,0,2,0,2,0,1
6,9.9,0.0,2,0,0,0,4,1,0,1,0
6,69.0,0.0,2,3,0,0,2,5,0,1,1
4,49.0,0.0,5,1,0,0,3,5,0,0,1
6,699.0,0.0,3,3,0,0,0,1,4,0,0
1,3199.2,0.2,4,4,0,1,0,2,2,0,0
5,14.9,0.0,3,0,0,0,4,0,0,0,0
2,2239.2,0.2,4,0,0,0,0,1,0,0,0
2,699.0,0.0,2,1,0,0,0,0,0,1,0
3,149.0,0.0,10,2,0,0,2,1,0,2,1
1,119.0,0.0,3,1,0,0,1,2,2,0,1
8,23.65,0.05,7,6,0,0,4,4,3,3,0
5,1234.05,0.05,8,6,0,0,0,5,1,3,0
1,46.55,0.05,8,6,0,0,3,1,4,3,1
1,7.5,0.05,3,6,0,0,4,2,1,0,0
5,89.0,0.0,4,4,0,1,2,3,3,0,0
8,62.1,0.1,10,5,0,1,3,5,2,2,1
8,172.5,0.0,4,4,1,1,3,0,3,0,1
6,126.65,0.15,4,1,0,0,1,1,2,0,1
8,208.98,0.1,4,4,1,1,1,5,4,0,1
8,809.1,0.1,10,6,0,0,0,1,1,2,0
3,79.2,0.2,6,3,0,0,2,5,4,3,1
8,6.0,0.2,1,4,0,1,4,2,2,1,0
8,129.0,0.0,8,6,0,0,2,0,2,3,1
5,169.15,0.15,5,0,0,0,1,5,1,0,1
3,14.9,0.0,7,0,0,0,3,3,3,3,1
6,134.1,0.1,8,4,0,1,0,1,3,3,0
3,299.0,0.0,5,1,0,0,0,0,3,0,0
3,52.9,0.0,12,0,0,0,4,0,0,1,0
2,134.1,0.1,8,2,0,0,1,5,2,3,1
3,5.9,0.0,7,6,0,0,4,5,1,3,0
1,299.0,0.0,12,1,0,0,0,2,0,1,0
7,19.9,0.0,7,0,0,0,3,0,2,3,1
4,1499.0,0.0,2,6,0,0,0,2,2,1,0
7,8.9,0.0,1,6,0,0,4,2,2,1,0
1,47.2,0.2,7,5,0,1,2,2,0,3,1
3,65.55,0.05,4,3,0,0,3,5,2,0,1
8,399.0,0.0,4,6,0,0,2,2,2,0,1
7,39.2,0.2,9,1,0,0,0,5,3,2,0
6,44.1,0.1,2,3,0,0,1,0,0,1,1
5,2124.15,0.15,6,4,0,1,0,2,4,3,0
5,41.65,0.15,10,3,0,0,3,0,4,2,1
6,119.2,0.2,9,6,0,0,1,0,3,2,1
4,379.05,0.05,8,0,0,0,1,1,0,3,1
6,13.41,0.1,2,1,0,0,4,1,2,1,0
1,44.1,0.1,9,3,0,0,1,5,1,2,1
1,169.15,0.15,7,4,0,1,1,1,2,3,1
8,27.55,0.05,4,3,0,0,2,5,3,0,1
6,18.9,0.0,12,3,0,0,3,1,3,1,1
7,2399.2,0.2,11,3,0,0,0,1,0,1,0
5,31.12,0.2,9,4,0,1,4,0,2,2,0
6,21.16,0.15,2,3,0,0,4,2,0,1,0
7,84.55,0.05,12,1,0,0,1,2,4,1,1
5,89.0,0.0,5,4,0,1,3,4,2,0,1
7,89.0,0.0,12,1,0,0,1,5,3,1,1
6,28.4,0.05,1,4,0,1,3,3,2,1,1
3,5.87,0.15,6,6,0,0,4,0,3,3,0
1,18.9,0.0,6,6,0,0,3,3,2,3,0
4,254.15,0.15,2,2,0,0,0,5,3,1,0
5,89.0,0.0,9,3,0,0,2,5,2,2,0
3,1118.4,0.0,10,0,1,0,0,4,1,2,0
6,179.1,0.1,6,4,0,1,1,0,0,3,1
3,44.0,0.0,1,0,0,0,3,1,1,1,1
7,89.0,0.0,2,3,0,0,3,2,2,1,1
4,29.9,0.0,8,1,0,0,3,3,2,3,1
3,8.12,0.05,3,3,1,0,4,3,3,0,0
7,41.65,0.15,10,4,0,1,1,2,3,2,1
1,14.9,0.0,3,4,0,1,4,1,1,0,0
6,99.0,0.0,5,0,0,0,1,3,3,0,1
8,2519.1,0.1,11,2,0,0,0,2,3,1,0
6,359.1,0.1,6,6,0,0,2,0,0,3,1
4,71.2,0.2,11,3,0,0,2,1,3,1,1
7,26.1,0.1,11,0,0,0,2,0,2,1,0
4,269.1,0.1,2,0,0,0,0,2,2,1,0
5,79.2,0.2,10,3,0,0,1,1,2,2,1
8,12.9,0.0,10,0,0,0,2,3,0,2,0
3,79.0,0.0,10,6,0,0,1,4,2,2,1
6,2499.0,0.0,2,1,0,0,0,5,1,1,0
7,5.87,0.15,9,2,0,0,4,3,2,2,0
4,319.2,0.2,3,6,0,0,2,0,4,0,1
2,49.0,0.0,11,2,0,0,2,3,4,1,1
3,15.12,0.2,9,4,0,1,3,1,0,2,1
7,89.0,0.0,4,3,0,0,1,3,1,0,1
5,3799.05,0.05,4,0,0,0,0,0,2,0,0
5,2799.0,0.0,7,6,0,0,0,0,1,3,0
3,52.9,0.0,3,6,0,0,4,0,0,0,0
6,6.71,0.15,3,1,0,0,4,2,0,0,0
3,13.41,0.1,7,2,0,0,4,0,0,3,0
7,94.05,0.05,11,0,0,0,2,1,1,1,1
8,35.1,0.1,4,4,0,1,1,0,2,0,1
7,1039.2,0.2,11,5,0,1,0,5,1,1,0
4,62.1,0.1,6,0,0,0,1,5,2,3,1
6,11.9,0.0,8,4,0,1,4,5,2,3,0
3,5.9,0.0,11,3,0,0,4,3,0,1,0
1,134.1,0.1,1,0,0,0,2,5,1,1,0
7,9.9,0.0,8,2,0,0,4,1,1,3,0
3,13.62,0.15,12,6,1,0,4,2,2,1,0
4,223.2,0.2,10,0,0,0,1,3,1,2,1
6,12.9,0.0,12,6,0,0,4,0,3,1,0
2,6.9,0.0,10,4,0,1,4,1,3,2,0
5,7.57,0.15,9,0,0,0,4,0,1,2,0
5,8.9,0.0,6,6,0,0,4,0,4,3,0
8,24.9,0.0,11,0,0,0,4,4,3,1,0
1,269.1,0.1,6,3,0,0,0,1,2,3,0
7,79.0,0.0,3,2,0,0,1,4,4,0,1
8,809.1,0.1,2,1,0,0,0,0,0,1,0
5,316.62,0.15,4,3,1,0,1,1,2,0,1
7,14.15,0.05,8,3,0,0,3,0,3,3,1
3,113.05,0.05,1,2,0,0,1,3,1,1,1
7,2299.0,0.0,10,4,0,1,0,2,2,2,0
4,25.41,0.15,6,4,0,1,3,0,0,3,1
8,119.0,0.0,12,4,0,1,1,3,1,1,1
7,46.55,0.05,11,2,0,0,0,2,3,1,0
7,35.1,0.1,2,3,0,0,3,3,0,1,1
4,12.9,0.0,9,1,0,0,4,2,1,2,0
7,2249.1,0.1,8,0,0,0,0,3,3,3,0
6,39.2,0.2,4,1,0,0,2,4,1,0,1
7,149.0,0.0,1,6,0,0,1,5,0,1,1
3,379.05,0.05,4,6,0,0,1,0,3,0,1
3,237.15,0.15,8,0,0,0,1,2,2,3,1
4,33.15,0.15,7,3,0,0,2,2,1,3,1
2,134.1,0.1,3,1,0,0,0,4,3,0,0
8,58.65,0.15,4,2,0,0,3,3,2,0,1
4,35.2,0.2,7,2,0,0,3,5,1,3,1
4,5499.0,0.0,11,6,0,0,0,3,3,1,0
8,8.46,0.05,9,3,0,0,4,5,2,2,0
8,53.1,0.1,5,2,0,0,2,2,0,0,0
8,126.65,0.15,8,1,0,0,1,2,0,3,1
7,10.32,0.2,5,1,0,0,4,1,2,0,0
2,10.12,0.15,11,5,0,1,4,0,4,1,0
1,399.0,0.0,12,6,0,0,2,5,0,1,0
8,50.25,0.05,3,1,0,0,4,1,4,0,0
3,89.0,0.0,9,0,0,0,1,4,2,2,1
4,5499.0,0.0,4,3,0,0,0,3,0,0,0
8,5.52,0.2,7,0,0,0,4,1,1,3,0
8,49.0,0.0,5,2,0,0,1,3,0,0,1
1,11.92,0.2,7,3,0,0,3,3,0,3,1
6,89.1,0.1,10,4,0,1,1,2,2,2,1
8,16.91,0.15,9,3,0,0,3,4,0,2,0
5,1999.2,0.2,8,6,0,0,0,1,2,3,0
5,3999.0,0.0,2,0,0,0,0,1,2,1,0
3,49.0,0.0,1,1,0,0,3,3,2,1,1
7,55.2,0.2,11,2,0,0,1,2,3,1,1
8,37.05,0.05,9,4,0,1,3,4,0,2,1
4,89.0,0.0,1,6,0,0,1,5,0,1,1
6,7.5,0.05,11,4,0,1,4,2,2,1,0
4,10.96,0.15,7,0,0,0,4,1,3,3,0
2,6.9,0.0,2,6,0,0,4,1,1,1,0
8,17.01,0.1,11,1,0,0,3,3,2,1,1
4,129.0,0.0,12,4,0,1,1,4,2,1,1
5,14.9,0.0,7,1,0,0,3,5,2,3,1
1,49.0,0.0,1,2,0,0,0,5,0,1,0
2,79.38,0.1,4,2,1,0,3,2,2,0,1
2,14.15,0.05,4,4,0,1,4,1,1,0,0
4,8.91,0.1,6,0,0,0,4,4,3,3,0
2,5.02,0.15,9,1,0,0,4,2,2,2,0
8,149.0,0.0,6,1,0,0,0,1,0,3,0
3,19.9,0.0,5,2,0,0,3,0,0,0,1
4,119.0,0.0,11,0,0,0,1,2,3,1,1
8,14.9,0.0,7,1,0,0,3,2,0,3,1
8,69.0,0.0,1,0,0,0,1,5,3,1,1
6,169.15,0.15,1,0,0,0,1,0,2,1,1
3,89.0,0.0,12,6,0,0,1,5,3,1,1
3,2499.0,0.0,11,3,0,0,0,0,2,1,0
5,84.55,0.05,11,5,0,1,2,2,0,1,1
6,39.2,0.2,9,3,0,0,1,4,1,2,1
7,49.0,0.0,10,6,0,0,2,3,3,2,0
5,89.0,0.0,4,6,0,0,1,0,2,0,1
1,119.0,0.0,2,6,0,0,1,1,2,1,1
8,1999.2,0.2,10,0,0,0,0,2,3,2,0
5,11.61,0.1,8,1,0,0,2,1,2,3,0
5,13.41,0.1,2,3,0,0,4,5,2,1,0
7,2239.2,0.2,8,6,0,0,0,0,2,3,0
4,13.41,0.1,11,0,0,0,3,4,4,1,1
5,134.1,0.1,6,3,0,0,1,4,3,3,1
6,6.0,0.2,12,0,0,0,4,3,4,1,0
1,899.0,0.0,8,3,0,0,0,3,1,3,0
1,31.2,0.2,9,4,0,1,2,0,0,2,1
7,39.0,0.0,12,2,0,0,1,2,2,1,1
6,41.65,0.15,10,1,0,0,3,3,4,2,1
2,22.41,0.1,5,2,0,0,3,5,0,0,1
4,4.72,0.2,11,0,0,0,4,2,0,1,0
8,126.65,0.15,5,0,0,0,2,1,0,0,0
6,8.46,0.05,11,1,0,0,4,3,0,1,0
5,99.0,0.0,12,0,0,0,2,1,0,1,0
6,629.1,0.1,4,4,0,1,0,0,1,0,0
3,49.0,0.0,7,4,0,1,0,1,0,3,0
1,3199.2,0.2,10,0,0,0,0,3,2,2,0
4,44.96,0.15,9,6,0,0,4,3,3,2,0
1,5499.0,0.0,12,3,0,0,0,3,1,1,0
4,6.55,0.05,6,2,0,0,4,0,2,3,0
7,53.1,0.1,4,0,0,0,2,0,3,0,0
4,18.9,0.0,9,1,0,0,3,4,2,2,1
2,47.2,0.2,1,3,0,0,2,3,0,1,1
8,89.0,0.0,11,0,0,0,1,0,1,1,1
2,113.05,0.05,5,4,0,1,1,5,1,0,1
7,12.25,0.05,9,4,0,1,4,1,2,2,0
4,99.0,0.0,2,2,0,0,1,1,2,1,1
8,1999.2,0.2,1,2,0,0,0,2,2,1,0
7,719.2,0.2,3,0,0,0,0,2,2,0,0
3,699.0,0.0,12,5,0,1,0,1,2,1,0
6,149.0,0.0,10,1,0,0,2,3,2,2,0
3,65.55,0.05,2,1,0,0,2,5,1,1,0
2,172.5,0.0,4,2,1,0,3,0,3,0,1
8,12.25,0.05,12,5,0,1,4,0,2,1,0
8,52.9,0.0,6,3,0,0,4,2,2,3,0
2,14.15,0.05,9,1,0,0,3,1,1,2,1
3,2399.2,0.2,10,6,0,0,0,2,0,2,0
7,7.9,0.0,10,3,0,0,4,1,2,2,0
5,129.0,0.0,8,3,0,0,1,4,2,3,1
6,28.4,0.05,8,6,0,0,3,2,0,3,1
7,21.16,0.15,2,2,0,0,3,4,0,1,1
7,7.5,0.0,1,0,0,0,4,4,2,1,0
7,84.55,0.05,1,0,0,0,2,0,3,1,1
2,58.65,0.15,3,3,0,0,1,2,3,0,1
5,79.0,0.0,7,3,0,0,1,2,0,3,1
6,121.44,0.2,9,2,1,0,2,2,0,2,1
1,251.1,0.1,11,4,0,1,1,5,2,1,1
5,149.0,0.0,9,4,0,1,2,4,2,2,0
3,84.55,0.05,12,2,0,0,2,0,2,1,1
6,3599.1,0.1,11,1,0,0,0,4,2,1,0
6,22.41,0.1,11,0,0,0,3,2,3,1,1
2,594.15,0.15,4,0,0,0,0,2,0,0,0
3,80.1,0.1,12,1,0,0,3,1,0,1,1
7,141.55,0.05,5,5,0,1,2,5,2,0,1
5,84.15,0.15,8,4,0,1,1,4,1,3,1
7,18.9,0.0,10,6,0,0,3,1,2,2,1
7,122.55,0.05,11,4,0,1,2,4,0,1,0
3,14.15,0.05,2,2,0,0,4,3,2,1,0
1,764.15,0.15,11,0,0,0,0,0,2,1,0
8,24.9,0.0,8,0,0,0,3,3,3,3,1
2,31.2,0.2,6,6,0,0,3,5,2,3,1
2,10.12,0.15,12,4,0,1,4,3,4,1,0
4,2069.1,0.1,8,1,0,0,0,2,1,3,0
8,23.92,0.2,7,6,0,0,3,1,2,3,1
5,24.9,0.0,6,1,0,0,4,5,1,3,0
1,79.0,0.0,11,2,0,0,1,0,1,1,1
8,80.1,0.1,10,3,0,0,2,2,2,2,0
2,62.1,0.1,2,4,0,1,2,2,3,1,0
7,11.92,0.2,7,3,0,0,4,5,3,3,0
8,19.92,0.2,3,6,0,0,4,1,0,0,0
7,5.87,0.15,8,3,0,0,4,2,3,3,0
6,1499.0,0.0,2,1,0,0,0,2,2,1,0
5,14.9,0.0,8,1,0,0,4,0,4,3,0
6,379.05,0.05,12,2,0,0,1,4,1,1,1
6,126.65,0.15,6,4,0,1,0,4,0,3,0
6,2799.0,0.0,4,0,0,0,0,3,0,0,0
7,14.22,0.0,4,2,1,0,4,3,1,0,0
8,399.0,0.0,10,1,0,0,2,4,0,2,1
6,149.0,0.0,11,2,0,0,1,0,0,1,1
5,119.2,0.2,8,2,0,0,1,2,2,3,1
7,10.32,0.2,6,6,0,0,4,5,2,3,0
2,319.2,0.2,11,1,0,0,2,3,3,1,1
8,31.12,0.2,8,4,0,1,4,2,3,3,0
8,699.0,0.0,3,4,0,1,0,2,2,0,0
8,119.2,0.2,3,6,0,0,1,5,2,0,1
3,39.2,0.2,6,0,0,0,3,2,1,3,1
5,37.4,0.15,11,3,0,0,3,0,3,1,1
4,149.0,0.0,1,1,0,0,2,3,0,1,1
4,239.2,0.2,1,1,0,0,0,1,2,1,0
2,39.2,0.2,9,2,0,0,2,2,2,2,0
5,79.38,0.1,4,2,1,0,3,3,0,0,1
7,399.0,0.0,4,1,0,0,2,2,3,0,0
3,52.9,0.0,7,6,0,0,4,1,3,3,0
1,58.65,0.15,12,2,0,0,1,1,2,1,1
8,2799.0,0.0,10,2,0,0,0,1,1,2,0
1,25.41,0.15,11,2,0,0,3,4,1,1,1
7,5.87,0.15,1,3,0,0,4,5,3,1,0
3,89.0,0.0,11,6,0,0,0,4,0,1,0
7,89.1,0.1,10,3,0,0,1,5,0,2,1
6,12.9,0.0,3,0,0,0,2,0,0,0,1
3,399.0,0.0,12,4,0,1,1,0,0,1,1
8,159.2,0.2,4,1,0,0,1,4,2,0,1
1,5.87,0.15,7,1,0,0,4,3,3,3,0
1,6.9,0.0,2,6,0,0,4,4,2,1,0
3,29.9,0.0,2,1,0,0,3,5,2,1,0
3,629.1,0.1,10,3,0,0,0,2,2,2,0
3,103.2,0.2,2,1,0,0,2,4,3,1,1
5,6.9,0.0,6,6,0,0,4,2,2,3,0
3,149.0,0.0,8,1,0,0,0,1,1,3,0
8,62.47,0.15,10,2,1,0,0,2,2,2,0
2,12.9,0.0,3,3,0,0,4,0,0,0,0
1,94.05,0.05,5,5,0,1,2,4,3,0,1
6,11.61,0.1,7,4,0,1,4,2,4,3,0
6,88.2,0.0,12,2,1,0,3,0,3,1,1
2,37.05,0.05,8,2,0,0,2,0,0,3,0
7,69.0,0.0,2,4,0,1,1,5,3,1,1
4,10.35,0.0,10,2,1,0,4,3,0,2,0
6,75.65,0.15,9,3,0,0,3,2,4,2,1
1,239.2,0.2,4,3,0,0,0,0,2,0,0
6,75.65,0.15,6,4,0,1,3,2,0,3,0
6,2499.0,0.0,4,5,0,1,0,0,2,0,0
7,18.9,0.0,2,1,0,0,3,4,3,1,1
4,89.0,0.0,8,5,0,1,1,4,2,3,1
5,84.55,0.05,4,2,0,0,0,4,2,0,0
1,265.05,0.05,9,2,0,0,1,1,2,2,1
7,89.0,0.0,1,1,0,0,1,0,4,1,1
2,1499.0,0.0,7,0,0,0,0,1,2,3,0
6,8.9,0.0,11,1,0,0,4,0,4,1,0
5,29.0,0.0,6,5,0,1,2,1,0,3,0
8,59.0,0.0,6,1,0,0,2,5,2,3,0
2,12.9,0.0,9,6,0,0,2,5,3,2,0
6,14.15,0.05,3,5,0,1,4,5,2,0,0
4,10.32,0.2,10,3,0,0,4,2,3,2,0
3,6.9,0.0,3,1,0,0,4,3,0,0,0
1,379.05,0.05,5,0,0,0,1,4,4,0,1
3,16.06,0.15,2,6,0,0,3,3,2,1,1
2,79.2,0.2,2,4,0,1,2,1,1,1,0
3,80.1,0.1,5,4,0,1,1,2,3,0,1
1,6.21,0.1,10,4,0,1,4,5,2,2,0
2,84.15,0.15,12,2,0,0,1,3,0,1,1
7,5.52,0.2,4,0,0,0,4,0,2,0,0
2,9.9,0.0,9,5,0,1,4,1,0,2,0
7,27.55,0.05,9,0,0,0,2,2,4,2,1
8,18.9,0.05,5,1,0,0,3,0,0,0,1
5,126.65,0.15,11,3,0,0,1,2,3,1,1
1,284.05,0.05,12,5,0,1,0,3,1,1,0
4,379.05,0.05,9,3,0,0,2,5,2,2,0
7,84.55,0.05,9,2,0,0,1,1,4,2,1
6,39.0,0.0,8,3,0,0,2,0,0,3,0
4,89.0,0.0,10,0,0,0,0,0,0,2,0
7,19.9,0.0,1,4,0,1,3,4,3,1,1
8,2799.0,0.0,9,3,0,0,0,0,2,2,0
3,254.15,0.15,4,2,0,0,0,4,2,0,0
1,339.15,0.15,2,1,0,0,2,2,4,1,1
3,254.15,0.15,2,0,0,0,0,2,1,1,0
8,2299.0,0.0,4,2,0,0,0,4,3,0,0
1,278.63,0.15,9,6,1,0,1,0,0,2,1
1,6.9,0.0,7,0,0,0,4,5,0,3,0
5,2399.2,0.2,7,0,0,0,0,3,1,3,0
8,69.0,0.0,5,0,0,0,1,2,1,0,1
3,12.42,0.0,12,6,1,0,4,3,2,1,0
8,33.15,0.15,4,1,0,0,3,2,2,0,1
8,7.9,0.0,7,6,0,0,4,4,0,3,0
3,31.2,0.2,3,1,0,0,2,0,2,0,0
3,265.05,0.05,2,3,0,0,1,1,3,1,1
2,19.9,0.0,2,3,0,0,3,1,3,1,0
7,14.9,0.0,5,6,0,0,3,4,2,0,1
2,899.0,0.0,8,1,0,0,0,1,4,3,0
6,31.2,0.2,10,3,0,0,3,2,2,2,1
8,89.0,0.0,6,4,0,1,1,2,2,3,1
8,854.05,0.05,12,3,0,0,0,1,2,1,0
1,99.0,0.0,11,3,0,0,2,3,2,1,0
7,2299.0,0.0,2,2,0,0,0,0,2,1,0
6,399.0,0.0,11,6,0,0,2,2,1,1,1
5,49.0,0.0,12,0,0,0,3,3,0,1,1
2,14.9,0.0,6,0,0,0,4,0,4,3,0
6,3999.0,0.0,9,2,0,0,0,5,0,2,0
1,3.82,0.15,5,0,0,0,4,5,0,0,0
8,7.57,0.15,11,3,0,0,4,2,4,1,0
1,5.87,0.15,11,3,0,0,4,1,0,1,0
2,7.5,0.0,10,2,0,0,4,1,2,2,0
2,2849.05,0.05,6,2,0,0,0,1,0,3,0
8,2519.1,0.1,10,3,0,0,0,2,0,2,0
3,13.41,0.1,1,1,0,0,3,3,3,1,1
4,594.15,0.15,1,3,0,0,0,4,2,1,0
4,5499.0,0.0,9,6,0,0,0,5,0,2,0
5,69.0,0.0,3,1,0,0,1,2,0,0,1
5,89.0,0.0,5,3,0,0,0,3,2,0,0
1,10.71,0.1,11,6,0,0,4,5,2,1,0
2,69.0,0.0,5,3,0,0,2,1,2,0,0
5,21.16,0.15,1,3,0,0,3,1,0,1,1
5,178.8,0.2,10,0,1,0,2,3,3,2,1
6,1424.05,0.05,1,2,0,0,0,2,2,1,0
3,39.0,0.0,8,5,0,1,2,0,1,3,1
3,854.05,0.05,2,3,0,0,0,5,1,1,0
3,2499.0,0.0,1,4,0,1,0,0,2,1,0
6,399.0,0.0,7,3,0,0,2,0,2,3,0
5,299.0,0.0,2,0,0,0,0,0,3,1,0
3,37.05,0.05,1,2,0,0,2,2,3,1,1
8,22.41,0.1,5,1,0,0,4,5,1,0,0
7,37.05,0.05,8,2,0,0,3,4,2,3,1
5,254.15,0.15,1,3,0,0,0,1,2,1,0
5,89.0,0.0,5,1,0,0,3,5,3,0,1
8,299.0,0.0,2,6,0,0,0,1,0,1,0
6,50.15,0.15,2,6,0,0,2,3,3,1,0
6,26.1,0.1,4,0,0,0,2,3,4,0,1
4,254.15,0.15,11,4,0,1,0,4,0,1,0
1,49.0,0.0,5,0,0,0,2,4,4,0,1
6,129.0,0.0,11,1,0,0,2,5,4,1,1
8,28.4,0.05,12,3,0,0,3,0,3,1,1
8,699.0,0.0,1,1,0,0,0,3,0,1,0
8,44.1,0.1,4,0,0,0,1,5,0,0,1
4,159.2,0.2,10,3,0,0,1,3,0,2,1
1,21.16,0.15,1,5,0,1,4,2,3,1,0
1,399.0,0.0,10,1,0,0,2,4,2,2,0
7,99.0,0.0,6,0,0,0,1,4,2,3,1
3,359.1,0.1,1,3,0,0,2,4,3,1,1
5,52.9,0.0,6,4,0,1,4,3,0,3,0
1,49.0,0.0,7,2,0,0,3,4,2,3,1
3,49.0,0.0,4,0,0,0,3,3,4,0,1
3,149.0,0.0,2,3,0,0,2,5,3,1,1
3,6.55,0.05,10,3,0,0,4,2,3,2,0
3,2549.15,0.15,5,2,0,0,0,5,4,0,0
7,79.0,0.0,4,3,0,0,1,3,2,0,1
7,21.16,0.15,5,0,0,0,3,0,3,0,1
8,18.9,0.0,3,3,0,0,3,4,0,0,1
1,2999.0,0.0,8,3,0,0,0,3,0,3,0
3,6.0,0.2,4,4,0,1,4,5,3,0,0
7,446.4,0.0,10,6,1,0,1,3,3,2,1
7,62.1,0.1,11,6,0,0,2,3,0,1,1
4,17.01,0.1,5,4,0,1,3,4,2,0,1
3,5.61,0.05,10,3,0,0,4,3,2,2,0
5,12.9,0.0,3,6,0,0,4,2,2,0,0
5,2499.0,0.0,2,1,0,0,0,0,3,1,0
5,65.55,0.05,2,6,0,0,2,3,1,1,0
3,39.0,0.0,3,1,0,0,3,2,3,0,1
5,1999.2,0.2,3,6,0,0,0,5,1,0,0
1,101.15,0.15,3,2,0,0,1,2,4,0,1
5,89.0,0.0,4,6,0,0,0,3,3,0,0
7,75.65,0.15,3,0,0,0,1,4,4,0,1
8,44.1,0.1,11,3,0,0,3,0,3,1,1
2,1499.0,0.0,8,1,0,0,0,1,0,3,0
3,199.0,0.0,1,6,0,0,1,5,2,1,1
6,1299.0,0.0,4,2,0,0,0,4,1,0,0
2,38.9,0.0,7,4,0,1,4,1,1,3,0
1,1424.05,0.05,10,1,0,0,0,0,2,2,0
5,29.0,0.0,6,6,0,0,2,4,0,3,0
3,69.0,0.0,2,2,0,0,2,2,0,1,1
7,39.0,0.0,2,0,0,0,2,5,2,1,1
5,21.16,0.15,1,4,0,1,4,5,3,1,0
4,14.9,0.0,9,6,0,0,4,3,2,2,0
8,35.2,0.2,7,5,0,1,3,5,0,3,1
2,47.61,0.1,4,3,0,0,4,1,0,0,0
6,41.65,0.15,1,1,0,0,3,0,3,1,1
7,399.0,0.0,10,2,0,0,1,1,1,2,1
7,1299.0,0.0,8,3,0,0,0,3,1,3,0
6,75.65,0.15,6,0,0,0,1,2,2,3,1
3,2519.1,0.1,8,1,0,0,0,2,3,3,0
4,71.2,0.2,12,4,0,1,0,1,3,1,0
1,8.91,0.1,3,4,0,1,4,0,2,0,0
3,126.65,0.15,8,0,0,0,1,5,3,3,1
6,339.15,0.15,4,0,0,0,1,1,0,0,1
6,33.15,0.15,2,6,0,0,3,0,3,1,1
4,2379.15,0.15,4,0,0,0,0,5,0,0,0
2,6.71,0.15,1,6,0,0,4,2,4,1,0
2,103.2,0.2,9,2,0,0,1,0,2,2,1
4,38.9,0.0,1,4,0,1,4,5,2,1,0
6,84.15,0.15,5,4,0,1,2,3,2,0,0
7,49.75,0.0,4,4,1,1,3,1,2,0,1
1,37.4,0.15,3,4,0,1,3,0,2,0,1
5,67.15,0.15,10,3,0,0,1,0,2,2,1
6,12.66,0.15,8,1,0,0,3,0,4,3,1
8,7.9,0.0,10,1,0,0,4,0,2,2,0
6,11.9,0.0,7,4,0,1,4,4,2,3,0
8,149.0,0.0,8,0,0,0,1,3,2,3,1
2,5.31,0.1,9,1,0,0,4,1,3,2,0
2,21.16,0.15,3,1,0,0,4,2,0,0,0
1,89.0,0.0,11,6,0,0,2,4,3,1,1
5,2799.0,0.0,5,4,0,1,0,0,2,0,0
8,31.2,0.2,4,0,0,0,3,1,1,0,1
1,2374.05,0.05,8,4,0,1,0,4,2,3,0
6,58.65,0.15,10,6,0,0,2,1,1,2,0
2,39.0,0.0,3,3,0,0,3,0,2,0,1
4,199.0,0.0,6,4,0,1,1,1,4,3,1
4,6.55,0.05,9,0,0,0,4,4,2,2,0
3,62.1,0.1,2,6,0,0,2,3,3,1,0
3,7.5,0.0,4,4,0,1,4,2,2,0,0
1,89.1,0.1,9,4,0,1,2,1,0,2,1
1,149.0,0.0,1,1,0,0,1,2,2,1,1
8,2374.05,0.05,5,0,0,0,0,0,4,0,0
3,15.12,0.2,12,1,0,0,3,2,1,1,1
3,89.0,0.0,11,6,0,0,2,5,2,1,0
7,89.0,0.0,4,4,0,1,1,1,4,0,1
6,141.55,0.05,6,0,0,0,2,3,2,3,0
7,1104.15,0.15,7,2,0,0,0,4,3,3,0
1,6.55,0.05,12,1,0,0,4,0,2,1,0
5,2659.05,0.05,5,0,0,0,0,5,3,0,0
6,49.0,0.0,7,6,0,0,1,1,3,3,1
3,27.55,0.05,8,1,0,0,2,0,3,3,1
2,29.0,0.0,11,2,0,0,2,1,2,1,1
4,149.0,0.0,7,1,0,0,1,3,4,3,1
5,49.0,0.0,10,3,0,0,3,4,4,2,1
4,35.2,0.2,4,0,0,0,3,3,2,0,1
6,109.65,0.15,10,3,0,0,1,1,0,2,1
5,58.65,0.15,10,4,0,1,3,0,2,2,1
8,129.0,0.0,5,6,0,0,1,2,2,0,1
6,69.0,0.0,5,4,0,1,1,0,1,0,1
7,199.0,0.0,6,1,0,0,1,5,3,3,1
5,359.1,0.1,5,1,0,0,2,3,2,0,1
8,84.55,0.05,4,4,0,1,2,1,1,0,1
6,2399.2,0.2,3,6,0,0,0,5,1,0,0
5,39.0,0.0,4,4,0,1,1,5,2,0,1
1,1499.0,0.0,7,5,0,1,0,0,0,3,0
4,119.0,0.0,8,2,0,0,1,2,1,3,1
6,11.92,0.2,3,1,0,0,3,2,3,0,1
3,23.92,0.2,4,6,0,0,3,5,2,0,1
2,19.9,0.0,2,5,0,1,3,2,2,1,1
3,89.0,0.0,5,5,0,1,2,4,2,0,1
7,854.05,0.05,7,3,0,0,0,5,2,3,0
8,6.55,0.05,3,1,0,0,4,5,2,0,0
5,39.0,0.0,11,4,0,1,3,0,0,1,1
8,71.1,0.1,10,3,0,0,1,2,1,2,1
3,41.65,0.15,3,1,0,0,3,0,4,0,1
4,399.0,0.0,6,2,0,0,2,1,3,3,0
5,129.0,0.0,10,4,0,1,1,0,1,2,1
2,84.55,0.05,8,0,0,0,3,1,2,3,1
1,113.05,0.05,2,0,0,0,1,2,1,1,1
5,99.0,0.0,6,2,0,0,2,0,0,3,0
3,399.0,0.0,4,4,0,1,1,3,2,0,1
6,2799.0,0.0,11,0,0,0,0,2,3,1,0
1,1499.0,0.0,4,4,0,1,0,1,2,0,0
3,319.2,0.2,6,6,0,0,2,3,3,3,0
3,2069.1,0.1,6,1,0,0,0,4,2,3,0
3,24.9,0.0,5,1,0,0,3,5,2,0,1
2,3999.0,0.0,8,2,0,0,0,4,1,3,0
6,12.66,0.15,7,2,0,0,3,4,2,3,1
6,2399.2,0.2,1,0,0,0,0,2,2,1,0
1,23.65,0.05,12,6,0,0,3,3,0,1,0
5,46.55,0.05,8,6,0,0,0,4,2,3,0
3,6.71,0.15,5,4,0,1,4,4,3,0,0
8,2519.1,0.1,3,0,0,0,0,0,2,0,0
8,37.4,0.15,9,0,0,0,3,0,0,2,1
8,39.0,0.0,4,1,0,0,3,3,0,0,1
2,17.91,0.1,3,2,0,0,3,5,2,0,1
6,75.05,0.05,4,2,0,0,1,0,1,0,1
1,59.0,0.0,10,4,0,1,2,3,0,2,0
8,399.0,0.0,6,1,0,0,2,0,2,3,1
3,126.65,0.15,2,4,0,1,2,4,3,1,1
7,44.96,0.15,7,2,0,0,4,3,2,3,0
8,49.0,0.0,6,3,0,0,1,2,2,3,1
3,89.0,0.0,9,6,0,0,1,3,2,2,1
1,26.91,0.1,7,2,0,0,3,1,2,3,1
7,398.0,0.0,3,4,1,1,1,2,0,0,1
1,95.2,0.2,7,2,0,0,1,2,1,3,1
1,33.15,0.15,11,6,0,0,2,5,3,1,1
5,279.0,0.0,11,4,0,1,1,0,4,1,1
5,5.61,0.05,10,2,0,0,4,4,0,2,0
4,94.05,0.05,3,1,0,0,1,5,2,0,1
5,29.0,0.0,2,2,0,0,2,4,1,1,1
8,19.92,0.2,1,6,0,0,4,4,2,1,0
2,2379.15,0.15,5,0,0,0,0,0,2,0,0
5,17.91,0.1,7,1,0,0,3,3,0,3,1
5,71.2,0.2,11,3,0,0,1,1,0,1,1
6,35.1,0.1,5,3,0,0,2,5,2,0,0
5,55.2,0.2,9,4,0,1,2,1,3,2,1
4,65.55,0.05,6,0,0,0,3,4,2,3,1
7,18.9,0.05,11,3,0,0,3,5,4,1,1
8,2124.15,0.15,11,4,0,1,0,5,2,1,0
7,11.9,0.0,5,0,0,0,4,3,0,0,0
5,79.0,0.0,4,6,0,0,1,5,3,0,1
7,84.55,0.05,9,0,0,0,2,0,4,2,0
3,44.1,0.1,4,3,0,0,3,4,2,0,1
2,5.52,0.2,11,2,0,0,4,0,3,1,0
3,12.9,0.0,1,1,0,0,2,2,2,1,1
6,12.66,0.15,1,2,0,0,4,4,3,1,0
5,6.9,0.0,1,1,0,0,4,2,0,1,0
1,3.6,0.2,7,6,0,0,4,2,2,3,0
5,11.61,0.1,1,6,0,0,2,4,0,1,0
3,5.9,0.0,8,6,0,0,4,2,3,3,0
8,80.1,0.1,8,6,0,0,0,3,3,3,0
3,10.12,0.15,4,1,0,0,4,3,0,0,0
5,58.65,0.15,8,0,0,0,1,0,0,3,1
4,75.05,0.05,4,0,0,0,1,4,1,0,1
2,6.9,0.0,11,1,0,0,4,4,0,1,0
6,2379.15,0.15,8,1,0,0,0,4,3,3,0
2,33.15,0.15,10,2,0,0,2,4,3,2,0
1,1299.0,0.0,9,1,0,0,0,1,4,2,0
1,79.2,0.2,11,3,0,0,1,4,1,1,1
7,319.2,0.2,6,3,0,0,2,4,1,3,1
6,223.2,0.2,10,2,0,0,1,4,3,2,1
8,399.0,0.0,1,3,0,0,1,4,2,1,1
8,149.0,0.0,10,0,0,0,0,4,2,2,0
6,126.65,0.15,2,6,0,0,2,4,0,1,1
2,75.05,0.05,12,0,0,0,1,2,0,1,1
5,269.1,0.1,10,2,0,0,0,4,2,2,0
1,46.55,0.05,3,0,0,0,3,2,4,0,1
1,50.25,0.05,8,4,0,1,4,0,3,3,0
4,29.0,0.0,5,0,0,0,2,0,3,0,1
5,94.05,0.05,4,6,0,0,1,3,3,0,1
7,25.8,0.0,3,6,1,0,4,0,2,0,0
1,141.55,0.05,10,3,0,0,1,1,4,2,1
4,28.4,0.05,3,1,0,0,3,1,3,0,1
4,94.05,0.05,2,2,0,0,2,1,2,1,1
3,113.05,0.05,6,1,0,0,1,1,2,3,1
5,179.1,0.1,2,2,0,0,1,4,0,1,0
5,7.5,0.0,11,1,0,0,4,5,4,1,0
8,35.1,0.1,8,6,0,0,1,0,0,3,1
6,23.92,0.2,9,3,0,0,3,1,3,2,1
5,109.65,0.15,7,4,0,1,2,4,1,3,1
3,6.9,0.0,2,0,0,0,4,2,4,1,0
6,49.0,0.0,11,4,0,1,3,1,3,1,1
7,69.0,0.0,11,1,0,0,2,0,4,1,1
8,7.11,0.1,9,1,0,0,4,2,0,2,0
1,141.55,0.05,7,4,0,1,1,3,1,3,1
1,119.0,0.0,12,4,0,1,1,1,2,1,1
2,8.91,0.1,8,2,0,0,4,4,2,3,0
1,23.92,0.2,10,3,0,0,3,0,3,2,1
1,39.2,0.2,10,3,0,0,3,3,2,2,1
3,899.0,0.0,8,6,0,0,0,3,2,3,0
2,5.61,0.05,11,1,0,0,4,0,4,1,0
5,149.0,0.0,9,6,0,0,2,3,0,2,0
2,23.84,0.0,10,6,1,0,3,2,4,2,1
4,89.1,0.1,6,0,0,0,1,3,0,3,1
5,22.41,0.1,7,4,0,1,3,2,2,3,1
5,12.66,0.15,3,4,0,1,4,0,2,0,0
2,6.55,0.05,4,6,0,0,4,5,2,0,0
5,89.0,0.0,3,1,0,0,2,3,3,0,0
2,2124.15,0.15,5,1,0,0,0,3,2,0,0
4,2374.05,0.05,2,4,0,1,0,4,3,1,0
4,141.55,0.05,1,1,0,0,1,2,0,1,1
7,149.0,0.0,5,2,0,0,0,0,2,0,0
7,1169.1,0.1,12,0,0,0,0,3,2,1,0
7,24.9,0.0,8,6,0,0,3,4,2,3,1
5,113.47,0.15,10,2,1,0,2,5,2,2,0
4,24.9,0.0,9,1,0,0,3,4,3,2,1
7,15.8,0.0,3,3,1,0,4,4,2,0,0
4,40.21,0.15,3,3,1,0,3,5,2,0,1
6,7.9,0.0,8,0,0,0,4,1,4,3,0
7,50.25,0.05,7,3,0,0,4,4,2,3,0
3,129.0,0.0,11,3,0,0,2,3,0,1,0
5,2184.05,0.05,3,4,0,1,0,4,1,0,0
1,10.32,0.2,4,0,0,0,2,5,2,0,1
7,29.9,0.0,5,1,0,0,3,0,0,0,1
2,6.21,0.1,7,3,0,0,4,0,2,3,0
5,2239.2,0.2,7,4,0,1,0,3,1,3,0
8,2799.0,0.0,9,1,0,0,0,3,1,2,0
5,58.65,0.15,9,6,0,0,3,4,1,2,1
5,21.16,0.15,1,1,0,0,4,3,3,1,0
3,109.65,0.15,8,0,0,0,1,3,2,3,1
7,2519.1,0.1,10,0,0,0,0,5,3,2,0
5,2549.15,0.15,11,3,0,0,0,0,2,1,0
7,75.65,0.15,5,0,0,0,1,1,2,0,1
4,89.0,0.0,1,0,0,0,2,0,2,1,1
6,379.05,0.05,4,0,0,0,1,3,4,0,1
2,12.8,0.1,4,2,1,0,4,2,1,0,0
2,29.0,0.0,3,3,0,0,2,0,2,0,1
1,699.0,0.0,3,2,0,0,0,4,0,0,0
8,99.0,0.0,1,0,0,0,2,2,4,1,1
5,15.12,0.2,7,0,0,0,3,4,1,3,1
1,71.2,0.2,5,1,0,0,1,0,2,0,1
2,80.1,0.1,9,6,0,0,2,4,4,2,1
8,134.1,0.1,4,5,0,1,2,5,2,0,1
4,14.9,0.0,7,1,0,0,4,2,0,3,0
4,6.32,0.2,11,4,0,1,4,1,2,1,0
8,399.0,0.0,3,6,0,0,1,4,2,0,1
5,239.2,0.2,10,0,0,0,0,5,2,2,0
7,14.9,0.0,6,0,0,0,4,1,2,3,0
3,149.0,0.0,12,4,0,1,2,1,2,1,1
3,7.9,0.0,5,0,0,0,4,0,2,0,0
3,15.92,0.2,12,6,0,0,3,2,0,1,1
3,2069.1,0.1,12,4,0,1,0,2,0,1,0
1,89.0,0.0,6,6,0,0,1,3,2,3,1
2,31.2,0.2,4,3,0,0,3,0,2,0,1
8,23.65,0.05,9,5,0,1,3,1,2,2,1
2,2999.0,0.0,1,2,0,0,0,4,3,1,0
5,14.9,0.0,6,1,0,0,3,2,1,3,1
4,11.9,0.0,10,3,0,0,4,4,4,2,0
8,6.9,0.0,3,1,0,0,4,1,0,0,0
6,23.65,0.05,5,1,0,0,3,1,0,0,0
1,79.2,0.2,12,6,0,0,1,3,0,1,1
2,7.9,0.0,2,4,0,1,4,1,0,1,0
4,17.95,0.05,12,6,0,0,3,1,0,1,1
1,33.15,0.15,7,3,0,0,1,2,3,3,1
5,55.2,0.2,11,3,0,0,2,3,1,1,1
8,6.9,0.0,8,1,0,0,4,4,2,3,0
1,5499.0,0.0,10,2,0,0,0,5,3,2,0
1,4.5,0.0,11,0,0,0,4,0,1,1,0
6,29.0,0.0,6,1,0,0,2,4,4,3,1
7,84.55,0.05,1,3,0,0,1,2,0,1,1
4,299.0,0.0,9,4,0,1,0,0,2,2,0
1,58.65,0.15,12,3,0,0,2,2,0,1,0
2,69.0,0.0,12,4,0,1,3,5,0,1,1
2,10.71,0.1,7,0,0,0,4,5,0,3,0
3,44.1,0.1,12,3,0,0,1,5,0,1,1
4,44.1,0.1,8,2,0,0,3,4,3,3,1
2,2499.0,0.0,5,3,0,0,0,3,1,0,0
5,19.9,0.0,8,0,0,0,3,4,0,3,1
7,299.0,0.0,5,3,0,0,0,1,0,0,0
7,7.9,0.0,8,1,0,0,4,3,2,3,0
4,12.66,0.15,2,0,0,0,4,3,0,1,0
1,594.15,0.15,1,4,0,1,0,2,1,1,0
5,179.1,0.1,6,3,0,0,1,0,3,3,1
4,2519.1,0.1,12,6,0,0,0,5,3,1,0
3,46.55,0.05,10,1,0,0,1,4,3,2,1
4,38.9,0.0,11,1,0,0,4,3,2,1,0
6,41.65,0.15,3,5,0,1,0,3,4,0,0
2,2999.0,0.0,9,3,0,0,0,1,1,2,0
2,58.65,0.15,9,6,0,0,3,5,3,2,0
6,1299.0,0.0,2,4,0,1,0,4,3,1,0
2,6.32,0.2,3,1,0,0,4,0,4,0,0
7,79.2,0.2,10,3,0,0,2,3,3,2,1
1,6.0,0.2,12,1,0,0,4,5,4,1,0
3,319.2,0.2,3,2,0,0,1,5,3,0,1
8,1954.15,0.15,12,6,0,0,0,5,4,1,0
7,89.0,0.0,10,1,0,0,1,1,2,2,1
1,29.9,0.0,3,1,0,0,3,3,1,0,1
5,39.0,0.0,9,5,0,1,1,2,0,2,1
3,71.2,0.2,4,2,0,0,2,2,1,0,1
3,2499.0,0.0,4,6,0,0,0,4,2,0,0
2,119.0,0.0,5,6,0,0,1,3,3,0,1
7,109.65,0.15,6,2,0,0,1,5,4,3,1
8,36.95,0.05,3,1,0,0,4,3,4,0,0
2,9.9,0.0,5,0,0,0,4,1,1,0,0
4,7.5,0.0,9,2,0,0,4,5,1,2,0
3,10.96,0.15,3,6,0,0,4,2,1,0,0
4,3999.0,0.0,7,0,0,0,0,3,2,3,0
3,27.55,0.05,11,2,0,0,2,5,1,1,0
3,359.1,0.1,8,3,0,0,2,1,3,3,1
4,99.0,0.0,3,2,0,0,1,3,3,0,1
5,399.0,0.0,1,1,0,0,2,2,0,1,1
1,49.0,0.0,9,1,0,0,3,1,4,2,1
2,16.06,0.15,4,0,0,0,3,3,0,0,1
6,6.21,0.1,1,0,0,0,4,1,3,1,0
1,75.65,0.15,5,4,0,1,1,3,0,0,1
7,1039.2,0.2,7,1,0,0,0,2,2,3,0
8,149.0,0.0,2,4,0,1,1,1,4,1,1
7,12.66,0.15,12,3,0,0,3,4,2,1,1
1,11.92,0.2,5,2,0,0,3,3,2,0,0
4,69.0,0.0,10,0,0,0,3,3,4,2,1
7,80.1,0.1,1,5,0,1,1,4,0,1,1
2,1234.05,0.05,2,3,0,0,0,0,3,1,0
4,129.0,0.0,5,6,0,0,2,5,4,0,0
6,254.15,0.15,4,3,0,0,0,2,3,0,0
5,71.2,0.2,5,0,0,0,0,2,4,0,0
7,149.0,0.0,1,4,0,1,2,3,4,1,1
3,46.55,0.05,3,3,0,0,2,4,3,0,0
6,46.55,0.05,6,3,0,0,2,2,2,3,1
7,5.9,0.0,5,0,0,0,4,4,4,0,0
6,11.92,0.2,10,2,0,0,3,4,0,2,1
3,279.0,0.0,9,6,0,0,1,4,2,2,1
3,94.05,0.05,9,4,0,1,1,2,4,2,1
7,41.8,0.05,4,1,0,0,3,5,2,0,1
2,89.0,0.0,5,0,0,0,2,5,2,0,1
2,94.05,0.05,1,1,0,0,1,2,4,1,1
2,159.2,0.2,12,0,0,0,1,2,2,1,1
8,75.65,0.15,4,0,0,0,3,4,0,0,1
4,12.66,0.15,4,0,0,0,4,4,0,0,0
5,37.05,0.05,7,4,0,1,2,5,2,3,0
7,103.2,0.2,11,1,0,0,2,1,2,1,0
1,44.1,0.1,4,1,0,0,3,4,0,0,1
3,11.61,0.1,7,4,0,1,2,0,0,3,1
5,6.9,0.0,5,1,0,0,4,3,0,0,0
3,899.0,0.0,7,3,0,0,0,5,2,3,0
2,6.55,0.05,12,4,0,1,4,0,4,1,0
4,6.32,0.2,6,4,0,1,4,4,3,3,0
8,80.1,0.1,5,1,0,0,1,2,2,0,1
2,4674.15,0.15,12,4,0,1,0,5,1,1,0
3,19.92,0.2,8,3,0,0,3,3,2,3,1
1,23.2,0.2,10,1,0,0,2,4,2,2,1
8,99.0,0.0,7,2,0,0,1,3,1,3,1
2,399.0,0.0,5,6,0,0,2,5,4,0,1
2,69.0,0.0,8,1,0,0,3,0,0,3,1
3,29.0,0.0,11,6,0,0,2,5,0,1,1
6,109.65,0.15,2,2,0,0,2,2,2,1,1
7,31.2,0.2,10,3,0,0,3,1,0,2,1
3,1349.1,0.1,4,3,0,0,0,2,4,0,0
8,109.65,0.15,10,6,0,0,1,5,1,2,1
2,46.55,0.05,2,2,0,0,3,1,3,1,1
7,11.61,0.1,9,4,0,1,2,5,0,2,0
3,199.0,0.0,10,4,0,1,1,5,4,2,1
6,2799.0,0.0,12,6,0,0,0,1,1,1,0
3,237.15,0.15,7,4,0,1,1,5,4,3,1
3,1499.0,0.0,5,0,0,0,0,1,3,0,0
5,9.9,0.0,3,0,0,0,4,2,3,0,0
1,14.9,0.0,5,3,0,0,3,2,3,0,0
4,8.42,0.15,9,5,0,1,4,3,2,2,0
3,69.0,0.0,6,3,0,0,1,2,0,3,1
2,24.9,0.0,11,3,0,0,3,1,4,1,1
8,39.0,0.0,12,1,0,0,3,1,3,1,1
8,46.55,0.05,1,1,0,0,0,4,4,1,0
8,1499.0,0.0,9,3,0,0,0,2,2,2,0
8,23.65,0.05,2,0,0,0,3,5,0,1,1
7,144.18,0.1,12,2,1,0,3,0,3,1,1
4,284.05,0.05,10,1,0,0,0,4,0,2,0
1,14.15,0.05,3,6,0,0,3,1,0,0,1
5,699.0,0.0,1,1,0,0,0,1,0,1,0
8,44.1,0.1,1,1,0,0,2,0,0,1,0
3,11.92,0.2,3,6,0,0,4,1,2,0,0
7,75.05,0.05,12,6,0,0,1,3,4,1,1
3,58.65,0.15,3,0,0,0,1,4,2,0,1
4,15.92,0.2,5,6,0,0,3,4,0,0,1
3,52.9,0.0,2,4,0,1,4,2,3,1,0
6,109.65,0.15,6,0,0,0,1,1,0,3,1
3,122.55,0.05,9,0,0,0,2,3,2,2,1
6,299.0,0.0,3,3,0,0,0,1,4,0,0
7,9.9,0.0,4,0,0,0,4,2,4,0,0
1,44.1,0.1,9,6,0,0,2,3,3,2,1
1,79.0,0.0,10,3,0,0,1,0,0,2,1
2,10.32,0.2,9,2,0,0,4,2,0,2,0
6,3599.1,0.1,8,5,0,1,0,0,3,3,0
5,189.05,0.05,1,1,0,0,1,0,2,1,1
3,3999.0,0.0,8,1,0,0,0,3,1,3,0
4,71.2,0.2,3,3,0,0,2,0,4,0,1
5,3.6,0.2,5,2,0,0,4,3,3,0,0
1,31.12,0.2,11,3,0,0,4,1,0,1,0
2,44.37,0.15,12,1,1,0,2,0,2,1,1
3,7.92,0.2,12,6,0,0,4,2,3,1,0
6,141.55,0.05,9,3,0,0,1,3,2,2,1
7,69.0,0.0,11,2,0,0,1,4,4,1,1
8,49.0,0.0,10,4,0,1,3,2,4,2,1
6,1169.1,0.1,9,0,0,0,0,4,4,2,0
6,126.65,0.15,11,2,0,0,1,1,0,1,1
3,29.9,0.0,5,1,0,0,3,3,1,0,1
3,71.2,0.2,9,3,0,0,2,1,2,2,0
6,12.66,0.15,1,3,0,0,4,5,4,1,0
3,3399.15,0.15,4,6,0,0,0,1,3,0,0
1,99.0,0.0,8,4,0,1,1,3,0,3,1
7,80.1,0.1,11,1,0,0,3,5,3,1,1
7,113.05,0.05,1,0,0,0,1,5,0,1,1
8,1954.15,0.15,10,1,0,0,0,0,2,2,0
6,3199.2,0.2,8,2,0,0,0,0,0,3,0
4,899.0,0.0,11,3,0,0,0,1,0,1,0
3,24.9,0.0,12,3,0,0,3,4,2,1,1
1,75.65,0.15,5,0,0,0,3,4,2,0,1
1,6.9,0.0,9,6,0,0,4,5,3,2,0
6,49.0,0.0,6,3,0,0,0,4,3,3,0
2,44.37,0.15,12,3,1,0,2,0,2,1,0
6,199.0,0.0,7,0,0,0,1,4,2,3,1
7,399.0,0.0,1,6,0,0,1,1,3,1,1
8,23.65,0.05,3,1,0,0,3,4,1,0,1
3,58.65,0.15,5,1,0,0,2,5,0,0,1
8,50.15,0.15,6,2,0,0,2,1,2,3,0
3,119.2,0.2,3,4,0,1,0,0,2,0,0
4,2124.15,0.15,3,1,0,0,0,4,1,0,0
6,12.66,0.15,4,1,0,0,4,4,4,0,0
4,129.0,0.0,12,3,0,0,1,1,1,1,1
3,10.32,0.2,9,3,0,0,2,1,3,2,1
8,44.1,0.1,2,3,0,0,1,3,3,1,1
3,141.55,0.05,7,3,0,0,2,2,3,3,0
8,103.2,0.2,5,1,0,0,1,5,2,0,1
6,14.9,0.0,12,6,0,0,4,0,4,1,0
2,1499.0,0.0,11,3,0,0,0,4,2,1,0
3,6.9,0.0,1,2,0,0,4,1,1,1,0
4,41.65,0.15,8,6,0,0,3,2,3,3,1
7,149.0,0.0,2,4,0,1,1,2,0,1,1
7,134.3,0.15,3,3,1,0,1,5,2,0,1
8,29.9,0.0,6,4,0,1,3,2,4,3,1
1,71.2,0.2,12,1,0,0,0,4,4,1,0
6,126.65,0.15,11,2,0,0,0,2,0,1,0
4,69.0,0.0,2,6,0,0,3,3,3,1,1
2,44.1,0.1,5,2,0,0,0,5,3,0,0
3,7.9,0.0,8,2,0,0,4,0,2,3,0
3,39.0,0.0,3,2,0,0,2,5,2,0,0
7,6.55,0.05,8,2,0,0,4,1,3,3,0
1,4.27,0.05,8,2,0,0,4,4,2,3,0
4,35.1,0.1,10,3,0,0,3,3,0,2,1
7,49.0,0.0,3,2,0,0,3,3,2,0,1
5,1039.2,0.2,3,4,0,1,0,5,3,0,0
2,149.0,0.0,12,0,0,0,1,4,2,1,1
6,71.2,0.2,2,2,0,0,2,2,0,1,1
5,141.55,0.05,1,1,0,0,1,1,3,1,1
7,719.2,0.2,9,2,0,0,0,2,2,2,0
6,8.9,0.0,5,0,0,0,4,1,0,0,0
2,14.9,0.0,10,6,0,0,4,5,4,2,0
6,65.55,0.05,7,2,0,0,1,0,2,3,1
2,2379.15,0.15,9,3,0,0,0,4,0,2,0
2,99.0,0.0,11,2,0,0,2,4,2,1,0
1,49.0,0.0,11,0,0,0,3,4,3,1,1
1,11.3,0.05,5,4,0,1,4,1,3,0,0
2,149.0,0.0,4,3,0,0,1,4,2,0,1
5,8.9,0.0,10,1,0,0,4,4,2,2,0
8,399.0,0.0,2,4,0,1,2,3,3,1,1
8,13.41,0.1,5,3,0,0,3,3,4,0,1
5,56.05,0.05,12,3,0,0,2,3,1,1,0
1,5.52,0.2,5,1,0,0,4,0,3,0,0
1,5.52,0.2,8,2,0,0,4,2,0,3,0
5,9.52,0.2,4,2,0,0,4,4,3,0,0
1,80.1,0.1,7,0,0,0,2,4,3,3,0
3,359.1,0.1,7,1,0,0,1,1,0,3,1
1,23.65,0.05,3,4,0,1,4,1,4,0,0
2,11.9,0.0,6,2,0,0,4,2,2,3,0
1,559.2,0.2,4,3,0,0,0,1,3,0,0
4,159.2,0.2,8,6,0,0,1,2,1,3,1
7,359.1,0.1,12,1,0,0,2,3,0,1,1
1,1499.0,0.0,6,6,0,0,0,5,3,3,0
8,39.0,0.0,2,6,0,0,3,4,0,1,0
6,53.1,0.1,6,4,0,1,2,0,4,3,1
1,2799.0,0.0,5,3,0,0,0,4,3,0,0
6,84.15,0.15,6,3,0,0,2,0,1,3,0
8,10.96,0.15,2,0,0,0,4,5,0,1,0
5,4.05,0.1,8,3,0,0,4,3,2,3,0
1,14.9,0.0,5,4,0,1,3,1,4,0,1
1,38.9,0.0,5,4,0,1,4,1,0,0,0
7,55.2,0.2,10,3,0,0,1,2,2,2,1
5,399.0,0.0,6,1,0,0,2,5,0,3,1
8,7.5,0.0,4,6,0,0,4,0,4,0,0
4,23.92,0.2,4,0,0,0,3,0,3,0,1
5,53.1,0.1,12,4,0,1,2,3,0,1,0
5,4.5,0.0,8,0,0,0,4,0,3,3,0
1,13.41,0.1,6,5,0,1,4,4,0,3,0
5,12.9,0.0,11,0,0,0,4,1,0,1,0
2,39.0,0.0,6,1,0,0,3,3,2,3,1
1,11.92,0.2,6,5,0,1,3,2,0,3,1
3,49.0,0.0,5,2,0,0,1,0,3,0,1
8,80.1,0.1,9,6,0,0,3,3,3,2,1
1,69.0,0.0,2,0,0,0,3,5,3,1,1
2,558.0,0.2,4,2,1,0,1,0,1,0,1
5,80.1,0.1,1,2,0,0,2,4,4,1,0
8,18.91,0.15,4,4,1,1,4,1,2,0,0
7,1169.1,0.1,5,4,0,1,0,2,3,0,0
6,38.9,0.0,9,2,0,0,4,1,0,2,0
6,37.05,0.05,8,1,0,0,3,5,2,3,1
5,4674.15,0.15,4,4,0,1,0,2,3,0,0
8,200.25,0.1,4,2,1,0,2,1,1,0,1
5,4.72,0.2,3,1,0,0,4,3,2,0,0
5,37.05,0.05,5,3,0,0,3,3,0,0,1
3,7.11,0.1,11,2,0,0,4,4,2,1,0
4,4399.2,0.2,11,4,0,1,0,0,2,1,0
4,124.2,0.0,4,4,1,1,3,2,2,0,1
1,84.55,0.05,12,0,0,0,3,2,1,1,1
8,185.76,0.1,10,6,1,0,2,0,2,2,0
5,18.9,0.0,5,4,0,1,3,5,1,0,1
3,39.2,0.2,3,3,0,0,3,5,4,0,1
8,6.38,0.15,2,3,0,0,4,0,0,1,0
1,149.0,0.0,4,6,0,0,1,5,4,0,1
1,11.9,0.0,10,4,0,1,4,2,3,2,0
5,399.0,0.0,1,0,0,0,1,3,4,1,1
5,8.9,0.0,7,1,0,0,4,3,1,3,0
8,10.32,0.2,2,6,0,0,2,2,0,1,0
5,6.21,0.1,9,2,0,0,4,1,4,2,0
3,11.9,0.0,3,6,0,0,4,2,3,0,0
2,223.2,0.2,7,1,0,0,1,0,2,3,1
7,49.0,0.0,4,6,0,0,3,3,4,0,0
7,75.65,0.15,5,1,0,0,3,1,3,0,1
2,49.0,0.0,6,3,0,0,2,2,2,3,0
2,89.1,0.1,11,1,0,0,1,3,3,1,1
7,75.65,0.15,1,3,0,0,2,1,2,1,0
7,149.0,0.0,5,2,0,0,2,5,3,0,0
5,59.0,0.0,5,6,0,0,2,4,1,0,0
1,12.9,0.0,2,4,0,1,2,5,3,1,0
1,29.9,0.0,9,5,0,1,3,2,2,2,1
8,46.55,0.05,2,5,0,1,3,3,0,1,1
5,149.0,0.0,4,2,0,0,1,0,1,0,1
1,35.1,0.1,5,4,0,1,2,3,4,0,0
1,141.55,0.05,7,3,0,0,1,3,0,3,1
3,350.24,0.2,9,6,1,0,1,3,2,2,1
2,75.05,0.05,1,4,0,1,1,0,0,1,1
1,126.65,0.15,11,3,0,0,1,2,3,1,1
5,7.5,0.0,5,1,0,0,4,4,2,0,0
3,119.2,0.2,7,6,0,0,2,0,1,3,1
2,149.0,0.0,10,1,0,0,2,5,3,2,1
5,22.41,0.1,7,6,0,0,4,5,0,3,0
1,4.5,0.0,11,6,0,0,4,0,0,1,0
8,359.1,0.1,8,3,0,0,2,2,3,3,1
6,141.55,0.05,9,0,0,0,0,5,2,2,0
7,103.2,0.2,1,4,0,1,2,3,4,1,1
2,149.0,0.0,6,4,0,1,2,4,4,3,1
8,129.0,0.0,4,2,0,0,1,2,2,0,1
1,75.24,0.05,4,2,1,0,3,3,1,0,1
3,899.0,0.0,12,1,0,0,0,1,4,1,0
6,89.0,0.0,9,0,0,0,3,1,2,2,1
7,4.5,0.0,1,4,0,1,4,3,0,1,0
3,159.2,0.2,9,0,0,0,1,3,0,2,1
3,6.38,0.15,2,2,0,0,4,5,4,1,0
2,41.8,0.05,7,4,0,1,3,2,2,3,1
5,2124.15,0.15,6,6,0,0,0,0,4,3,0
7,7.57,0.15,12,2,0,0,4,4,3,1,0
1,24.65,0.15,12,2,0,0,2,5,4,1,1
1,39.0,0.0,5,3,0,0,3,5,0,0,1
4,2799.0,0.0,11,6,0,0,0,1,0,1,0
6,71.2,0.2,10,6,0,0,1,4,4,2,1
2,4.05,0.1,4,6,0,0,4,3,4,0,0
5,359.1,0.1,5,6,0,0,2,0,0,0,1
5,89.0,0.0,5,2,0,0,1,0,4,0,1
4,55.2,0.2,1,6,0,0,2,3,2,1,0
4,6.55,0.05,12,1,0,0,4,3,4,1,0
2,129.0,0.0,8,0,0,0,1,1,2,3,1
7,119.2,0.2,7,1,0,0,1,2,3,3,1
1,89.0,0.0,5,1,0,0,3,2,3,0,1
3,52.9,0.0,9,4,0,1,4,0,4,2,0
7,10.96,0.15,2,6,0,0,4,5,2,1,0
4,2249.1,0.1,6,4,0,1,0,3,2,3,0
2,2499.0,0.0,7,1,0,0,0,2,2,3,0
7,31.2,0.2,8,4,0,1,3,1,0,3,1
1,2124.15,0.15,11,4,0,1,0,2,4,1,0
3,7.5,0.0,9,1,0,0,4,5,2,2,0
7,46.55,0.05,2,3,0,0,3,1,2,1,1
7,44.0,0.0,8,1,0,0,3,5,2,3,1
7,71.2,0.2,1,6,0,0,1,5,3,1,1
6,41.65,0.15,7,6,0,0,0,5,2,3,0
5,14.15,0.05,5,0,0,0,3,5,0,0,1
6,223.2,0.2,10,1,0,0,1,3,2,2,1
7,2799.0,0.0,7,2,0,0,0,5,2,3,0
2,49.0,0.0,7,2,0,0,3,1,1,3,1
7,11.3,0.05,2,3,0,0,4,1,4,1,0
6,14.9,0.0,7,2,0,0,4,5,2,3,0
8,629.1,0.1,6,0,0,0,0,5,0,3,0
8,14.9,0.0,10,3,0,0,3,0,2,2,1
7,84.55,0.05,12,4,0,1,1,5,3,1,1
7,1299.0,0.0,2,6,0,0,0,2,2,1,0
7,6.21,0.1,3,2,0,0,4,0,3,0,0
8,11.92,0.2,12,6,0,0,3,1,4,1,1
3,69.0,0.0,5,6,0,0,1,5,1,0,1
1,41.65,0.15,7,2,0,0,3,5,4,3,1
6,14.15,0.05,4,6,0,0,4,5,2,0,0
5,2799.0,0.0,12,3,0,0,0,2,3,1,0
8,149.0,0.0,1,2,0,0,1,2,0,1,1
8,11.9,0.0,11,6,0,0,4,3,3,1,0
7,2069.1,0.1,7,0,0,0,0,1,0,3,0
2,44.1,0.1,7,6,0,0,3,1,3,3,0
3,134.1,0.1,4,3,0,0,1,0,2,0,1
1,11.92,0.2,9,2,0,0,3,2,1,2,1
2,63.2,0.2,6,0,0,0,1,1,0,3,1
6,379.05,0.05,12,0,0,0,1,3,0,1,1
6,65.55,0.05,11,4,0,1,3,5,2,1,1
4,12.66,0.15,2,6,0,0,4,5,0,1,0
5,14.9,0.0,10,6,0,0,3,2,2,2,1
5,2124.15,0.15,12,6,0,0,0,2,0,1,0
7,2519.1,0.1,7,0,0,0,0,5,2,3,0
1,12.9,0.0,2,6,0,0,4,0,2,1,0
8,5.52,0.2,8,4,0,1,4,3,3,3,0
7,38.9,0.0,8,4,0,1,4,1,4,3,0
3,2799.0,0.0,3,3,0,0,0,3,0,0,0
6,5.87,0.15,3,3,0,0,4,0,2,0,0
5,35.1,0.1,1,0,0,0,1,0,2,1,1
8,2374.05,0.05,11,3,0,0,0,3,0,1,0
5,129.0,0.0,3,0,0,0,1,0,4,0,1
3,65.55,0.05,8,6,0,0,2,5,0,3,1
2,18.9,0.0,2,6,0,0,3,3,0,1,1
7,299.0,0.0,6,1,0,0,0,5,1,3,0
6,122.55,0.05,1,2,0,0,1,0,2,1,1
1,84.55,0.05,6,4,0,1,1,4,3,3,1
8,14.9,0.0,7,4,0,1,4,0,3,3,0
5,89.0,0.0,3,5,0,1,3,3,2,0,1
1,399.0,0.0,10,5,0,1,1,1,1,2,1
1,27.55,0.05,11,3,0,0,2,0,2,1,1
6,75.05,0.05,1,0,0,0,1,2,3,1,1
1,1349.1,0.1,11,2,0,0,0,2,2,1,0
5,10.96,0.15,11,1,0,0,4,3,4,1,0
8,5.52,0.2,7,3,0,0,4,4,4,3,0
6,15.12,0.2,11,1,0,0,3,5,1,1,1
3,69.0,0.0,8,0,0,0,2,0,0,3,0
6,23.92,0.2,2,4,0,1,3,1,1,1,1
3,3999.0,0.0,7,0,0,0,0,5,0,3,0
3,79.2,0.2,6,5,0,1,1,2,0,3,1
2,12.9,0.0,5,6,0,0,4,1,0,0,0
5,284.05,0.05,3,3,0,0,0,1,4,0,0
2,159.2,0.2,11,0,0,0,1,0,2,1,1
1,1299.0,0.0,6,2,0,0,0,4,0,3,0
5,10.96,0.15,4,1,0,0,4,5,0,0,0
2,8.9,0.0,3,6,0,0,4,1,2,0,0
1,13.41,0.1,7,6,0,0,4,4,1,3,0
2,14.9,0.0,8,6,0,0,3,5,2,3,1
6,89.0,0.0,11,1,0,0,3,2,4,1,1
1,29.9,0.0,5,6,0,0,3,3,4,0,1
1,10.12,0.15,3,1,0,0,4,5,2,0,0
2,80.1,0.1,2,2,0,0,2,2,1,1,1
4,84.55,0.05,3,6,0,0,2,0,0,0,1
4,2249.1,0.1,10,1,0,0,0,1,2,2,0
1,141.55,0.05,8,1,0,0,1,2,2,3,1
1,899.0,0.0,10,2,0,0,0,0,3,2,0
5,2299.0,0.0,1,6,0,0,0,0,2,1,0
5,6.9,0.0,3,1,0,0,4,3,2,0,0
4,69.0,0.0,5,4,0,1,3,4,0,0,1
1,4.05,0.1,11,3,0,0,4,5,4,1,0
1,62.82,0.15,3,2,1,0,4,0,0,0,0
5,75.65,0.15,3,4,0,1,0,4,3,0,0
8,149.0,0.0,11,4,0,1,1,0,4,1,1
3,46.55,0.05,1,1,0,0,3,4,2,1,1
3,140.12,0.05,4,2,1,0,2,4,2,0,1
8,2659.05,0.05,1,6,0,0,0,2,1,1,0
2,2799.0,0.0,2,6,0,0,0,2,0,1,0
3,89.0,0.0,12,3,0,0,0,4,4,1,0
3,12.9,0.0,6,6,0,0,4,4,0,3,0
8,8.42,0.15,12,6,0,0,4,2,4,1,0
2,11.92,0.2,1,6,0,0,3,3,0,1,0
6,44.1,0.1,8,3,0,0,0,0,3,3,0
8,126.65,0.15,6,4,0,1,1,2,0,3,1
1,5.87,0.15,8,2,0,0,4,1,2,3,0
4,1299.0,0.0,4,3,0,0,0,3,0,0,0
5,39.0,0.0,2,3,0,0,3,4,3,1,1
3,5.87,0.15,9,4,0,1,4,5,4,2,0
4,8.01,0.1,9,1,0,0,4,5,2,2,0
3,2499.0,0.0,8,6,0,0,0,4,3,3,0
4,169.15,0.15,6,3,0,0,1,3,2,3,1
7,18.9,0.0,9,1,0,0,3,1,4,2,1
1,3399.15,0.15,2,0,0,0,0,5,0,1,0
3,2549.15,0.15,3,3,0,0,0,3,2,0,0
6,3399.15,0.15,6,0,0,0,0,3,3,3,0
6,14.9,0.0,2,3,0,0,3,4,2,1,1
4,19.92,0.2,2,2,0,0,4,1,2,1,0
2,251.1,0.1,6,3,0,0,1,0,3,3,1
2,18.76,0.05,4,2,1,0,4,5,2,0,0
3,80.1,0.1,6,2,0,0,2,3,3,3,1
5,38.9,0.0,12,0,0,0,4,5,2,1,0
4,89.0,0.0,3,6,0,0,0,4,1,0,0
7,13.41,0.1,5,3,0,0,3,5,3,0,1
7,12.9,0.0,1,3,0,0,2,0,4,1,1
7,9.9,0.0,3,6,0,0,4,4,4,0,0
5,16.91,0.15,1,3,0,0,3,3,2,1,1
5,116.1,0.1,3,2,0,0,2,0,3,0,0
1,49.0,0.0,1,6,0,0,3,4,0,1,1
7,2999.0,0.0,2,6,0,0,0,0,2,1,0
5,38.9,0.0,6,4,0,1,4,5,4,3,0
6,149.0,0.0,4,6,0,0,1,4,0,0,1
8,22.41,0.1,11,6,0,0,3,1,2,1,1
4,109.65,0.15,7,2,0,0,2,2,0,3,0
4,49.0,0.0,9,5,0,1,3,5,0,2,1
6,339.15,0.15,11,5,0,1,1,4,4,1,1
5,2999.0,0.0,4,3,0,0,0,2,1,0,0
6,3199.2,0.2,3,6,0,0,0,1,0,0,0
5,24.9,0.0,12,3,0,0,4,0,3,1,0
5,27.55,0.05,8,2,0,0,2,1,0,3,0
5,24.65,0.15,11,3,0,0,2,0,0,1,0
8,1839.2,0.2,11,6,0,0,0,3,2,1,0
7,39.0,0.0,7,6,0,0,3,0,1,3,1
1,35.1,0.1,12,3,0,0,1,3,1,1,1
6,89.0,0.0,11,6,0,0,1,2,4,1,1
7,46.55,0.05,3,3,0,0,1,4,3,0,1
1,3799.05,0.05,9,0,0,0,0,0,4,2,0
5,89.0,0.0,7,3,0,0,1,4,2,3,1
4,14.9,0.0,2,2,0,0,4,3,2,1,0
4,101.15,0.15,11,5,0,1,1,5,4,1,1
8,129.0,0.0,4,0,0,0,2,2,3,0,0
2,4.27,0.05,8,1,0,0,4,1,4,3,0
2,2999.0,0.0,12,0,0,0,0,3,4,1,0
4,79.0,0.0,7,2,0,0,1,2,2,3,1
5,49.0,0.0,7,3,0,0,2,4,0,3,1
3,103.2,0.2,10,3,0,0,2,5,2,2,0
3,29.0,0.0,2,0,0,0,2,2,0,1,0
4,149.0,0.0,9,2,0,0,2,0,3,2,1
1,31.2,0.2,8,4,0,1,1,5,2,3,1
1,89.0,0.0,1,1,0,0,2,4,4,1,1
3,6.55,0.05,10,6,0,0,4,2,0,2,0
4,279.0,0.0,5,6,0,0,1,4,2,0,1
2,103.2,0.2,5,1,0,0,1,2,2,0,1
3,14.9,0.0,3,2,0,0,3,0,0,0,0
7,129.0,0.0,2,2,0,0,1,3,3,1,1
8,119.2,0.2,2,3,0,0,0,1,3,1,0
3,2999.0,0.0,2,6,0,0,0,3,3,1,0
3,89.0,0.0,6,1,0,0,3,1,2,3,1
3,699.0,0.0,8,2,0,0,0,1,0,3,0
8,28.4,0.05,5,3,0,0,3,5,1,0,1
3,37.05,0.05,7,3,0,0,3,5,4,3,1
7,103.5,0.0,10,2,1,0,3,5,0,2,1
2,14.9,0.0,7,4,0,1,4,0,2,3,0
2,71.2,0.2,4,5,0,1,3,1,3,0,1
5,23.2,0.2,10,6,0,0,2,1,0,2,1
3,199.0,0.0,4,3,0,0,1,4,3,0,1
1,2549.15,0.15,3,0,0,0,0,1,2,0,0
3,126.65,0.15,8,1,0,0,1,4,2,3,1
7,399.0,0.0,1,4,0,1,1,1,2,1,1
8,6.32,0.2,11,3,0,0,4,3,2,1,0
5,6.55,0.05,5,2,0,0,4,1,2,0,0
6,39.0,0.0,10,6,0,0,1,2,2,2,1
3,14.15,0.05,1,4,0,1,4,1,4,1,0
8,109.65,0.15,4,3,0,0,2,3,3,0,1
1,119.0,0.0,1,4,0,1,1,5,1,1,1
2,8.9,0.0,10,6,0,0,4,2,2,2,0
6,99.0,0.0,6,0,0,0,1,1,1,3,1
7,22.41,0.1,5,0,0,0,3,5,2,0,1
6,39.2,0.2,3,4,0,1,2,3,3,0,0
7,38.9,0.0,1,6,0,0,4,4,0,1,0
2,149.0,0.0,1,0,0,0,2,2,2,1,1
7,80.1,0.1,9,4,0,1,3,4,2,2,1
2,39.0,0.0,7,3,0,0,3,5,1,3,1
3,1499.0,0.0,5,3,0,0,0,0,3,0,0
7,44.0,0.0,2,6,0,0,3,3,3,1,1
5,149.0,0.0,5,0,0,0,0,1,4,0,0
4,149.0,0.0,8,3,0,0,2,5,3,3,1
4,29.9,0.0,11,4,0,1,3,1,0,1,1
6,5.52,0.2,10,0,0,0,4,4,2,2,0
5,35.1,0.1,2,4,0,1,2,3,0,1,0
1,69.0,0.0,7,1,0,0,2,3,0,3,1
7,141.55,0.05,8,3,0,0,1,3,1,3,1
5,49.0,0.0,4,0,0,0,2,2,2,0,1
1,149.0,0.0,5,3,0,0,2,4,4,0,0
6,339.15,0.15,11,3,0,0,2,5,2,1,0
7,9.9,0.0,3,1,0,0,4,4,3,0,0
2,10.96,0.15,5,3,0,0,2,4,3,0,0
4,399.0,0.0,1,3,0,0,2,2,2,1,0
6,14.9,0.0,1,1,0,0,4,0,3,1,0
4,379.05,0.05,11,6,0,0,2,4,3,1,1
6,62.1,0.1,9,2,0,0,1,5,2,2,1
6,319.2,0.2,7,0,0,0,2,1,1,3,1
5,239.2,0.2,6,2,0,0,0,3,4,3,0
4,11.92,0.2,5,0,0,0,3,3,0,0,1
8,49.0,0.0,5,4,0,1,1,1,4,0,1
3,89.0,0.0,4,6,0,0,2,3,3,0,0
3,155.25,0.1,4,2,1,0,1,2,2,0,1
4,29.9,0.0,9,1,0,0,3,4,0,2,1
3,59.0,0.0,8,0,0,0,2,2,2,3,0
6,189.05,0.05,11,3,0,0,1,4,1,1,1
1,7.5,0.0,9,2,0,0,4,4,4,2,0
3,339.15,0.15,7,0,0,0,1,0,3,3,1
6,8.9,0.0,4,0,0,0,4,5,3,0,0
7,1839.2,0.2,10,4,0,1,0,5,0,2,0
6,35.1,0.1,12,6,0,0,3,1,3,1,1
7,55.2,0.2,11,2,0,0,2,1,0,1,0
6,22.41,0.1,6,5,0,1,4,4,3,3,0
4,199.0,0.0,9,0,0,0,1,3,2,2,1
4,29.9,0.0,5,6,0,0,3,2,2,0,1
4,2999.0,0.0,1,2,0,0,0,0,2,1,0
4,764.15,0.15,9,2,0,0,0,3,3,2,0
7,1169.1,0.1,8,1,0,0,0,3,2,3,0
6,3.82,0.15,3,4,0,1,4,2,0,0,0
3,106.8,0.2,10,6,1,0,2,3,3,2,0
2,37.05,0.05,7,6,0,0,2,1,0,3,0
4,89.1,0.1,3,4,0,1,1,4,2,0,1
5,141.55,0.05,1,6,0,0,0,4,2,1,0
3,29.0,0.0,3,0,0,0,2,4,1,0,0
1,89.0,0.0,2,3,0,0,0,2,2,1,0
4,89.0,0.0,2,3,0,0,2,3,2,1,0
8,71.2,0.2,9,4,0,1,2,0,0,2,1
4,16.91,0.15,5,4,0,1,3,0,2,0,0
2,149.0,0.0,4,2,0,0,1,3,2,0,1
3,19.9,0.0,4,1,0,0,3,2,0,0,1
5,3799.05,0.05,3,1,0,0,0,3,2,0,0
3,12.9,0.0,5,4,0,1,4,2,0,0,0
7,159.2,0.2,9,3,0,0,1,5,2,2,1
8,99.0,0.0,6,3,0,0,2,2,0,3,1
1,46.55,0.05,6,6,0,0,3,5,1,3,0
3,39.2,0.2,1,6,0,0,0,2,0,1,0
3,89.0,0.0,8,6,0,0,1,4,0,3,1
7,15.92,0.2,10,2,0,0,3,5,3,2,1
3,149.0,0.0,12,6,0,0,1,1,2,1,1
3,7.5,0.0,1,4,0,1,4,2,3,1,0
1,44.0,0.0,6,6,0,0,3,5,2,3,1
2,84.55,0.05,12,0,0,0,2,2,0,1,0
4,63.18,0.1,4,1,1,0,1,0,4,0,1
6,14.9,0.0,11,6,0,0,3,5,1,1,1
5,399.0,0.0,12,1,0,0,2,4,2,1,0
6,2399.2,0.2,3,1,0,0,0,0,3,0,0
7,6.71,0.15,8,2,0,0,4,4,2,3,0
4,33.15,0.15,10,3,0,0,3,3,0,2,0
8,134.1,0.1,6,1,0,0,1,5,4,3,1
1,119.2,0.2,11,3,0,0,2,3,2,1,0
6,29.0,0.0,2,1,0,0,2,1,3,1,0
6,2374.05,0.05,1,6,0,0,0,0,1,1,0
6,31.2,0.2,4,6,0,0,2,4,2,0,0
7,69.0,0.0,12,4,0,1,3,3,2,1,1
3,8.9,0.0,3,3,0,0,4,2,1,0,0
5,2499.0,0.0,1,4,0,1,0,1,3,1,0
6,3999.0,0.0,5,4,0,1,0,0,1,0,0
3,1104.15,0.15,4,2,0,0,0,0,2,0,0
7,141.55,0.05,4,1,0,0,1,2,2,0,1
1,126.65,0.15,6,6,0,0,1,1,1,3,1
1,3999.0,0.0,11,0,0,0,0,4,2,1,0
2,2999.0,0.0,7,3,0,0,0,2,3,3,0
5,22.41,0.1,11,0,0,0,4,4,2,1,0
7,44.1,0.1,8,4,0,1,3,3,0,3,1
6,6.9,0.0,10,5,0,1,4,5,2,2,0
3,11.61,0.1,9,0,0,0,4,4,0,2,0
6,35.1,0.1,10,5,0,1,3,0,3,2,1
7,33.15,0.15,11,3,0,0,2,1,0,1,1
3,5.9,0.0,9,4,0,1,4,1,0,2,0
7,5.52,0.2,8,2,0,0,4,4,0,3,0
5,2549.15,0.15,10,0,0,0,0,5,2,2,0
4,39.2,0.2,5,2,0,0,0,3,2,0,0
2,29.0,0.0,8,4,0,1,2,1,2,3,1
5,359.1,0.1,8,3,0,0,2,2,4,3,0
4,17.95,0.05,2,6,0,0,3,1,2,1,1
1,3999.0,0.0,5,1,0,0,0,5,1,0,0
7,29.9,0.0,2,1,0,0,3,4,0,1,1
5,38.9,0.0,7,6,0,0,4,3,2,3,0
3,14.15,0.05,12,4,0,1,3,4,4,1,1
7,29.0,0.0,5,6,0,0,2,0,2,0,0
4,2399.2,0.2,7,3,0,0,0,0,0,3,0
7,12.9,0.0,6,0,0,0,4,3,3,3,0
5,1039.2,0.2,3,0,0,0,0,5,3,0,0
3,2499.0,0.0,8,3,0,0,0,5,2,3,0
3,46.55,0.05,11,2,0,0,3,1,2,1,1
8,189.05,0.05,5,1,0,0,1,0,3,0,1
6,5.52,0.2,2,3,0,0,4,1,2,1,0
5,24.9,0.0,12,4,0,1,3,1,2,1,1
7,49.0,0.0,6,4,0,1,2,4,3,3,0
7,22.41,0.1,8,3,0,0,4,2,4,3,0
1,109.65,0.15,9,1,0,0,2,1,1,2,0
3,44.1,0.1,2,6,0,0,2,1,1,1,1
4,1618.2,0.0,12,1,1,0,0,5,3,1,0
4,809.1,0.1,11,0,0,0,0,2,3,1,0
5,6.9,0.0,7,3,0,0,4,0,0,3,0
7,122.55,0.05,2,2,0,0,2,3,3,1,0
8,24.9,0.0,3,4,0,1,3,5,3,0,1
5,212.32,0.05,10,2,1,0,1,2,2,2,1
5,149.0,0.0,7,2,0,0,0,2,2,3,0
6,279.0,0.0,4,6,0,0,1,4,3,0,1
5,11.92,0.2,3,2,0,0,3,2,0,0,1
3,67.15,0.15,12,6,0,0,1,3,2,1,1
2,31.12,0.2,11,2,0,0,4,0,0,1,0
7,2659.05,0.05,3,6,0,0,0,0,2,0,0
3,4.5,0.0,8,3,0,0,4,2,3,3,0
4,89.0,0.0,12,0,0,0,1,3,4,1,1
5,44.96,0.15,1,2,0,0,4,1,4,1,0
2,26.1,0.1,5,0,0,0,2,2,3,0,1
6,14.9,0.0,12,2,0,0,4,4,1,1,0
7,11.92,0.2,4,3,0,0,4,4,2,0,0
4,37.25,0.0,4,4,1,1,3,2,2,0,1
4,4.72,0.2,1,2,0,0,4,3,1,1,0
1,179.1,0.1,6,6,0,0,1,1,3,3,1
8,7.9,0.0,9,0,0,0,4,1,4,2,0
4,6.55,0.05,4,6,0,0,4,1,4,0,0
5,6.9,0.0,2,4,0,1,4,1,4,1,0
8,14.9,0.0,9,2,0,0,3,4,2,2,1
5,89.0,0.0,12,0,0,0,2,2,1,1,1
7,42.32,0.2,2,1,0,0,4,4,2,1,0
3,59.0,0.0,9,3,0,0,2,3,2,2,1
1,899.0,0.0,1,0,0,0,0,4,1,1,0
5,24.65,0.15,10,4,0,1,2,0,2,2,1
6,49.0,0.0,10,6,0,0,0,2,1,2,0
1,46.55,0.05,7,6,0,0,3,4,4,3,1
2,79.0,0.0,6,4,0,1,1,3,2,3,1
3,2799.0,0.0,4,1,0,0,0,1,2,0,0
3,109.65,0.15,5,4,0,1,2,1,4,0,0
4,26.1,0.1,8,1,0,0,2,4,3,3,1
3,69.0,0.0,12,0,0,0,1,3,3,1,1
6,129.0,0.0,9,0,0,0,1,1,2,2,1
2,189.05,0.05,4,3,0,0,1,2,2,0,1
1,9.9,0.0,5,1,0,0,4,3,2,0,0
5,199.0,0.0,9,6,0,0,1,5,3,2,1
5,664.05,0.05,8,4,0,1,0,3,2,3,0
2,199.0,0.0,12,3,0,0,1,1,0,1,1
5,319.2,0.2,9,3,0,0,2,2,0,2,0
1,1299.0,0.0,2,1,0,0,0,3,2,1,0
4,6.32,0.2,3,2,0,0,4,5,1,0,0
8,2519.1,0.1,12,1,0,0,0,2,4,1,0
3,14.15,0.05,12,1,0,0,3,4,4,1,1
2,399.0,0.0,8,1,0,0,2,2,4,3,0
4,284.05,0.05,9,1,0,0,0,3,1,2,0
7,12.66,0.15,11,3,0,0,3,5,2,1,1
2,169.15,0.15,9,4,0,1,1,3,2,2,1
7,116.1,0.1,9,6,0,0,2,1,3,2,1
5,122.55,0.05,5,5,0,1,2,4,2,0,1
1,8.42,0.15,5,3,0,0,4,3,2,0,0
4,17.91,0.1,3,3,0,0,3,5,2,0,1
2,134.1,0.1,2,4,0,1,1,4,3,1,1
5,75.05,0.05,4,3,0,0,1,2,0,0,1
8,134.1,0.1,11,1,0,0,1,2,0,1,1
6,16.91,0.15,1,1,0,0,3,4,3,1,1
2,119.2,0.2,12,4,0,1,0,2,0,1,0
2,35.2,0.2,5,4,0,1,3,1,3,0,1
8,142.4,0.0,10,6,1,0,3,2,2,2,1
6,15.92,0.2,8,6,0,0,3,3,2,3,1
3,2069.1,0.1,7,4,0,1,0,3,0,3,0
4,7.57,0.15,3,1,0,0,4,5,3,0,0
2,15.92,0.2,3,2,0,0,3,2,2,0,0
2,44.0,0.0,6,4,0,1,3,4,3,3,1
3,10.32,0.2,11,1,0,0,4,5,3,1,0
6,14.9,0.0,8,3,0,0,3,0,3,3,1
6,69.0,0.0,5,0,0,0,3,0,4,0,1
7,149.0,0.0,8,4,0,1,1,5,0,3,1
1,89.0,0.0,9,1,0,0,0,2,2,2,0
6,160.2,0.0,12,3,1,0,2,2,2,1,0
1,58.65,0.15,9,1,0,0,2,1,2,2,0
2,9.9,0.0,12,0,0,0,4,2,1,1,0
8,699.0,0.0,8,4,0,1,0,5,1,3,0
7,31.2,0.2,3,6,0,0,3,3,2,0,1
6,8.01,0.1,4,2,0,0,4,0,2,0,0
1,594.15,0.15,4,0,0,0,0,4,3,0,0
5,23.65,0.05,10,5,0,1,4,0,0,2,0
8,116.1,0.1,11,3,0,0,2,0,4,1,1
5,12.9,0.0,1,0,0,0,4,3,1,1,0
4,7.5,0.05,3,4,0,1,4,2,0,0,0
7,7.12,0.2,9,6,0,0,4,0,2,2,0
3,80.1,0.1,2,2,0,0,1,5,1,1,1
2,134.1,0.1,6,2,0,0,2,5,2,3,1
5,284.05,0.05,8,5,0,1,0,1,1,3,0
1,6.9,0.0,6,2,0,0,4,3,2,3,0
7,89.0,0.0,10,1,0,0,1,5,2,2,1
5,21.16,0.15,5,1,0,0,4,2,2,0,0
6,71.2,0.2,7,6,0,0,3,5,3,3,1
1,41.8,0.05,3,3,0,0,3,5,4,0,1
3,24.9,0.0,10,4,0,1,3,3,1,2,1
6,39.2,0.2,11,4,0,1,3,3,3,1,0
8,299.0,0.0,12,2,0,0,0,1,2,1,0
7,119.2,0.2,10,2,0,0,1,0,2,2,1
4,13.41,0.1,2,6,0,0,4,3,4,1,0
4,5.31,0.1,10,0,0,0,4,2,0,2,0
4,89.0,0.0,8,1,0,0,1,1,3,3,1
2,99.0,0.0,4,0,0,0,2,0,2,0,0
4,13.41,0.1,1,1,0,0,3,5,3,1,1
3,49.0,0.0,5,2,0,0,3,4,2,0,1
3,31.12,0.2,6,0,0,0,4,4,0,3,0
3,199.0,0.0,4,5,0,1,1,5,3,0,1
8,5.87,0.15,7,1,0,0,4,3,0,3,0
8,3.82,0.15,5,6,0,0,4,2,4,0,0
7,29.0,0.0,8,4,0,1,2,1,2,3,1
3,11.9,0.0,1,2,0,0,4,3,2,1,0
2,5499.0,0.0,8,3,0,0,0,3,2,3,0
7,899.0,0.0,12,5,0,1,0,5,2,1,0
7,141.55,0.05,2,2,0,0,2,5,2,1,0
6,3.6,0.2,12,2,0,0,4,4,2,1,0
6,1499.0,0.0,4,6,0,0,0,0,1,0,0
8,12.25,0.05,4,3,0,0,4,2,3,0,0
4,11.61,0.1,10,4,0,1,4,2,1,2,0
7,8.01,0.1,12,6,0,0,4,5,2,1,0
3,12.9,0.0,8,6,0,0,2,5,4,3,0
7,39.2,0.2,2,0,0,0,1,3,0,1,1
2,84.55,0.05,8,3,0,0,3,5,3,3,1
1,89.0,0.0,1,3,0,0,1,3,3,1,1
6,149.0,0.0,4,4,0,1,1,3,0,0,1
3,14.9,0.0,7,6,0,0,4,0,0,3,0
5,1499.0,0.0,7,4,0,1,0,5,0,3,0
1,1299.0,0.0,7,1,0,0,0,0,0,3,0
4,79.0,0.0,1,1,0,0,1,1,1,1,1
1,41.65,0.15,8,2,0,0,2,5,1,3,0
6,149.0,0.0,10,6,0,0,1,3,2,2,1
2,4.5,0.0,2,3,0,0,4,4,2,1,0
5,37.4,0.15,7,2,0,0,3,0,2,3,0
8,56.05,0.05,5,6,0,0,2,2,0,0,0
8,19.9,0.0,5,6,0,0,3,5,4,0,1
2,1169.1,0.1,2,4,0,1,0,1,3,1,0
7,69.0,0.0,10,1,0,0,3,2,2,2,1
3,39.2,0.2,3,3,0,0,3,0,2,0,1
5,269.1,0.1,2,3,0,0,0,3,0,1,0
2,6.9,0.0,6,4,0,1,4,0,2,3,0
3,339.15,0.15,12,0,0,0,1,3,1,1,1
8,2124.15,0.15,1,3,0,0,0,5,2,1,0
4,63.2,0.2,10,0,0,0,1,5,4,2,1
7,8.55,0.0,3,3,1,0,4,5,2,0,0
2,11.61,0.1,8,0,0,0,2,1,0,3,0
5,18.9,0.0,1,0,0,0,3,2,2,1,1
7,6.21,0.1,4,3,0,0,4,5,0,0,0
8,2379.15,0.15,11,1,0,0,0,4,4,1,0
7,160.2,0.0,12,2,1,0,2,2,0,1,1
8,5.9,0.0,11,1,0,0,4,2,2,1,0
5,3.82,0.15,3,2,0,0,4,5,2,0,0
2,2519.1,0.1,9,3,0,0,0,5,4,2,0
5,14.9,0.0,6,4,0,1,3,5,1,3,1
4,126.65,0.15,10,2,0,0,1,2,2,2,1
6,31.12,0.2,6,5,0,1,4,5,0,3,0
6,94.05,0.05,5,4,0,1,2,0,2,0,1
8,199.0,0.0,5,6,0,0,1,2,2,0,1
1,39.2,0.2,4,2,0,0,3,5,2,0,1
3,12.9,0.0,10,3,0,0,4,2,0,2,0
6,53.1,0.1,8,1,0,0,2,4,2,3,0
4,71.2,0.2,5,1,0,0,1,3,3,0,1
4,89.0,0.0,1,4,0,1,2,4,0,1,0
2,79.2,0.2,7,4,0,1,1,5,2,3,1
2,33.15,0.15,10,3,0,0,1,1,3,2,1
1,899.0,0.0,5,1,0,0,0,1,2,0,0
3,6.9,0.0,3,0,0,0,4,5,2,0,0
2,149.0,0.0,4,6,0,0,2,0,2,0,0
2,126.65,0.15,5,4,0,1,2,4,3,0,0
6,70.2,0.0,12,0,1,0,3,4,2,1,1
6,149.0,0.0,9,2,0,0,1,1,2,2,1
5,133.5,0.0,10,2,1,0,2,0,0,2,0
8,141.55,0.05,2,2,0,0,1,5,0,1,1
2,4.5,0.0,3,5,0,1,4,0,2,0,0
5,122.55,0.05,4,6,0,0,2,3,2,0,0
2,65.55,0.05,11,1,0,0,1,4,2,1,1
3,559.2,0.2,4,4,0,1,0,4,3,0,0
7,10.32,0.2,7,6,0,0,2,4,0,3,0
3,399.0,0.0,5,0,0,0,1,0,0,0,1
8,359.1,0.1,6,0,0,0,2,2,4,3,1
2,169.15,0.15,7,4,0,1,1,2,0,3,1
1,664.05,0.05,11,2,0,0,0,5,3,1,0
8,149.0,0.0,8,3,0,0,1,2,0,3,1
5,79.0,0.0,10,2,0,0,1,4,2,2,1
2,89.0,0.0,9,4,0,1,2,0,0,2,1
6,29.0,0.0,6,0,0,0,2,1,1,3,1
5,2239.2,0.2,1,0,0,0,0,2,2,1,0
8,3.6,0.2,8,3,0,0,4,5,0,3,0
8,6.9,0.0,2,6,0,0,4,2,3,1,0
4,399.0,0.0,1,3,0,0,2,1,4,1,1
7,13.41,0.1,10,5,0,1,3,5,0,2,1
2,159.2,0.2,2,3,0,0,1,0,1,1,1
5,14.9,0.0,7,1,0,0,4,4,2,3,0
2,2549.15,0.15,7,2,0,0,0,1,2,3,0
4,37.05,0.05,4,1,0,0,3,3,2,0,1
1,39.0,0.0,10,2,0,0,3,1,2,2,1
8,1349.1,0.1,12,3,0,0,0,1,2,1,0
4,178.2,0.0,4,1,1,0,1,5,2,0,1
8,1274.15,0.15,8,4,0,1,0,5,4,3,0
2,33.15,0.15,7,4,0,1,3,0,3,3,1
5,89.0,0.0,3,1,0,0,1,4,4,0,1
6,49.0,0.0,8,0,0,0,2,1,4,3,1
6,80.1,0.1,9,6,0,0,2,4,2,2,0
8,7.11,0.1,12,1,0,0,4,5,0,1,0
7,2799.0,0.0,8,4,0,1,0,5,3,3,0
8,19.92,0.2,5,3,0,0,3,2,2,0,1
8,46.55,0.05,11,6,0,0,3,4,2,1,0
1,84.55,0.05,9,0,0,0,2,4,3,2,0
1,12.66,0.15,5,2,0,0,4,5,3,0,0
1,89.0,0.0,1,6,0,0,2,3,0,1,1
7,2999.0,0.0,6,6,0,0,0,3,0,3,0
7,80.1,0.1,11,1,0,0,2,5,4,1,0
8,149.0,0.0,2,4,0,1,2,3,3,1,1
2,199.0,0.0,3,3,0,0,1,0,0,0,1
1,2379.15,0.15,1,2,0,0,0,1,0,1,0
2,89.0,0.0,8,3,0,0,1,0,4,3,1
1,4399.2,0.2,9,1,0,0,0,5,4,2,0
2,629.1,0.1,12,4,0,1,0,3,0,1,0
2,69.0,0.0,3,4,0,1,1,4,3,0,1
2,11.92,0.2,2,4,0,1,4,3,2,1,0
6,7.5,0.0,2,1,0,0,4,4,1,1,0
5,65.55,0.05,2,0,0,0,1,1,3,1,1
5,26.91,0.1,5,2,0,0,3,1,2,0,1
5,94.05,0.05,7,1,0,0,1,5,2,3,1
6,37.05,0.05,11,1,0,0,3,2,3,1,1
2,94.05,0.05,5,6,0,0,1,3,3,0,1
6,1999.2,0.2,10,6,0,0,0,5,1,2,0
3,169.57,0.05,10,2,1,0,1,5,3,2,1
4,33.15,0.15,4,0,0,0,3,1,0,0,1
6,95.2,0.2,2,6,0,0,1,4,2,1,1
6,59.0,0.0,7,4,0,1,2,0,1,3,1
8,59.0,0.0,6,6,0,0,2,5,2,3,1
4,27.55,0.05,1,3,0,0,2,3,1,1,1
4,134.1,0.1,5,4,0,1,2,5,2,0,0
5,80.1,0.1,2,2,0,0,2,4,0,1,0
3,2519.1,0.1,10,4,0,1,0,0,0,2,0
3,46.55,0.05,12,1,0,0,2,3,1,1,1
7,189.05,0.05,1,0,0,0,1,2,3,1,1
4,399.0,0.0,5,0,0,0,2,5,2,0,1
7,664.05,0.05,9,4,0,1,0,1,2,2,0
4,80.1,0.1,5,6,0,0,1,4,0,0,1
7,75.65,0.15,6,6,0,0,2,2,0,3,0
4,44.0,0.0,3,3,0,0,3,3,0,0,1
1,89.0,0.0,4,3,0,0,1,3,0,0,1
4,44.1,0.1,2,1,0,0,3,2,0,1,1
7,69.0,0.0,5,0,0,0,1,5,0,0,1
1,169.15,0.15,1,2,0,0,1,4,1,1,1
6,399.0,0.0,8,2,0,0,2,2,3,3,1
1,9.9,0.0,6,1,0,0,4,0,2,3,0
7,2379.15,0.15,12,6,0,0,0,4,2,1,0
3,2374.05,0.05,2,0,0,0,0,5,2,1,0
8,27.55,0.05,7,6,0,0,2,5,2,3,1
5,59.0,0.0,9,0,0,0,2,5,3,2,1
4,69.0,0.0,2,3,0,0,1,3,2,1,1
4,80.1,0.1,2,2,0,0,2,5,2,1,1
1,1299.0,0.0,1,0,0,0,0,5,2,1,0
2,149.0,0.0,6,4,0,1,2,1,2,3,0
1,11.9,0.0,5,1,0,0,4,5,3,0,0
1,99.0,0.0,6,1,0,0,2,4,1,3,1
2,71.2,0.2,6,6,0,0,2,3,4,3,1
4,179.1,0.1,6,4,0,1,1,2,2,3,1
7,19.92,0.2,1,1,0,0,3,4,3,1,1
4,25.41,0.15,11,3,0,0,3,3,4,1,1
2,6997.5,0.0,4,3,1,0,0,0,2,0,0
1,299.0,0.0,8,1,0,0,0,0,4,3,0
7,33.15,0.15,5,2,0,0,2,4,2,0,1
5,129.0,0.0,11,4,0,1,2,4,4,1,0
8,25.41,0.15,6,1,0,0,3,1,3,3,1
7,75.65,0.15,1,6,0,0,2,2,3,1,0
1,6.38,0.15,10,4,0,1,4,0,1,2,0
3,15.12,0.2,7,6,0,0,3,4,3,3,1
1,129.0,0.0,6,3,0,0,1,3,4,3,1
3,6.9,0.0,6,3,0,0,4,2,3,3,0
3,2999.0,0.0,12,4,0,1,0,4,2,1,0
6,299.0,0.0,1,2,0,0,0,5,2,1,0
6,719.2,0.2,5,0,0,0,0,2,2,0,0
4,13.41,0.1,3,3,0,0,3,0,2,0,1
4,5224.05,0.05,2,2,0,0,0,4,0,1,0
1,1499.0,0.0,12,3,0,0,0,0,3,1,0
3,71.1,0.1,4,1,0,0,1,4,2,0,1
3,49.0,0.0,4,3,0,0,3,3,3,0,1
2,12.25,0.05,8,1,0,0,2,4,2,3,0
2,79.0,0.0,7,1,0,0,1,2,2,3,1
4,37.05,0.05,2,0,0,0,1,2,2,1,1
2,1954.15,0.15,7,2,0,0,0,4,3,3,0
5,379.05,0.05,2,4,0,1,2,1,2,1,1
7,49.0,0.0,10,6,0,0,3,1,2,2,1
8,31.2,0.2,10,1,0,0,3,5,0,2,1
5,89.0,0.0,4,4,0,1,3,5,2,0,1
2,3998.4,0.0,10,6,1,0,0,5,2,2,0
6,142.2,0.0,12,1,1,0,1,4,0,1,1
2,1499.0,0.0,7,6,0,0,0,1,2,3,0
8,41.65,0.15,5,1,0,0,3,5,0,0,0
5,39.2,0.2,10,4,0,1,3,0,2,2,1
5,166.43,0.15,9,0,1,0,3,5,2,2,1
7,12.25,0.05,1,6,0,0,2,2,2,1,1
3,2699.1,0.1,2,3,0,0,0,2,4,1,0
3,89.0,0.0,5,3,0,0,1,5,1,0,1
1,179.1,0.1,8,2,0,0,1,2,0,3,1
4,119.2,0.2,11,2,0,0,1,2,0,1,1
7,10.32,0.2,12,6,0,0,2,3,0,1,1
8,19.9,0.0,12,0,0,0,3,1,2,1,1
6,299.0,0.0,12,6,0,0,0,3,1,1,0
6,2999.0,0.0,3,2,0,0,0,2,2,0,0
8,399.0,0.0,12,6,0,0,2,1,0,1,1
1,129.0,0.0,4,0,0,0,1,2,2,0,1
5,629.1,0.1,12,2,0,0,0,4,0,1,0
7,16.93,0.05,12,6,1,0,4,5,3,1,0
7,141.55,0.05,12,3,0,0,2,1,4,1,1
4,19.9,0.0,12,6,0,0,3,5,4,1,1
4,4.05,0.1,5,1,0,0,4,3,3,0,0
4,6.9,0.0,6,4,0,1,4,1,2,3,0
5,2399.2,0.2,2,3,0,0,0,2,3,1,0
1,41.65,0.15,8,2,0,0,3,5,2,3,1
8,104.12,0.15,4,2,1,0,3,5,1,0,1
7,319.2,0.2,3,4,0,1,1,0,1,0,1
6,89.0,0.0,6,1,0,0,2,4,4,3,0
4,2799.0,0.0,1,0,0,0,0,3,3,1,0
2,59.0,0.0,5,4,0,1,2,0,2,0,1
5,4.5,0.0,2,4,0,1,4,0,0,1,0
2,2374.05,0.05,7,6,0,0,0,3,1,3,0
8,2659.05,0.05,8,6,0,0,0,1,2,3,0
7,10.32,0.2,3,2,0,0,2,3,3,0,1
1,23.92,0.2,3,4,0,1,3,3,0,0,1
6,11.9,0.0,7,6,0,0,4,0,4,3,0
4,12.9,0.0,11,2,0,0,4,0,3,1,0
4,14.15,0.05,9,2,0,0,4,4,0,2,0
1,19.9,0.0,10,2,0,0,3,0,4,2,1
3,84.55,0.05,1,5,0,1,1,2,0,1,1
5,44.0,0.0,8,3,0,0,3,4,2,3,1
6,109.65,0.15,1,1,0,0,1,2,2,1,1
7,126.65,0.15,10,1,0,0,1,1,3,2,1
4,17.95,0.05,7,1,0,0,3,3,2,3,1
4,94.05,0.05,9,4,0,1,2,1,4,2,0
8,79.0,0.0,10,3,0,0,1,2,4,2,1
6,5.61,0.05,3,4,0,1,4,0,0,0,0
7,2519.1,0.1,6,5,0,1,0,0,4,3,0
6,31.2,0.2,5,2,0,0,1,1,1,0,1
3,17.95,0.05,11,0,0,0,3,2,0,1,1
5,4.5,0.0,8,5,0,1,4,2,2,3,0
5,39.0,0.0,3,4,0,1,3,0,0,0,0
4,33.06,0.15,1,0,0,0,4,0,1,1,0
4,29.0,0.0,5,1,0,0,2,3,3,0,1
7,56.05,0.05,2,4,0,1,2,0,1,1,0
8,6.21,0.1,8,5,0,1,4,3,0,3,0
1,46.55,0.05,11,0,0,0,0,3,1,1,0
5,33.15,0.15,8,3,0,0,3,4,0,3,1
1,41.65,0.15,12,1,0,0,3,2,0,1,1
3,71.2,0.2,10,0,0,0,1,5,4,2,1
7,19.92,0.2,8,1,0,0,4,0,0,3,0
7,99.0,0.0,6,3,0,0,2,0,3,3,1
1,7.5,0.05,1,2,0,0,4,5,4,1,0
2,126.65,0.15,1,5,0,1,0,2,3,1,0
6,39.2,0.2,11,3,0,0,3,5,3,1,1
1,89.1,0.1,2,2,0,0,2,4,0,1,1
7,26.91,0.1,5,3,0,0,3,3,4,0,1
4,149.0,0.0,8,0,0,0,0,5,2,3,0
5,18.9,0.0,5,1,0,0,3,3,1,0,1
2,80.1,0.1,5,1,0,0,2,5,3,0,0
6,59.0,0.0,11,1,0,0,2,2,4,1,1
5,126.65,0.15,12,6,0,0,0,3,2,1,0
2,2659.05,0.05,5,3,0,0,0,5,0,0,0
5,339.15,0.15,8,4,0,1,2,5,3,3,0
1,149.0,0.0,3,4,0,1,1,5,0,0,1
6,89.0,0.0,6,4,0,1,0,2,4,3,0
3,7.5,0.05,2,1,0,0,4,5,3,1,0
1,6.75,0.1,9,0,0,0,4,0,2,2,0
3,116.1,0.1,5,6,0,0,2,4,3,0,1
6,39.2,0.2,4,0,0,0,1,4,3,0,1
6,116.1,0.1,3,3,0,0,2,5,0,0,0
2,84.55,0.05,1,3,0,0,2,1,0,1,0
7,10.32,0.2,1,2,0,0,4,2,1,1,0
1,11.61,0.1,8,6,0,0,2,0,2,3,1
2,8.46,0.05,3,2,0,0,4,4,3,0,0
5,129.0,0.0,4,2,0,0,2,4,0,0,1
3,37.4,0.15,7,3,0,0,3,3,2,3,1
1,5.87,0.15,12,2,0,0,4,0,0,1,0
6,699.0,0.0,8,0,0,0,0,1,0,3,0
4,17.95,0.05,4,0,0,0,3,5,3,0,1
8,46.55,0.05,1,1,0,0,0,5,2,1,0
3,10.32,0.2,5,6,0,0,2,2,2,0,1
5,129.0,0.0,8,4,0,1,1,0,2,3,1
2,24.65,0.15,12,4,0,1,2,4,1,1,1
1,49.0,0.0,12,4,0,1,1,0,4,1,1
6,55.2,0.2,3,5,0,1,3,2,2,0,1
7,18.9,0.05,7,6,0,0,3,4,3,3,1
7,2659.05,0.05,11,1,0,0,0,4,2,1,0
2,49.0,0.0,8,2,0,0,3,2,3,3,1
1,2499.0,0.0,9,3,0,0,0,1,4,2,0
7,53.1,0.1,1,0,0,0,2,2,3,1,0
8,11.61,0.1,9,2,0,0,2,0,2,2,0
3,251.1,0.1,4,0,0,0,1,4,2,0,1
8,41.65,0.15,5,1,0,0,3,3,2,0,1
1,899.0,0.0,10,4,0,1,0,2,3,2,0
5,62.1,0.1,9,1,0,0,3,3,2,2,1
4,119.2,0.2,5,6,0,0,0,3,2,0,0
1,149.0,0.0,6,3,0,0,2,4,2,3,1
2,10.32,0.2,8,3,0,0,2,5,2,3,1
2,2799.0,0.0,9,6,0,0,0,1,0,2,0
8,149.0,0.0,9,4,0,1,0,5,2,2,0
1,35.1,0.1,11,1,0,0,3,1,4,1,1
3,89.0,0.0,6,6,0,0,2,3,0,3,1
3,1499.0,0.0,1,0,0,0,0,2,1,1,0
7,5.61,0.05,11,1,0,0,4,4,4,1,0
1,33.15,0.15,7,4,0,1,3,3,3,3,1
7,6.55,0.05,1,2,0,0,4,1,2,1,0
8,49.0,0.0,7,0,0,0,2,2,4,3,0
8,89.0,0.0,8,4,0,1,1,5,4,3,1
4,141.55,0.05,9,6,0,0,1,4,0,2,1
8,10.49,0.05,10,0,1,0,4,0,4,2,0
7,99.0,0.0,12,2,0,0,1,0,2,1,1
2,134.1,0.1,1,1,0,0,1,4,2,1,1
3,11.92,0.2,2,2,0,0,4,0,2,1,0
1,159.2,0.2,8,4,0,1,1,3,4,3,1
7,5.52,0.2,7,6,0,0,4,0,3,3,0
8,94.05,0.05,9,2,0,0,1,4,0,2,1
6,12.9,0.0,5,4,0,1,4,0,0,0,0
6,149.0,0.0,9,0,0,0,0,4,0,2,0
2,629.1,0.1,7,0,0,0,0,0,1,3,0
2,41.65,0.15,12,2,0,0,1,5,3,1,1
7,41.65,0.15,7,4,0,1,1,0,1,3,1
8,14.9,0.0,8,6,0,0,4,0,4,3,0
5,69.0,0.0,4,3,0,0,3,5,2,0,1
3,99.0,0.0,10,6,0,0,1,2,2,2,1
7,7.5,0.05,6,3,0,0,4,2,0,3,0
6,7.12,0.2,11,4,0,1,4,1,0,1,0
1,14.9,0.0,3,3,0,0,4,3,0,0,0
7,29.9,0.0,3,2,0,0,3,4,1,0,1
4,2499.0,0.0,6,4,0,1,0,2,0,3,0
8,8.9,0.0,5,6,0,0,4,4,2,0,0
1,10.71,0.1,6,5,0,1,4,2,3,3,0
2,1349.1,0.1,9,0,0,0,0,2,2,2,0
3,5.52,0.2,8,1,0,0,4,4,4,3,0
1,69.0,0.0,7,6,0,0,1,2,1,3,1
2,2499.0,0.0,11,2,0,0,0,0,0,1,0
1,147.5,0.0,4,4,1,1,2,3,2,0,1
6,33.15,0.15,8,2,0,0,2,5,0,3,1
3,8.42,0.15,7,1,0,0,4,0,2,3,0
2,42.32,0.2,2,1,0,0,4,0,2,1,0
8,15.92,0.2,11,6,0,0,3,4,0,1,1
6,50.15,0.15,3,0,0,0,2,4,1,0,1
3,126.65,0.15,2,4,0,1,1,5,4,1,1
3,29.9,0.0,2,1,0,0,3,1,2,1,1
7,134.1,0.1,9,6,0,0,2,2,4,2,1
1,7.5,0.05,4,0,0,0,4,3,2,0,0
3,33.06,0.15,3,3,0,0,4,0,2,0,0
7,12.9,0.0,12,0,0,0,4,1,4,1,0
4,17.01,0.1,1,0,0,0,3,2,3,1,1
4,1274.15,0.15,3,3,0,0,0,5,3,0,0
5,1499.0,0.0,3,1,0,0,0,3,2,0,0
8,24.65,0.15,11,6,0,0,2,4,0,1,1
1,49.0,0.0,1,6,0,0,3,5,2,1,1
6,199.0,0.0,9,4,0,1,1,0,4,2,0
5,2379.15,0.15,7,4,0,1,0,2,0,3,0
2,129.0,0.0,7,0,0,0,1,3,0,3,1
7,12.9,0.0,2,3,0,0,4,2,0,1,0
7,113.05,0.05,12,1,0,0,1,4,3,1,1
2,28.4,0.05,11,4,0,1,3,4,4,1,1
4,10.32,0.2,10,3,0,0,2,3,2,2,0
7,299.0,0.0,4,1,0,0,0,0,2,0,0
7,399.0,0.0,7,4,0,1,2,3,2,3,0
6,54.78,0.0,9,0,1,0,4,3,2,2,0
4,10.96,0.15,5,3,0,0,4,4,1,0,0
1,52.9,0.0,7,0,0,0,4,0,1,3,0
6,7.5,0.0,1,1,0,0,4,3,2,1,0
5,12.66,0.15,6,0,0,0,4,3,3,3,0
1,279.0,0.0,1,4,0,1,1,5,2,1,1
7,12.25,0.05,7,2,0,0,4,2,2,3,0
7,89.0,0.0,9,4,0,1,2,1,4,2,1
6,58.65,0.15,3,2,0,0,3,5,4,0,1
1,49.0,0.0,10,3,0,0,3,1,2,2,1
2,359.1,0.1,1,0,0,0,2,1,2,1,0
3,6.9,0.0,6,2,0,0,4,5,2,3,0
3,2549.15,0.15,1,0,0,0,0,0,1,1,0
7,2499.0,0.0,9,6,0,0,0,1,2,2,0
4,39.2,0.2,6,3,0,0,3,4,2,3,1
3,399.0,0.0,12,4,0,1,2,0,4,1,1
3,149.0,0.0,12,0,0,0,0,0,3,1,0
4,3399.15,0.15,12,1,0,0,0,3,4,1,0
1,24.9,0.0,1,0,0,0,4,2,2,1,0
5,2499.0,0.0,5,3,0,0,0,4,3,0,0
3,62.1,0.1,10,1,0,0,2,3,2,2,1
2,149.0,0.0,1,2,0,0,2,1,0,1,1
8,2799.0,0.0,7,2,0,0,0,3,0,3,0
4,18.9,0.0,6,2,0,0,3,1,3,3,1
4,75.65,0.15,3,2,0,0,2,1,2,0,0
1,6.55,0.05,8,2,0,0,4,4,2,3,0
1,99.0,0.0,4,1,0,0,2,3,4,0,0
6,99.0,0.0,1,3,0,0,2,4,2,1,1
1,594.15,0.15,10,0,0,0,0,3,0,2,0
8,99.0,0.0,8,0,0,0,1,1,0,3,1
3,37.05,0.05,2,0,0,0,2,1,0,1,0
7,71.2,0.2,7,2,0,0,1,4,1,3,1
6,2379.15,0.15,11,3,0,0,0,5,2,1,0
8,247.5,0.0,4,5,1,1,2,3,0,0,0
4,62.1,0.1,10,6,0,0,3,0,3,2,1
2,14.9,0.0,9,3,0,0,3,2,0,2,1
4,24.9,0.0,10,6,0,0,4,3,4,2,0
3,126.65,0.15,5,4,0,1,1,0,0,0,1
3,6.38,0.15,4,5,0,1,4,0,2,0,0
5,22.41,0.1,12,5,0,1,4,1,2,1,0
2,4.5,0.0,11,0,0,0,4,3,2,1,0
5,2849.05,0.05,7,3,0,0,0,1,1,3,0
8,764.15,0.15,9,3,0,0,0,1,2,2,0
3,9.9,0.0,10,1,0,0,4,0,0,2,0
6,33.15,0.15,2,4,0,1,3,2,3,1,1
2,12.66,0.15,8,4,0,1,3,0,2,3,1
6,141.55,0.05,2,1,0,0,1,1,0,1,1
1,15.92,0.2,9,1,0,0,3,1,3,2,1
7,49.0,0.0,10,4,0,1,2,0,3,2,1
7,47.2,0.2,5,2,0,0,2,2,2,0,1
7,6.9,0.0,9,4,0,1,4,2,2,2,0
6,12.9,0.0,2,0,0,0,4,4,1,1,0
6,46.55,0.05,10,6,0,0,3,0,0,2,1
6,119.0,0.0,12,4,0,1,1,3,1,1,1
1,89.0,0.0,12,0,0,0,2,0,2,1,0
1,49.0,0.0,11,3,0,0,3,0,3,1,1
2,119.0,0.0,5,4,0,1,1,0,1,0,1
8,142.2,0.0,12,6,1,0,1,3,4,1,1
7,49.0,0.0,1,1,0,0,0,4,2,1,0
2,379.05,0.05,11,4,0,1,1,4,0,1,1
5,1199.2,0.2,2,3,0,0,0,0,2,1,0
3,39.0,0.0,7,0,0,0,3,4,2,3,1
5,58.65,0.15,11,0,0,0,3,5,0,1,0
7,21.16,0.15,5,6,0,0,3,3,2,0,1
8,49.0,0.0,5,0,0,0,2,2,4,0,1
4,29.9,0.0,7,3,0,0,3,4,1,3,1
6,14.9,0.0,3,4,0,1,3,3,3,0,0
1,35.1,0.1,8,3,0,0,2,3,2,3,0
1,49.0,0.0,10,6,0,0,0,1,3,2,0
5,149.0,0.0,4,6,0,0,2,1,2,0,0
3,24.9,0.0,4,4,0,1,4,4,0,0,0
5,7.9,0.0,12,0,0,0,4,2,2,1,0
8,41.8,0.05,3,4,0,1,3,5,2,0,1
6,29.0,0.0,8,2,0,0,2,0,3,3,0
3,63.8,0.0,9,0,1,0,2,2,2,2,0
5,69.0,0.0,9,3,0,0,1,2,4,2,1
1,4674.15,0.15,5,4,0,1,0,4,2,0,0
3,46.55,0.05,1,1,0,0,2,2,0,1,1
2,71.2,0.2,5,4,0,1,1,0,4,0,1
3,9.52,0.2,6,3,0,0,4,1,2,3,0
2,36.95,0.05,3,1,0,0,4,1,0,0,0
6,2069.1,0.1,10,1,0,0,0,3,2,2,0
3,14.9,0.0,10,0,0,0,3,2,1,2,1
1,99.0,0.0,10,6,0,0,2,1,2,2,0
8,149.0,0.0,4,1,0,0,2,1,2,0,0
8,75.05,0.05,7,5,0,1,1,2,3,3,1
2,119.2,0.2,10,6,0,0,0,3,1,2,0
2,2468.1,0.0,3,2,1,0,0,0,4,0,0
5,24.9,0.0,5,4,0,1,3,0,1,0,1
4,359.1,0.1,11,6,0,0,2,1,3,1,0
1,16.06,0.15,6,2,0,0,3,4,1,3,1
2,126.65,0.15,11,6,0,0,2,2,2,1,1
2,9.9,0.0,2,6,0,0,4,3,0,1,0
1,14.15,0.05,7,3,0,0,4,4,3,3,0
8,6.21,0.1,3,1,0,0,4,2,0,0,0
3,141.55,0.05,9,2,0,0,0,0,2,2,0
5,39.6,0.1,4,2,0,0,3,3,2,0,1
7,664.05,0.05,7,4,0,1,0,5,4,3,0
4,44.0,0.0,11,4,0,1,3,2,3,1,0
8,99.0,0.0,11,4,0,1,2,1,1,1,1
6,2799.0,0.0,7,2,0,0,0,4,0,3,0
3,84.15,0.15,3,1,0,0,2,3,0,0,0
5,75.65,0.15,7,0,0,0,3,0,3,3,1
4,49.0,0.0,7,4,0,1,1,5,2,3,1
2,319.2,0.2,6,0,0,0,1,5,2,3,1
7,89.1,0.1,11,2,0,0,1,4,4,1,1
2,24.65,0.15,6,4,0,1,2,3,2,3,0
8,359.1,0.1,3,4,0,1,2,1,3,0,0
5,299.0,0.0,4,2,0,0,0,4,4,0,0
5,199.0,0.0,5,3,0,0,1,3,3,0,1
2,84.55,0.05,4,3,0,0,2,0,4,0,0
8,682.29,0.1,3,3,1,0,1,2,2,0,1
6,65.55,0.05,3,4,0,1,1,5,4,0,1
2,2519.1,0.1,11,4,0,1,0,1,3,1,0
2,3999.0,0.0,3,5,0,1,0,1,0,0,0
4,149.0,0.0,1,3,0,0,1,1,4,1,1
6,33.15,0.15,9,3,0,0,1,0,2,2,1
1,46.55,0.05,6,0,0,0,3,4,3,3,1
5,379.05,0.05,3,2,0,0,2,3,2,0,0
5,58.65,0.15,12,2,0,0,1,5,0,1,1
2,14.15,0.05,6,5,0,1,3,3,3,3,1
2,2849.05,0.05,1,4,0,1,0,5,1,1,0
8,854.05,0.05,8,4,0,1,0,5,4,3,0
5,2299.0,0.0,6,2,0,0,0,2,4,3,0
5,41.65,0.15,9,2,0,0,0,1,3,2,0
6,1104.15,0.15,5,2,0,0,0,5,2,0,0
3,44.0,0.0,3,2,0,0,3,1,3,0,1
7,12.25,0.05,1,6,0,0,2,0,1,1,1
5,399.0,0.0,6,3,0,0,1,4,2,3,1
1,5499.0,0.0,3,0,0,0,0,4,2,0,0
1,39.0,0.0,5,4,0,1,2,4,3,0,1
3,12.66,0.15,8,3,0,0,3,0,4,3,1
6,2999.0,0.0,8,4,0,1,0,2,2,3,0
3,159.2,0.2,7,4,0,1,1,0,2,3,1
4,5.61,0.05,2,6,0,0,4,5,4,1,0
6,8.42,0.15,9,1,0,0,4,4,1,2,0
3,41.65,0.15,2,2,0,0,1,2,4,1,1
2,39.0,0.0,1,1,0,0,2,1,3,1,1
3,25.41,0.15,4,6,0,0,3,4,2,0,1
5,809.1,0.1,11,4,0,1,0,5,1,1,0
4,134.1,0.1,3,3,0,0,0,4,3,0,0
5,2999.0,0.0,1,6,0,0,0,0,2,1,0
8,24.9,0.0,7,3,0,0,4,1,1,3,0
8,11.61,0.1,2,4,0,1,4,3,2,1,0
3,119.2,0.2,11,6,0,0,1,2,3,1,1
4,18.9,0.05,1,0,0,0,3,5,2,1,1
4,69.0,0.0,10,4,0,1,2,0,0,2,0
2,16.06,0.15,12,2,0,0,3,3,0,1,0
2,129.0,0.0,9,1,0,0,1,5,2,2,1
7,2299.0,0.0,7,4,0,1,0,3,2,3,0
8,89.0,0.0,8,0,0,0,2,5,0,3,1
7,49.0,0.0,4,6,0,0,2,1,3,0,1
1,6.9,0.0,9,2,0,0,4,0,1,2,0
2,2499.0,0.0,5,6,0,0,0,2,4,0,0
4,6.9,0.0,2,0,0,0,4,0,2,1,0
6,31.2,0.2,1,5,0,1,1,3,1,1,1
3,12.9,0.0,10,0,0,0,4,3,2,2,0
3,52.9,0.0,3,3,0,0,4,3,2,0,0
3,59.0,0.0,7,4,0,1,2,0,4,3,1
6,99.0,0.0,10,2,0,0,1,4,4,2,1
5,37.25,0.0,4,1,1,0,4,5,4,0,0
3,2499.0,0.0,4,0,0,0,0,5,3,0,0
5,2499.0,0.0,8,6,0,0,0,4,0,3,0
5,149.0,0.0,4,1,0,0,1,3,0,0,1
7,55.2,0.2,10,1,0,0,1,3,1,2,1
4,49.0,0.0,1,1,0,0,3,3,2,1,1
7,23.92,0.2,12,4,0,1,3,5,0,1,1
6,399.0,0.0,7,3,0,0,2,1,0,3,0
3,23.65,0.05,8,5,0,1,4,0,1,3,0
8,11.92,0.2,4,6,0,0,3,3,1,0,1
7,23.65,0.05,3,5,0,1,3,4,1,0,1
4,84.55,0.05,9,3,0,0,2,3,2,2,0
7,126.65,0.15,1,1,0,0,2,3,2,1,1
7,129.0,0.0,10,4,0,1,1,4,0,2,1
7,664.05,0.05,11,6,0,0,0,4,0,1,0
4,129.0,0.0,11,3,0,0,2,0,0,1,1
6,251.1,0.1,7,0,0,0,1,1,2,3,1
2,14.15,0.05,5,1,0,0,3,1,2,0,1
2,141.55,0.05,8,2,0,0,0,1,3,3,0
4,27.41,0.15,4,2,1,0,4,2,0,0,0
7,2799.0,0.0,5,2,0,0,0,0,2,0,0
7,10.32,0.2,8,4,0,1,4,4,0,3,0
7,5.87,0.15,9,5,0,1,4,1,4,2,0
5,7.12,0.05,7,1,0,0,4,4,3,3,0
6,10.96,0.15,2,1,0,0,2,3,3,1,0
5,49.0,0.0,7,0,0,0,3,4,4,3,1
3,12.66,0.15,4,2,0,0,3,4,2,0,1
2,41.65,0.15,9,4,0,1,2,4,2,2,1
1,379.05,0.05,7,2,0,0,2,2,2,3,1
1,222.5,0.0,4,2,1,0,0,3,2,0,0
2,84.55,0.05,3,4,0,1,1,4,2,0,1
2,89.0,0.0,5,6,0,0,1,2,3,0,1
7,71.2,0.2,4,6,0,0,1,3,2,0,1
5,38.9,0.0,2,5,0,1,4,2,2,1,0
1,89.0,0.0,5,6,0,0,2,0,2,0,1
1,12.9,0.0,5,1,0,0,4,2,4,0,0
3,24.9,0.0,6,0,0,0,4,5,0,3,0
2,80.1,0.1,5,5,0,1,2,5,4,0,1
4,149.0,0.0,11,0,0,0,1,2,2,1,1
2,14.15,0.05,2,3,0,0,4,0,2,1,0
6,119.2,0.2,7,6,0,0,2,2,2,3,0
4,7.9,0.0,9,2,0,0,4,1,2,2,0
5,94.05,0.05,7,2,0,0,1,1,3,3,1
2,14.9,0.0,1,6,0,0,3,2,2,1,1
3,141.55,0.05,9,3,0,0,2,2,4,2,1
6,2184.05,0.05,6,4,0,1,0,2,0,3,0
4,80.1,0.1,2,0,0,0,0,0,2,1,0
2,24.65,0.15,6,0,0,0,2,1,2,3,1
3,149.0,0.0,2,4,0,1,1,2,2,1,1
2,7.9,0.0,12,4,0,1,4,5,2,1,0
7,46.83,0.15,3,3,1,0,2,5,1,0,1
6,49.0,0.0,1,6,0,0,2,5,1,1,0
1,89.0,0.0,12,4,0,1,2,4,1,1,0
5,13.41,0.1,1,0,0,0,4,0,2,1,0
5,359.1,0.1,12,3,0,0,2,3,4,1,0
6,37.05,0.05,3,2,0,0,1,5,2,0,1
3,55.2,0.2,4,2,0,0,1,3,2,0,1
7,7.5,0.05,1,4,0,1,4,1,3,1,0
1,199.0,0.0,9,4,0,1,1,1,0,2,1
1,69.0,0.0,2,4,0,1,2,5,4,1,0
7,6.75,0.1,8,5,0,1,4,3,0,3,0
8,31.2,0.2,5,6,0,0,1,4,4,0,1
1,339.15,0.15,7,5,0,1,2,1,2,3,1
3,129.0,0.0,7,1,0,0,2,5,0,3,0
3,12.9,0.0,1,6,0,0,4,1,3,1,0
1,44.1,0.1,10,0,0,0,3,4,2,2,1
6,80.1,0.1,7,6,0,0,0,3,3,3,0
5,94.05,0.05,9,4,0,1,1,5,2,2,1
4,7.9,0.0,8,4,0,1,4,3,2,3,0
3,899.0,0.0,3,2,0,0,0,3,4,0,0
2,10.12,0.15,12,6,0,0,4,4,3,1,0
4,5.9,0.0,1,6,0,0,4,2,3,1,0
5,6.9,0.0,9,0,0,0,4,2,4,2,0
2,80.1,0.1,8,6,0,0,1,1,4,3,1
5,24.9,0.0,11,0,0,0,3,4,4,1,1
3,26.1,0.1,8,0,0,0,2,0,3,3,1
7,69.0,0.0,3,2,0,0,3,5,2,0,1
8,7.11,0.1,12,3,0,0,4,2,3,1,0
8,8.9,0.0,8,3,0,0,4,4,0,3,0
6,13.41,0.1,5,5,0,1,3,2,1,0,1
5,126.65,0.15,10,1,0,0,1,0,1,2,1
7,6.21,0.1,7,0,0,0,4,2,2,3,0
7,129.0,0.0,4,0,0,0,1,3,0,0,1
7,11.3,0.05,2,0,0,0,4,1,2,1,0
1,119.0,0.0,5,0,0,0,1,0,2,0,1
4,12.25,0.05,3,3,0,0,2,4,1,0,1
6,18.9,0.0,5,6,0,0,3,2,2,0,1
7,1169.1,0.1,2,4,0,1,0,3,3,1,0
3,199.0,0.0,3,0,0,0,1,3,2,0,1
3,2499.0,0.0,1,2,0,0,0,3,3,1,0
5,18.9,0.0,12,4,0,1,3,3,2,1,1
6,39.0,0.0,7,4,0,1,1,4,0,3,1
6,14.9,0.0,5,6,0,0,3,0,4,0,1
8,7.11,0.1,7,6,0,0,4,2,2,3,0
8,89.0,0.0,2,3,0,0,1,4,2,1,1
6,2124.15,0.15,5,4,0,1,0,4,0,0,0
3,2519.1,0.1,8,6,0,0,0,4,1,3,0
7,94.05,0.05,3,6,0,0,1,5,2,0,1
3,14.9,0.0,1,3,0,0,3,1,4,1,1
2,2659.05,0.05,11,4,0,1,0,4,3,1,0
4,22.41,0.1,8,3,0,0,4,4,3,3,0
8,71.2,0.2,12,1,0,0,2,0,4,1,1
4,699.0,0.0,1,1,0,0,0,4,1,1,0
6,14.9,0.0,4,1,0,0,3,4,3,0,1
4,16.06,0.15,5,0,0,0,3,1,2,0,1
8,49.0,0.0,5,6,0,0,3,3,2,0,1
2,18.9,0.05,2,0,0,0,3,1,2,1,1
8,29.0,0.0,10,3,0,0,2,3,2,2,1
1,58.65,0.15,11,0,0,0,1,3,0,1,1
5,2399.2,0.2,7,1,0,0,0,2,3,3,0
7,2549.15,0.15,12,2,0,0,0,4,0,1,0
5,113.05,0.05,12,0,0,0,1,5,0,1,1
2,62.1,0.1,8,6,0,0,2,4,4,3,0
2,149.0,0.0,8,1,0,0,0,3,0,3,0
6,89.0,0.0,7,5,0,1,2,0,1,3,1
3,6.75,0.1,8,3,0,0,4,0,0,3,0
1,265.05,0.05,6,0,0,0,1,1,4,3,1
3,18.9,0.0,6,2,0,0,3,1,0,3,1
8,399.0,0.0,5,6,0,0,2,5,0,0,0
3,699.0,0.0,9,3,0,0,0,0,0,2,0
5,24.65,0.15,11,1,0,0,2,4,2,1,1
2,2799.0,0.0,11,4,0,1,0,0,1,1,0
1,3399.15,0.15,11,1,0,0,0,3,3,1,0
3,119.2,0.2,5,2,0,0,0,3,3,0,0
5,7.12,0.05,5,6,0,0,4,1,0,0,0
4,49.0,0.0,12,3,0,0,3,1,3,1,1
8,84.55,0.05,6,1,0,0,3,0,2,3,1
3,129.0,0.0,12,6,0,0,1,5,3,1,1
3,10.12,0.15,7,2,0,0,4,3,2,3,0
4,1839.2,0.2,5,6,0,0,0,3,1,0,0
6,399.0,0.0,1,4,0,1,2,4,2,1,1
7,29.0,0.0,3,1,0,0,2,4,0,0,1
8,26.1,0.1,3,4,0,1,2,0,3,0,1
5,4674.15,0.15,8,4,0,1,0,0,3,3,0
3,52.9,0.0,1,1,0,0,4,5,4,1,0
6,46.55,0.05,1,2,0,0,0,2,1,1,0
1,7.12,0.2,12,6,0,0,4,3,4,1,0
8,399.0,0.0,5,0,0,0,2,4,0,0,1
4,5.9,0.0,4,2,0,0,4,3,0,0,0
2,8.9,0.0,7,3,0,0,4,4,4,3,0
3,79.2,0.2,6,4,0,1,1,1,4,3,1
1,29.0,0.0,2,0,0,0,2,0,2,1,0
6,39.0,0.0,12,4,0,1,3,1,3,1,1
3,2499.0,0.0,4,6,0,0,0,5,3,0,0
8,2549.15,0.15,8,2,0,0,0,2,3,3,0
2,16.91,0.15,11,2,0,0,3,5,0,1,0
4,94.05,0.05,3,1,0,0,2,0,3,0,0
1,39.0,0.0,3,6,0,0,3,4,0,0,1
5,4.05,0.1,5,2,0,0,4,4,2,0,0
4,71.2,0.2,7,1,0,0,1,0,2,3,1
3,33.15,0.15,3,6,0,0,3,0,1,0,1
7,7.9,0.0,4,2,0,0,4,1,3,0,0
7,62.1,0.1,11,6,0,0,1,1,0,1,1
1,199.0,0.0,9,4,0,1,1,2,2,2,1
4,29.9,0.0,1,4,0,1,3,3,2,1,1
6,6.9,0.0,4,2,0,0,4,1,4,0,0
1,134.1,0.1,3,1,0,0,1,0,2,0,1
5,12.66,0.15,4,6,0,0,3,2,2,0,1
2,38.9,0.0,5,4,0,1,4,3,2,0,0
4,31.2,0.2,4,2,0,0,1,2,1,0,1
4,23.65,0.05,11,2,0,0,4,2,2,1,0
4,89.0,0.0,9,3,0,0,1,3,3,2,1
5,18.9,0.05,1,1,0,0,3,0,2,1,1
2,26.91,0.1,8,6,0,0,3,0,3,3,1
4,6.55,0.05,3,4,0,1,4,0,2,0,0
7,399.0,0.0,8,6,0,0,2,2,1,3,1
6,35.1,0.1,6,4,0,1,2,2,3,3,1
2,5224.05,0.05,12,1,0,0,0,1,2,1,0
4,24.9,0.0,3,6,0,0,4,3,0,0,0
6,23.65,0.05,1,1,0,0,3,3,2,1,0
4,49.0,0.0,11,3,0,0,0,1,3,1,0
3,46.55,0.05,5,5,0,1,3,1,3,0,1
1,29.0,0.0,7,2,0,0,2,1,3,3,0
8,359.1,0.1,11,2,0,0,2,3,3,1,0
6,8.9,0.0,3,4,0,1,4,4,2,0,0
4,39.0,0.0,11,5,0,1,2,4,3,1,1
6,99.0,0.0,10,2,0,0,1,1,2,2,1
1,119.2,0.2,11,1,0,0,2,3,1,1,0
8,9.9,0.0,8,2,0,0,4,4,4,3,0
3,141.55,0.05,1,0,0,0,0,0,0,1,0
3,75.65,0.15,8,4,0,1,1,2,2,3,1
1,59.0,0.0,9,2,0,0,2,2,0,2,1
3,3399.15,0.15,6,1,0,0,0,5,4,3,0
4,101.15,0.15,7,1,0,0,1,4,2,3,1
2,31.2,0.2,4,6,0,0,2,1,1,0,1
7,39.0,0.0,5,4,0,1,3,5,4,0,1
7,80.1,0.1,3,2,0,0,2,0,1,0,1
6,99.0,0.0,4,2,0,0,1,3,2,0,1
6,1299.0,0.0,11,6,0,0,0,3,4,1,0
2,2399.2,0.2,7,6,0,0,0,4,3,3,0
6,6.71,0.15,6,2,0,0,4,2,2,3,0
2,2799.0,0.0,8,6,0,0,0,1,3,3,0
6,18.9,0.0,10,6,0,0,3,1,0,2,1
3,6.55,0.05,11,0,0,0,4,5,1,1,0
6,69.0,0.0,8,5,0,1,3,0,3,3,1
2,809.1,0.1,11,1,0,0,0,1,3,1,0
2,39.2,0.2,1,2,0,0,3,3,2,1,1
7,35.2,0.2,6,3,0,0,3,4,1,3,0
2,3799.05,0.05,8,4,0,1,0,4,0,3,0
3,31.2,0.2,10,2,0,0,2,1,4,2,0
5,39.2,0.2,11,2,0,0,2,3,2,1,0
1,559.2,0.2,12,2,0,0,0,0,0,1,0
5,126.65,0.15,10,0,0,0,2,2,2,2,1
1,35.1,0.1,2,0,0,0,1,5,0,1,1
7,2379.15,0.15,11,4,0,1,0,4,2,1,0
1,3999.0,0.0,3,1,0,0,0,2,1,0,0
8,62.1,0.1,12,4,0,1,3,2,4,1,1
3,80.1,0.1,8,0,0,0,1,5,0,3,1
3,179.1,0.1,4,1,0,0,1,1,1,0,1
4,2379.15,0.15,4,3,0,0,0,1,3,0,0
7,14.9,0.0,6,3,0,0,4,0,1,3,0
3,6.9,0.0,12,6,0,0,4,1,4,1,0
8,58.65,0.15,5,1,0,0,1,5,3,0,1
1,3999.0,0.0,1,5,0,1,0,1,4,1,0
8,11.61,0.1,5,1,0,0,2,2,2,0,1
2,8.42,0.15,10,0,0,0,4,4,2,2,0
8,84.55,0.05,9,6,0,0,2,1,2,2,1
7,11.3,0.05,12,6,0,0,4,5,0,1,0
4,12.25,0.05,7,3,0,0,2,0,3,3,0
7,79.2,0.2,12,4,0,1,1,1,4,1,1
3,84.55,0.05,11,6,0,0,0,0,3,1,0
4,23.65,0.05,6,1,0,0,3,0,1,3,1
1,283.1,0.05,3,6,1,0,1,0,2,0,1
2,299.0,0.0,8,6,0,0,0,2,3,3,0
3,37.05,0.05,10,2,0,0,2,2,1,2,0
4,80.1,0.1,10,0,0,0,2,0,3,2,1
5,99.0,0.0,1,5,0,1,1,5,3,1,1
4,251.1,0.1,6,4,0,1,1,0,2,3,1
6,15.92,0.2,5,1,0,0,3,4,4,0,1
2,55.2,0.2,7,6,0,0,2,2,3,3,0
6,3.6,0.2,9,6,0,0,4,0,3,2,0
5,44.1,0.1,3,3,0,0,3,1,2,0,1
8,49.0,0.0,1,4,0,1,3,0,3,1,1
1,89.0,0.0,4,6,0,0,0,5,0,0,0
7,79.2,0.2,7,3,0,0,1,4,0,3,1
7,75.65,0.15,3,1,0,0,0,3,3,0,0
7,2699.1,0.1,12,3,0,0,0,4,2,1,0
3,14.9,0.0,3,2,0,0,3,5,4,0,0
5,3199.2,0.2,1,4,0,1,0,0,0,1,0
8,399.0,0.0,12,1,0,0,2,0,4,1,1
6,37.05,0.05,5,4,0,1,1,1,3,0,1
6,113.05,0.05,7,4,0,1,1,1,0,3,1
5,299.0,0.0,2,0,0,0,0,0,3,1,0
7,251.1,0.1,11,2,0,0,1,5,0,1,1
4,239.2,0.2,5,1,0,0,0,2,1,0,0
7,254.15,0.15,8,3,0,0,0,1,3,3,0
7,319.2,0.2,11,3,0,0,2,0,4,1,0
8,2849.05,0.05,9,2,0,0,0,3,3,2,0
5,9.9,0.0,1,3,0,0,4,0,3,1,0
4,24.65,0.15,11,1,0,0,2,1,0,1,1
6,23.2,0.2,5,2,0,0,2,4,2,0,1
6,67.15,0.15,3,6,0,0,1,5,1,0,1
8,19.9,0.0,3,0,0,0,3,4,3,0,1
4,629.1,0.1,1,0,0,0,0,0,2,1,0
8,129.0,0.0,4,0,0,0,2,0,0,0,1
3,12.9,0.0,1,0,0,0,4,2,2,1,0
1,7.9,0.0,12,3,0,0,4,3,2,1,0
5,89.0,0.0,12,1,0,0,0,1,2,1,0
5,1039.2,0.2,12,1,0,0,0,5,2,1,0
2,23.92,0.2,4,5,0,1,3,0,0,0,1
1,299.0,0.0,7,0,0,0,0,4,2,3,0
3,2069.1,0.1,12,3,0,0,0,3,1,1,0
1,35.1,0.1,6,5,0,1,1,4,1,3,1
6,89.0,0.0,1,0,0,0,3,4,3,1,1
2,359.1,0.1,8,2,0,0,1,5,1,3,1
5,6.9,0.0,4,4,0,1,4,5,1,0,0
1,1039.2,0.2,1,2,0,0,0,1,1,1,0
7,84.55,0.05,5,6,0,0,0,0,2,0,0
3,319.2,0.2,2,1,0,0,1,0,2,1,1
3,119.2,0.2,6,0,0,0,2,3,0,3,0
5,2519.1,0.1,5,1,0,0,0,5,2,0,0
1,11.61,0.1,8,2,0,0,2,1,3,3,0
7,1499.0,0.0,5,0,0,0,0,2,1,0,0
7,25.41,0.15,2,4,0,1,3,4,0,1,1
6,33.15,0.15,10,1,0,0,1,3,2,2,1
2,12.9,0.0,10,3,0,0,2,4,4,2,0
6,11.92,0.2,3,4,0,1,3,4,2,0,1
6,3599.1,0.1,7,1,0,0,0,3,0,3,0
3,35.1,0.1,5,4,0,1,1,3,1,0,1
3,35.1,0.1,8,4,0,1,2,3,1,3,0
1,41.65,0.15,5,2,0,0,1,1,2,0,1
4,1274.15,0.15,8,1,0,0,0,3,0,3,0
2,29.9,0.0,9,1,0,0,3,0,2,2,1
2,12.9,0.0,11,4,0,1,2,2,0,1,1
8,22.41,0.1,2,2,0,0,3,4,1,1,1
2,47.2,0.2,11,0,0,0,2,5,0,1,0
3,39.0,0.0,6,0,0,0,3,5,0,3,1
2,1039.2,0.2,7,2,0,0,0,2,3,3,0
2,31.2,0.2,10,6,0,0,2,4,3,2,1
1,46.55,0.05,2,4,0,1,3,4,1,1,1
4,14.9,0.0,8,1,0,0,3,2,1,3,1
1,6.9,0.0,6,0,0,0,4,3,2,3,0
1,49.0,0.0,2,0,0,0,0,2,0,1,0
6,8.01,0.1,9,2,0,0,4,3,0,2,0
1,8.9,0.0,3,4,0,1,4,0,3,0,0
8,764.15,0.15,1,1,0,0,0,1,3,1,0
3,9.9,0.0,12,3,0,0,4,1,2,1,0
3,141.55,0.05,7,6,0,0,0,5,2,3,0
4,99.0,0.0,12,1,0,0,1,5,2,1,1
3,29.9,0.0,2,3,0,0,3,5,2,1,0
4,49.0,0.0,7,3,0,0,3,2,2,3,1
7,1349.1,0.1,3,6,0,0,0,2,0,0,0
1,399.0,0.0,9,1,0,0,2,1,0,2,1
7,116.1,0.1,6,6,0,0,2,1,0,3,0
8,14.15,0.05,1,2,0,0,3,1,3,1,1
2,2239.2,0.2,3,1,0,0,0,3,2,0,0
4,99.0,0.0,4,3,0,0,2,5,3,0,1
3,29.9,0.0,1,3,0,0,3,5,4,1,0
2,89.1,0.1,7,6,0,0,1,2,2,3,1
6,113.05,0.05,6,1,0,0,1,1,0,3,1
7,119.2,0.2,8,6,0,0,2,2,2,3,1
2,39.0,0.0,8,2,0,0,2,4,3,3,1
7,10.32,0.2,6,1,0,0,4,1,3,3,0
7,49.0,0.0,10,0,0,0,0,0,4,2,0
4,399.0,0.0,10,0,0,0,2,0,0,2,0
4,2519.1,0.1,2,4,0,1,0,0,1,1,0
3,99.0,0.0,12,1,0,0,1,1,3,1,1
7,50.25,0.05,8,1,0,0,4,0,0,3,0
5,2549.15,0.15,12,1,0,0,0,0,3,1,0
5,69.0,0.0,8,0,0,0,2,0,2,3,1
2,80.1,0.1,7,4,0,1,1,4,1,3,1
7,26.1,0.1,5,6,0,0,2,3,1,0,1
4,14.9,0.0,11,0,0,0,4,0,4,1,0
4,1234.05,0.05,2,6,0,0,0,2,2,1,0
3,71.2,0.2,4,0,0,0,1,5,0,0,1
7,2799.0,0.0,8,6,0,0,0,1,0,3,0
7,33.06,0.15,4,6,0,0,4,5,2,0,0
3,5.9,0.0,10,1,0,0,4,5,3,2,0
4,69.0,0.0,11,6,0,0,2,3,2,1,1
1,39.2,0.2,6,2,0,0,2,5,3,3,0
5,23.2,0.2,9,1,0,0,2,1,1,2,0
1,44.0,0.0,9,2,0,0,3,3,4,2,1
2,7.9,0.0,11,6,0,0,4,4,4,1,0
2,26.1,0.1,4,3,0,0,2,3,0,0,0
8,7.9,0.0,12,0,0,0,4,5,0,1,0
7,14.9,0.0,4,6,0,0,3,0,2,0,1
4,37.42,0.1,9,3,1,0,3,2,4,2,1
4,3399.15,0.15,4,2,0,0,0,2,1,0,0
4,31.2,0.2,1,3,0,0,2,5,3,1,1
2,4399.2,0.2,12,6,0,0,0,0,2,1,0
1,15.92,0.2,5,3,0,0,3,0,2,0,1
8,16.06,0.15,4,6,0,0,3,1,2,0,1
6,44.1,0.1,12,3,0,0,1,3,3,1,1
2,322.5,0.0,4,3,1,0,2,1,1,0,0
3,149.0,0.0,9,4,0,1,0,3,4,2,0
2,9.52,0.2,10,6,0,0,4,3,0,2,0
5,10.32,0.2,1,4,0,1,4,2,1,1,0
3,1274.15,0.15,10,0,0,0,0,0,4,2,0
7,12.9,0.0,1,4,0,1,4,5,1,1,0
5,8.9,0.0,6,0,0,0,4,3,1,3,0
4,59.0,0.0,4,0,0,0,2,3,2,0,1
1,12.66,0.15,8,2,0,0,3,0,3,3,1
8,49.0,0.0,5,0,0,0,1,1,0,0,1
3,8.42,0.15,7,6,0,0,4,1,4,3,0
2,284.05,0.05,8,1,0,0,0,0,3,3,0
8,7.5,0.0,3,6,0,0,4,5,3,0,0
8,50.15,0.15,5,1,0,0,2,5,3,0,0
5,7.9,0.0,4,6,0,0,4,3,0,0,0
4,31.2,0.2,12,6,0,0,1,4,0,1,1
4,2374.05,0.05,5,4,0,1,0,1,1,0,0
5,6.9,0.0,10,1,0,0,4,5,2,2,0
1,29.9,0.0,7,1,0,0,3,3,2,3,1
5,12.25,0.05,7,3,0,0,4,3,2,3,0
7,3.82,0.15,4,0,0,0,4,1,1,0,0
5,9.9,0.0,5,5,0,1,4,3,1,0,0
2,327.8,0.0,9,0,1,0,0,3,3,2,0
6,89.0,0.0,8,3,0,0,1,3,2,3,1
2,69.0,0.0,4,0,0,0,2,4,3,0,0
3,58.65,0.15,2,0,0,0,1,0,1,1,1
3,80.1,0.1,2,2,0,0,2,2,1,1,0
5,39.0,0.0,12,1,0,0,3,4,2,1,1
5,594.15,0.15,2,3,0,0,0,2,4,1,0
3,359.1,0.1,11,1,0,0,2,5,2,1,0
4,5499.0,0.0,1,4,0,1,0,0,2,1,0
7,37.05,0.05,6,0,0,0,1,0,2,3,1
5,49.0,0.0,6,1,0,0,3,5,0,3,1
3,44.1,0.1,8,6,0,0,3,1,2,3,1
6,71.2,0.2,11,1,0,0,2,5,1,1,1
6,134.1,0.1,2,0,0,0,0,3,3,1,0
7,7.12,0.2,7,2,0,0,4,0,4,3,0
2,239.2,0.2,5,1,0,0,0,3,2,0,0
2,42.32,0.2,8,2,0,0,4,3,1,3,0
5,39.0,0.0,11,1,0,0,3,4,2,1,1
8,44.1,0.1,4,2,0,0,3,0,0,0,1
1,79.2,0.2,6,1,0,0,2,5,3,3,1
8,24.9,0.0,6,3,0,0,4,5,3,3,0
8,14.9,0.0,6,2,0,0,3,4,2,3,1
6,199.0,0.0,11,1,0,0,1,0,1,1,1
5,11.9,0.0,10,3,0,0,4,5,1,2,0
7,269.1,0.1,1,4,0,1,0,3,2,1,0
6,63.2,0.2,11,0,0,0,1,5,1,1,1
6,49.0,0.0,4,2,0,0,3,1,1,0,1
7,129.0,0.0,4,0,0,0,1,1,2,0,1
8,49.0,0.0,8,4,0,1,3,1,4,3,1
4,35.1,0.1,9,4,0,1,1,4,2,2,1
3,319.2,0.2,10,2,0,0,2,1,4,2,1
4,13.41,0.1,2,5,0,1,4,2,2,1,0
6,399.0,0.0,4,5,0,1,2,5,4,0,0
8,6.21,0.1,2,1,0,0,4,5,0,1,0
4,9.9,0.0,2,0,0,0,4,3,3,1,0
6,2069.1,0.1,10,0,0,0,0,3,4,2,0
3,149.0,0.0,4,6,0,0,2,4,4,0,0
5,899.0,0.0,2,3,0,0,0,0,0,1,0
4,44.0,0.0,6,1,0,0,3,2,1,3,0
6,2849.05,0.05,8,2,0,0,0,5,3,3,0
2,7.5,0.05,5,0,0,0,4,0,2,0,0
3,33.15,0.15,9,6,0,0,2,3,2,2,1
8,359.1,0.1,4,4,0,1,2,4,4,0,0
5,169.15,0.15,9,4,0,1,1,0,4,2,1
6,149.0,0.0,8,4,0,1,1,4,0,3,1
1,31.2,0.2,12,2,0,0,2,4,4,1,0
8,399.0,0.0,5,6,0,0,2,0,3,0,1
8,11.9,0.0,2,0,0,0,4,4,2,1,0
5,89.0,0.0,6,1,0,0,2,2,2,3,1
1,2399.2,0.2,6,6,0,0,0,0,1,3,0
1,4.72,0.2,3,1,0,0,4,1,0,0,0
4,75.65,0.15,4,2,0,0,1,0,1,0,1
6,109.65,0.15,8,4,0,1,1,3,0,3,1
3,141.55,0.05,5,2,0,0,1,4,1,0,1
8,12.9,0.0,5,3,0,0,4,1,2,0,0
2,19.9,0.0,5,3,0,0,3,3,4,0,1
2,80.1,0.1,10,3,0,0,2,2,3,2,1
8,71.2,0.2,7,3,0,0,3,3,0,3,1
5,23.65,0.05,7,4,0,1,4,0,1,3,0
8,37.4,0.15,7,6,0,0,3,5,1,3,0
1,75.65,0.15,4,0,0,0,2,1,1,0,0
2,29.9,0.0,1,4,0,1,3,3,1,1,1
3,141.55,0.05,4,3,0,0,0,1,2,0,0
8,44.96,0.15,5,2,0,0,4,3,4,0,0
2,59.0,0.0,5,3,0,0,2,2,3,0,0
1,49.0,0.0,3,6,0,0,3,5,4,0,1
2,2499.0,0.0,9,3,0,0,0,0,2,2,0
5,28.4,0.05,7,3,0,0,3,1,0,3,1
6,3599.1,0.1,9,1,0,0,0,3,4,2,0
3,10.96,0.15,6,3,0,0,4,5,2,3,0
7,37.05,0.05,9,2,0,0,1,4,0,2,1
4,89.0,0.0,9,3,0,0,2,0,4,2,0
4,9.9,0.0,2,1,0,0,4,3,4,1,0
7,71.2,0.2,10,0,0,0,1,2,1,2,1
3,12.66,0.15,6,4,0,1,3,4,1,3,1
1,15.92,0.2,9,3,0,0,3,2,3,2,0
7,8.9,0.0,12,4,0,1,4,1,2,1,0
6,9.52,0.2,1,2,0,0,4,2,0,1,0
2,269.1,0.1,2,5,0,1,0,2,2,1,0
5,399.0,0.0,2,0,0,0,1,5,3,1,1
6,11.61,0.1,12,2,0,0,4,4,2,1,0
2,9.9,0.0,8,1,0,0,4,4,0,3,0
5,2799.0,0.0,5,1,0,0,0,3,3,0,0
4,149.0,0.0,6,1,0,0,2,1,2,3,1
1,79.0,0.0,11,6,0,0,1,1,4,1,1
5,2799.0,0.0,10,3,0,0,0,5,2,2,0
2,12.9,0.0,7,2,0,0,4,2,3,3,0
6,14.9,0.0,4,6,0,0,3,2,1,0,1
5,129.0,0.0,7,2,0,0,2,1,1,3,1
2,149.0,0.0,9,3,0,0,0,2,2,2,0
1,135.09,0.05,4,4,1,1,1,2,3,0,1
7,18.9,0.0,9,3,0,0,3,5,0,2,1
1,15.12,0.2,2,4,0,1,3,0,0,1,1
3,2659.05,0.05,11,3,0,0,0,3,0,1,0
8,1499.0,0.0,10,0,0,0,0,4,4,2,0
7,29.0,0.0,4,2,0,0,2,1,2,0,0
2,237.15,0.15,3,4,0,1,1,4,3,0,1
3,359.1,0.1,4,0,0,0,1,1,2,0,1
1,2999.0,0.0,7,0,0,0,0,1,2,3,0
8,12.66,0.15,8,1,0,0,3,3,4,3,1
3,35.1,0.1,9,2,0,0,3,4,2,2,1
1,129.0,0.0,12,0,0,0,1,3,2,1,1
7,7.9,0.0,11,3,0,0,4,1,4,1,0
3,18.9,0.0,2,6,0,0,3,3,2,1,1
8,159.2,0.2,1,3,0,0,1,3,1,1,1
1,39.0,0.0,3,3,0,0,1,2,0,0,1
7,16.91,0.15,6,0,0,0,3,2,0,3,1
6,11.3,0.05,6,4,0,1,4,5,2,3,0
8,37.4,0.15,10,0,0,0,3,2,2,2,1
4,65.55,0.05,2,1,0,0,3,0,1,1,1
1,2499.0,0.0,4,0,0,0,0,1,1,0,0
1,49.0,0.0,7,2,0,0,0,1,0,3,0
1,69.0,0.0,9,5,0,1,2,1,2,2,0
5,31.2,0.2,11,4,0,1,1,4,2,1,1
5,89.0,0.0,12,1,0,0,0,3,3,1,0
1,52.9,0.0,5,1,0,0,4,1,3,0,0
6,89.0,0.0,4,6,0,0,0,0,2,0,0
4,5.9,0.0,4,2,0,0,4,4,3,0,0
7,11.92,0.2,3,6,0,0,3,5,3,0,1
3,251.1,0.1,12,2,0,0,1,0,0,1,1
3,58.65,0.15,12,3,0,0,3,1,1,1,1
4,69.0,0.0,1,1,0,0,3,5,0,1,1
5,16.91,0.15,3,0,0,0,3,0,2,0,1
7,89.0,0.0,5,2,0,0,2,0,3,0,1
5,2069.1,0.1,10,3,0,0,0,2,0,2,0
2,89.0,0.0,10,6,0,0,2,2,4,2,0
6,10.12,0.15,1,1,0,0,4,4,0,1,0
8,149.0,0.0,11,1,0,0,0,1,3,1,0
5,11.61,0.1,7,3,0,0,4,5,2,3,0
2,31.2,0.2,3,4,0,1,2,4,0,0,0
5,49.0,0.0,8,1,0,0,3,2,0,3,0
2,119.2,0.2,4,1,0,0,2,2,2,0,0
7,84.55,0.05,1,3,0,0,2,1,0,1,0
4,3999.0,0.0,12,4,0,1,0,0,3,1,0
4,10.32,0.2,10,1,0,0,4,4,4,2,0
3,5499.0,0.0,11,3,0,0,0,0,3,1,0
3,284.05,0.05,12,0,0,0,0,2,2,1,0
5,9.4,0.05,2,2,0,0,4,2,1,1,0
1,11.92,0.2,4,0,0,0,3,1,2,0,1
6,15.12,0.2,2,2,0,0,3,3,2,1,1
8,399.0,0.0,5,3,0,0,2,2,1,0,1
6,399.0,0.0,12,6,0,0,1,3,1,1,1
7,33.15,0.15,11,5,0,1,2,2,2,1,0
4,14.15,0.05,10,0,0,0,4,4,3,2,0
3,3.82,0.15,9,1,0,0,4,2,3,2,0
3,319.2,0.2,12,6,0,0,2,3,4,1,1
6,7.5,0.0,10,2,0,0,4,1,1,2,0
8,14.9,0.0,3,2,0,0,4,4,3,0,0
3,14.15,0.05,10,2,0,0,4,4,3,2,0
7,19.9,0.0,1,1,0,0,3,0,1,1,1
2,10.12,0.15,7,1,0,0,4,2,3,3,0
6,11.9,0.0,7,6,0,0,4,2,3,3,0
2,122.55,0.05,9,3,0,0,1,4,3,2,1
4,134.1,0.1,7,2,0,0,0,2,3,3,0
8,141.55,0.05,11,0,0,0,2,2,0,1,0
1,14.9,0.0,12,1,0,0,3,3,1,1,1
4,12.66,0.15,10,0,0,0,3,1,2,2,1
8,44.0,0.0,9,1,0,0,3,0,2,2,1
1,55.2,0.2,11,0,0,0,3,0,4,1,1
4,11.9,0.0,6,3,0,0,4,2,0,3,0
8,69.0,0.0,8,4,0,1,1,4,1,3,1
5,12.25,0.05,4,4,0,1,4,5,0,0,0
2,23.92,0.2,7,5,0,1,3,3,0,3,1
6,59.0,0.0,6,3,0,0,2,2,0,3,1
6,99.0,0.0,8,5,0,1,1,0,1,3,1
6,102.41,0.05,9,3,1,0,2,5,2,2,1
3,134.1,0.1,3,2,0,0,1,1,3,0,1
6,23.65,0.05,1,0,0,0,3,3,1,1,1
7,84.55,0.05,9,6,0,0,1,0,4,2,1
7,99.0,0.0,4,4,0,1,1,2,2,0,1
5,399.0,0.0,5,3,0,0,1,1,2,0,1
8,84.15,0.15,3,6,0,0,2,2,0,0,0
6,13.41,0.1,5,3,0,0,3,5,2,0,1
6,1954.15,0.15,11,1,0,0,0,2,2,1,0
7,149.0,0.0,4,3,0,0,2,5,2,0,1
1,126.65,0.15,2,2,0,0,1,0,2,1,1
8,89.1,0.1,3,1,0,0,2,5,0,0,1
3,44.1,0.1,7,4,0,1,2,5,3,3,1
3,6.9,0.0,10,1,0,0,4,1,1,2,0
7,41.65,0.15,1,3,0,0,3,4,3,1,1
6,339.15,0.15,2,4,0,1,2,0,0,1,1
8,7.9,0.0,12,6,0,0,4,0,3,1,0
4,699.0,0.0,9,4,0,1,0,2,3,2,0
5,18.9,0.0,12,5,0,1,3,4,0,1,1
5,80.1,0.1,4,3,0,0,1,0,3,0,1
7,854.05,0.05,4,0,0,0,0,0,1,0,0
1,16.06,0.15,5,0,0,0,3,3,0,0,1
7,239.2,0.2,4,5,0,1,0,1,0,0,0
3,55.2,0.2,1,3,0,0,2,4,3,1,0
8,103.2,0.2,12,6,0,0,2,1,2,1,1
7,141.55,0.05,6,0,0,0,0,5,0,3,0
2,2999.0,0.0,8,0,0,0,0,4,2,3,0
8,119.2,0.2,12,2,0,0,2,4,1,1,1
6,18.9,0.05,10,4,0,1,3,3,4,2,1
4,199.0,0.0,6,6,0,0,1,1,0,3,1
2,71.1,0.1,2,2,0,0,1,3,0,1,1
4,28.4,0.05,7,1,0,0,3,1,0,3,1
3,14.9,0.0,7,2,0,0,4,2,2,3,0
4,23.65,0.05,2,0,0,0,3,1,3,1,0
8,5.9,0.0,5,1,0,0,4,3,3,0,0
4,24.9,0.0,10,0,0,0,4,5,2,2,0
3,13.41,0.1,5,1,0,0,4,5,4,0,0
8,6.0,0.2,3,2,0,0,4,0,4,0,0
1,12.25,0.05,3,1,0,0,2,3,4,0,1
7,49.0,0.0,9,0,0,0,3,5,1,2,1
2,339.15,0.15,2,6,0,0,2,0,2,1,1
5,53.1,0.1,5,3,0,0,2,5,2,0,0
5,89.0,0.0,12,6,0,0,2,2,4,1,1
3,3799.05,0.05,10,2,0,0,0,2,1,2,0
2,35.1,0.1,3,6,0,0,2,2,2,0,1
1,122.55,0.05,6,0,0,0,1,5,1,3,1
8,8.42,0.15,5,6,0,0,4,2,0,0,0
2,254.15,0.15,2,1,0,0,0,3,2,1,0
6,6.21,0.1,7,3,0,0,4,5,0,3,0
7,84.55,0.05,7,6,0,0,3,0,2,3,1
4,2799.0,0.0,1,6,0,0,0,3,3,1,0
7,559.2,0.2,5,3,0,0,0,0,0,0,0
5,44.1,0.1,2,0,0,0,3,1,3,1,1
5,89.0,0.0,4,3,0,0,3,3,2,0,1
6,319.2,0.2,6,6,0,0,1,0,2,3,1
4,95.2,0.2,6,2,0,0,1,3,3,3,1
1,2239.2,0.2,12,4,0,1,0,5,2,1,0
6,2999.0,0.0,7,4,0,1,0,2,2,3,0
1,29.0,0.0,11,6,0,0,2,2,0,1,0
8,99.0,0.0,11,6,0,0,2,2,0,1,0
7,2519.1,0.1,9,6,0,0,0,5,0,2,0
3,29.9,0.0,7,6,0,0,3,5,4,3,1
4,9.52,0.2,2,3,0,0,4,3,2,1,0
5,399.0,0.0,10,3,0,0,2,4,2,2,1
7,319.2,0.2,7,2,0,0,2,0,0,3,1
6,75.65,0.15,5,3,0,0,1,0,2,0,1
4,59.0,0.0,4,6,0,0,2,5,4,0,1
8,39.0,0.0,12,3,0,0,2,2,2,1,0
1,62.1,0.1,11,1,0,0,1,5,2,1,1
2,1499.0,0.0,9,3,0,0,0,0,0,2,0
1,84.55,0.05,3,6,0,0,1,3,2,0,1
2,199.0,0.0,1,0,0,0,1,2,4,1,1
5,46.55,0.05,8,1,0,0,3,0,2,3,1
8,199.0,0.0,1,4,0,1,1,1,2,1,1
4,5499.0,0.0,11,3,0,0,0,0,3,1,0
1,8.01,0.1,11,0,0,0,4,3,1,1,0
7,49.0,0.0,11,1,0,0,2,1,2,1,0
7,89.0,0.0,6,4,0,1,3,1,1,3,1
1,88.2,0.1,3,4,1,1,2,4,3,0,1
6,379.05,0.05,6,1,0,0,2,0,4,3,1
7,149.0,0.0,3,4,0,1,0,1,0,0,0
4,12.9,0.0,6,4,0,1,4,1,2,3,0
3,6.9,0.0,5,3,0,0,4,4,2,0,0
4,7.5,0.0,1,0,0,0,4,4,0,1,0
5,84.15,0.15,7,4,0,1,2,5,1,3,1
3,49.0,0.0,4,0,0,0,2,5,0,0,0
5,89.0,0.0,11,3,0,0,2,2,3,1,0
1,1299.0,0.0,10,4,0,1,0,3,3,2,0
6,149.0,0.0,2,4,0,1,1,3,4,1,1
1,3999.0,0.0,12,1,0,0,0,3,3,1,0
1,129.0,0.0,12,3,0,0,1,3,1,1,1
6,71.2,0.2,5,1,0,0,1,0,3,0,1
8,26.1,0.1,3,3,0,0,2,2,3,0,1
2,69.0,0.0,1,3,0,0,3,4,2,1,1
6,4.05,0.1,6,4,0,1,4,0,4,3,0
8,80.1,0.1,4,0,0,0,3,4,1,0,0
4,39.2,0.2,12,1,0,0,0,0,0,1,0
7,69.0,0.0,6,0,0,0,1,4,2,3,1
4,7.9,0.0,3,3,0,0,4,3,2,0,0
1,14.9,0.0,1,1,0,0,3,2,3,1,1
8,8.9,0.0,10,3,0,0,4,1,2,2,0
3,58.65,0.15,7,1,0,0,1,0,2,3,1
8,12.9,0.0,5,4,0,1,2,3,2,0,1
8,89.0,0.0,2,6,0,0,1,5,0,1,1
8,2519.1,0.1,7,2,0,0,0,5,2,3,0
1,62.1,0.1,12,4,0,1,3,1,2,1,1
4,2374.05,0.05,2,4,0,1,0,0,3,1,0
2,6.32,0.2,12,1,0,0,4,1,0,1,0
3,65.55,0.05,6,4,0,1,3,0,1,3,1
8,9.9,0.0,12,1,0,0,4,2,1,1,0
8,5.31,0.1,7,4,0,1,4,5,1,3,0
6,6.9,0.0,9,0,0,0,4,4,0,2,0
6,195.8,0.0,9,6,1,0,3,5,2,2,1
1,39.2,0.2,5,2,0,0,0,1,2,0,0
6,1169.1,0.1,7,2,0,0,0,1,3,3,0
6,149.0,0.0,11,6,0,0,1,5,3,1,1
8,149.0,0.0,9,1,0,0,0,0,2,2,0
8,11.9,0.0,8,2,0,0,4,4,3,3,0
8,239.2,0.2,8,0,0,0,0,3,0,3,0
6,2519.1,0.1,5,2,0,0,0,0,3,0,0
5,3399.15,0.15,6,0,0,0,0,2,3,3,0
8,1234.05,0.05,8,1,0,0,0,0,0,3,0
5,129.0,0.0,12,6,0,0,1,3,4,1,1
8,44.0,0.0,12,6,0,0,3,3,4,1,1
1,103.2,0.2,8,6,0,0,1,0,1,3,1
1,12.66,0.15,11,3,0,0,4,2,3,1,0
1,41.65,0.15,8,3,0,0,2,3,2,3,1
2,28.4,0.05,3,4,0,1,3,5,0,0,0
5,12.9,0.0,12,2,0,0,2,4,3,1,1
5,4949.1,0.1,4,2,0,0,0,1,1,0,0
4,1299.0,0.0,11,4,0,1,0,5,4,1,0
6,4.5,0.0,6,3,0,0,4,3,0,3,0
3,7.5,0.05,8,1,0,0,4,5,2,3,0
7,179.1,0.1,9,4,0,1,1,5,4,2,1
3,5.31,0.1,1,3,0,0,4,5,4,1,0
5,19.9,0.0,4,6,0,0,3,3,2,0,1
7,254.15,0.15,11,6,0,0,0,2,3,1,0
6,12.9,0.0,4,1,0,0,2,1,4,0,1
5,2659.05,0.05,2,3,0,0,0,4,0,1,0
1,21.16,0.15,2,0,0,0,3,2,2,1,1
5,12.9,0.0,4,6,0,0,2,3,1,0,0
6,129.0,0.0,10,2,0,0,2,2,3,2,1
7,2699.1,0.1,4,0,0,0,0,3,0,0,0
8,14.9,0.0,10,6,0,0,4,4,3,2,0
4,41.65,0.15,7,0,0,0,3,4,3,3,1
8,116.1,0.1,1,2,0,0,1,1,0,1,1
1,7.12,0.05,2,4,0,1,4,2,2,1,0
4,3799.05,0.05,5,3,0,0,0,1,0,0,0
5,899.0,0.0,9,3,0,0,0,4,2,2,0
4,59.0,0.0,2,1,0,0,2,1,2,1,1
3,7.9,0.0,12,1,0,0,4,3,2,1,0
2,6.9,0.0,9,2,0,0,4,5,1,2,0
5,58.65,0.15,1,0,0,0,2,2,1,1,1
7,899.0,0.0,4,0,0,0,0,4,2,0,0
6,39.2,0.2,5,3,0,0,3,2,2,0,0
8,71.2,0.2,6,2,0,0,0,3,2,3,0
6,8.9,0.0,11,6,0,0,4,2,2,1,0
5,239.2,0.2,12,6,0,0,0,1,0,1,0
8,149.0,0.0,8,2,0,0,2,3,2,3,0
3,149.0,0.0,3,3,0,0,0,4,1,0,0
7,69.0,0.0,4,3,0,0,2,5,2,0,0
7,14.9,0.0,6,3,0,0,3,1,0,3,0
2,11.9,0.0,10,1,0,0,4,5,2,2,0
7,22.41,0.1,3,6,0,0,4,4,2,0,0
8,49.0,0.0,1,4,0,1,2,1,0,1,0
1,2379.15,0.15,9,1,0,0,0,1,2,2,0
4,4.05,0.1,6,5,0,1,4,0,0,3,0
4,24.9,0.0,11,1,0,0,3,2,3,1,1
2,7.5,0.05,7,6,0,0,4,0,0,3,0
6,28.4,0.05,11,2,0,0,3,1,3,1,1
7,12.9,0.0,4,0,0,0,4,1,1,0,0
1,84.55,0.05,11,4,0,1,0,0,1,1,0
2,1274.15,0.15,11,2,0,0,0,0,0,1,0
6,2659.05,0.05,8,4,0,1,0,4,3,3,0
1,80.1,0.1,8,3,0,0,3,0,2,3,1
6,44.0,0.0,3,4,0,1,3,0,2,0,1
8,49.0,0.0,6,2,0,0,3,3,1,3,1
6,49.0,0.0,6,6,0,0,3,2,1,3,1
5,12.9,0.0,11,3,0,0,4,0,0,1,0
2,629.1,0.1,1,4,0,1,0,0,4,1,0
3,129.0,0.0,4,6,0,0,2,1,4,0,0
6,15.92,0.2,3,1,0,0,3,3,2,0,1
1,10.96,0.15,3,2,0,0,2,0,2,0,0
2,44.1,0.1,2,1,0,0,2,0,2,1,0
3,69.0,0.0,11,5,0,1,1,3,2,1,1
5,14.9,0.0,7,6,0,0,4,3,2,3,0
1,47.61,0.1,10,4,0,1,4,1,2,2,0
8,84.55,0.05,3,2,0,0,3,2,0,0,1
7,399.0,0.0,11,6,0,0,1,4,3,1,1
1,89.0,0.0,1,4,0,1,0,3,2,1,0
3,80.1,0.1,3,3,0,0,1,5,3,0,1
5,6.9,0.0,9,4,0,1,4,4,3,2,0
7,119.2,0.2,6,5,0,1,2,1,3,3,0
4,44.0,0.0,3,0,0,0,3,2,2,0,1
6,59.0,0.0,7,6,0,0,2,2,3,3,1
3,149.0,0.0,7,0,0,0,2,3,0,3,0
8,125.64,0.05,4,2,1,0,4,3,4,0,0
1,11.92,0.2,7,4,0,1,4,3,2,3,0
6,89.0,0.0,6,3,0,0,0,2,2,3,0
2,10.32,0.2,4,3,0,0,4,0,1,0,0
5,1039.2,0.2,1,2,0,0,0,2,2,1,0
7,19.92,0.2,7,2,0,0,3,1,3,3,1
7,80.1,0.1,2,2,0,0,1,5,1,1,1
3,119.0,0.0,10,1,0,0,1,2,4,2,1
7,49.0,0.0,10,0,0,0,3,3,2,2,1
5,2799.0,0.0,5,2,0,0,0,0,2,0,0
3,6.55,0.05,3,6,0,0,4,5,2,0,0
4,33.06,0.15,2,0,0,0,4,2,0,1,0
8,10.32,0.2,4,2,0,0,4,0,2,0,0
3,3.82,0.15,7,5,0,1,4,1,3,3,0
8,46.55,0.05,10,6,0,0,3,0,4,2,1
2,14.9,0.0,3,3,0,0,4,5,2,0,0
2,18.9,0.0,7,6,0,0,3,5,2,3,1
2,5224.05,0.05,1,3,0,0,0,5,1,1,0
6,65.55,0.05,1,2,0,0,2,3,2,1,1
8,199.0,0.0,1,0,0,0,1,1,3,1,1
2,89.0,0.0,8,2,0,0,2,2,0,3,0
6,189.05,0.05,2,4,0,1,1,3,2,1,1
8,26.1,0.1,9,2,0,0,2,4,0,2,0
4,89.0,0.0,7,2,0,0,2,5,0,3,1
4,39.0,0.0,7,2,0,0,3,3,2,3,1
2,49.0,0.0,8,6,0,0,2,4,0,3,1
4,7.9,0.0,4,0,0,0,4,5,2,0,0
1,149.0,0.0,5,3,0,0,1,0,0,0,1
2,7.9,0.0,9,5,0,1,4,4,1,2,0
2,119.0,0.0,12,6,0,0,1,0,3,1,1
1,11.9,0.0,10,6,0,0,4,0,2,2,0
5,44.1,0.1,7,6,0,0,3,3,3,3,1
5,13.41,0.1,2,3,0,0,3,1,0,1,1
1,2799.0,0.0,5,0,0,0,0,5,3,0,0
8,10.32,0.2,7,0,0,0,4,0,0,3,0
4,55.2,0.2,3,4,0,1,1,0,0,0,1
2,89.0,0.0,2,5,0,1,2,5,4,1,1
5,134.1,0.1,6,0,0,0,2,2,2,3,1
2,95.2,0.2,2,4,0,1,1,5,2,1,1
4,39.0,0.0,1,0,0,0,2,2,1,1,0
7,12.66,0.15,4,6,0,0,3,1,0,0,1
8,71.2,0.2,12,6,0,0,0,4,1,1,0
1,559.2,0.2,2,3,0,0,0,4,4,1,0
7,49.0,0.0,4,6,0,0,3,2,2,0,1
8,10.96,0.15,3,3,0,0,4,0,0,0,0
5,103.2,0.2,7,1,0,0,2,5,2,3,1
6,47.2,0.2,11,6,0,0,2,2,2,1,1
8,75.65,0.15,12,4,0,1,0,3,1,1,0
2,24.9,0.0,3,1,0,0,4,0,3,0,0
1,46.55,0.05,9,0,0,0,3,0,4,2,1
4,11.92,0.2,1,3,0,0,3,3,1,1,1
2,1424.05,0.05,10,1,0,0,0,2,3,2,0
4,29.0,0.0,10,4,0,1,2,5,1,2,0
8,129.0,0.0,6,4,0,1,2,3,1,3,1
1,95.2,0.2,7,3,0,0,1,1,2,3,1
3,284.05,0.05,4,1,0,0,0,1,3,0,0
3,399.0,0.0,7,4,0,1,2,2,0,3,1
3,36.95,0.05,10,6,0,0,4,2,2,2,0
1,4.5,0.0,4,2,0,0,4,5,2,0,0
8,69.0,0.0,11,2,0,0,2,5,1,1,0
2,15.12,0.2,6,1,0,0,3,3,0,3,1
4,80.1,0.1,4,2,0,0,3,5,2,0,0
7,23.65,0.05,9,2,0,0,3,0,0,2,1
5,3399.15,0.15,9,0,0,0,0,1,2,2,0
4,339.15,0.15,6,3,0,0,2,5,3,3,1
3,399.0,0.0,4,3,0,0,1,3,4,0,1
4,2239.2,0.2,12,6,0,0,0,4,3,1,0
8,84.55,0.05,6,4,0,1,2,1,3,3,0
4,3799.05,0.05,5,1,0,0,0,1,0,0,0
7,80.1,0.1,6,2,0,0,2,5,0,3,1
8,14.15,0.05,1,0,0,0,3,1,1,1,1
4,21.16,0.15,5,0,0,0,3,4,2,0,1
7,71.2,0.2,1,1,0,0,3,4,1,1,1
4,1234.05,0.05,7,4,0,1,0,5,4,3,0
7,559.2,0.2,10,4,0,1,0,4,4,2,0
7,23.92,0.2,6,6,0,0,3,3,2,3,1
4,12.9,0.0,6,6,0,0,4,5,3,3,0
1,24.75,0.0,4,1,1,0,4,3,1,0,0
6,44.1,0.1,10,6,0,0,1,5,3,2,1
8,359.1,0.1,4,0,0,0,2,1,0,0,1
3,24.9,0.0,4,6,0,0,3,3,2,0,1
7,59.0,0.0,6,4,0,1,2,4,1,3,1
5,299.0,0.0,2,2,0,0,0,4,2,1,0
8,46.55,0.05,1,4,0,1,1,2,2,1,1
6,84.55,0.05,4,1,0,0,3,0,0,0,1
3,15.84,0.0,10,0,1,0,4,3,0,2,0
8,399.0,0.0,6,4,0,1,2,5,2,3,0
7,678.3,0.15,3,4,1,1,2,2,0,0,0
6,6.21,0.1,8,1,0,0,4,0,4,3,0
1,2699.1,0.1,8,0,0,0,0,4,0,3,0
3,1349.1,0.1,3,1,0,0,0,0,1,0,0
8,89.0,0.0,12,2,0,0,3,3,0,1,1
3,58.65,0.15,3,1,0,0,3,0,4,0,1
3,29.9,0.0,5,4,0,1,3,3,1,0,1
3,5.31,0.1,5,3,0,0,4,0,3,0,0
3,6.55,0.05,8,1,0,0,4,1,2,3,0
3,80.1,0.1,5,3,0,0,2,4,0,0,1
1,12.9,0.0,11,3,0,0,4,3,1,1,0
5,5.87,0.15,1,0,0,0,4,5,4,1,0
4,2379.15,0.15,6,4,0,1,0,4,0,3,0
3,99.0,0.0,4,4,0,1,2,4,2,0,1
1,75.65,0.15,5,0,0,0,0,5,1,0,0
8,699.0,0.0,1,2,0,0,0,3,0,1,0
1,71.2,0.2,2,4,0,1,2,5,3,1,0
7,47.2,0.2,8,3,0,0,2,0,4,3,0
5,44.0,0.0,5,3,0,0,3,0,3,0,1
5,119.0,0.0,5,3,0,0,1,5,2,0,1
8,39.0,0.0,2,1,0,0,2,5,1,1,1
6,44.1,0.1,3,4,0,1,1,2,0,0,1
7,103.2,0.2,7,3,0,0,1,0,3,3,1
2,49.0,0.0,12,3,0,0,3,5,3,1,0
7,11.61,0.1,1,4,0,1,4,3,2,1,0
3,2379.15,0.15,5,2,0,0,0,1,2,0,0
1,2999.0,0.0,11,4,0,1,0,4,1,1,0
8,1104.15,0.15,10,6,0,0,0,2,4,2,0
5,37.05,0.05,9,4,0,1,1,3,2,2,1
1,39.2,0.2,4,0,0,0,0,3,2,0,0
6,80.1,0.1,8,6,0,0,1,5,2,3,1
3,379.05,0.05,6,0,0,0,2,4,4,3,0
1,58.0,0.0,3,3,1,0,2,5,2,0,1
8,24.9,0.0,2,3,0,0,3,3,2,1,1
4,2499.0,0.0,6,0,0,0,0,3,2,3,0
1,89.0,0.0,11,5,0,1,1,3,0,1,1
8,134.1,0.1,12,6,0,0,2,0,3,1,1
4,1299.0,0.0,6,3,0,0,0,1,2,3,0
8,10.32,0.2,9,0,0,0,2,3,0,2,0
1,11.61,0.1,5,6,0,0,4,1,1,0,0
6,126.65,0.15,1,0,0,0,2,2,3,1,1
4,4.5,0.0,12,2,0,0,4,0,3,1,0
4,8.9,0.0,7,6,0,0,4,1,1,3,0
8,134.1,0.1,8,4,0,1,0,5,0,3,0
8,126.65,0.15,4,6,0,0,0,4,4,0,0
7,44.1,0.1,11,4,0,1,0,3,0,1,0
7,41.65,0.15,8,2,0,0,0,3,3,3,0
5,359.1,0.1,1,1,0,0,2,5,0,1,1
5,223.2,0.2,9,4,0,1,1,3,0,2,1
3,10.12,0.15,9,2,0,0,4,5,2,2,0
4,49.0,0.0,5,2,0,0,1,0,2,0,1
7,24.9,0.0,7,6,0,0,3,3,4,3,1
6,75.65,0.15,6,3,0,0,3,3,2,3,1
6,46.55,0.05,4,3,0,0,3,2,3,0,1
2,141.55,0.05,11,1,0,0,2,4,0,1,0
1,284.05,0.05,9,1,0,0,0,3,3,2,0
8,14.15,0.05,3,2,0,0,4,0,2,0,0
1,254.15,0.15,7,1,0,0,0,1,4,3,0
3,49.0,0.0,1,3,0,0,3,2,3,1,1
1,19.9,0.0,1,3,0,0,3,1,2,1,1
6,25.41,0.15,1,0,0,0,3,2,1,1,1
6,239.2,0.2,2,6,0,0,0,0,2,1,0
1,399.0,0.0,9,3,0,0,2,2,2,2,1
2,199.0,0.0,10,4,0,1,1,4,2,2,1
6,89.0,0.0,11,1,0,0,3,5,4,1,1
1,149.0,0.0,1,2,0,0,2,1,1,1,1
7,99.0,0.0,4,6,0,0,1,0,2,0,1
7,19.9,0.0,6,2,0,0,3,3,4,3,1
2,75.65,0.15,11,3,0,0,3,2,2,1,1
1,11.3,0.05,10,6,0,0,4,1,3,2,0
4,2124.15,0.15,4,1,0,0,0,4,2,0,0
6,119.0,0.0,2,3,0,0,1,0,1,1,1
6,107.1,0.1,1,6,0,0,1,3,4,1,1
6,122.55,0.05,11,0,0,0,2,4,2,1,1
5,23.2,0.2,1,4,0,1,2,0,3,1,1
4,2069.1,0.1,3,0,0,0,0,1,2,0,0
4,84.55,0.05,4,6,0,0,3,5,2,0,1
1,1299.0,0.0,2,0,0,0,0,1,0,1,0
6,41.65,0.15,1,3,0,0,3,5,2,1,1
7,75.65,0.15,2,3,0,0,2,5,1,1,0
2,24.9,0.0,8,6,0,0,4,1,2,3,0
5,44.1,0.1,3,0,0,0,3,4,2,0,1
2,37.05,0.05,3,2,0,0,3,0,3,0,1
4,71.2,0.2,1,0,0,0,3,5,0,1,1
3,11.61,0.1,4,2,0,0,4,1,3,0,0
1,55.2,0.2,2,1,0,0,3,1,0,1,1
3,141.55,0.05,11,2,0,0,2,5,2,1,1
4,58.65,0.15,3,0,0,0,3,5,4,0,1
1,89.0,0.0,8,1,0,0,1,1,3,3,1
8,223.2,0.2,8,2,0,0,1,2,3,3,1
4,2799.0,0.0,12,3,0,0,0,2,4,1,0
3,17.95,0.05,11,1,0,0,3,1,0,1,1
7,279.0,0.0,4,1,0,0,1,3,4,0,1
7,899.0,0.0,10,6,0,0,0,3,3,2,0
5,14.15,0.05,5,4,0,1,4,1,4,0,0
6,75.05,0.05,11,1,0,0,1,1,0,1,1
8,134.1,0.1,3,2,0,0,2,2,3,0,0
5,12.25,0.05,6,0,0,0,4,0,2,3,0
8,149.0,0.0,4,1,0,0,0,5,1,0,0
3,22.41,0.1,9,2,0,0,3,0,2,2,1
7,12.9,0.0,10,4,0,1,4,0,4,2,0
8,38.9,0.0,9,4,0,1,4,5,3,2,0
7,251.1,0.1,11,4,0,1,1,5,1,1,1
7,12.25,0.05,11,3,0,0,4,4,2,1,0
8,89.1,0.1,9,0,0,0,1,2,3,2,1
6,699.0,0.0,12,6,0,0,0,5,2,1,0
1,199.0,0.0,2,6,0,0,1,1,0,1,1
8,89.0,0.0,6,5,0,1,1,1,3,3,1
2,49.0,0.0,8,2,0,0,3,5,3,3,1
1,65.55,0.05,12,4,0,1,2,0,2,1,1
5,122.55,0.05,6,1,0,0,2,0,3,3,1
1,79.2,0.2,6,0,0,0,1,5,0,3,1
8,134.1,0.1,1,6,0,0,2,1,2,1,0
1,2799.0,0.0,1,4,0,1,0,1,2,1,0
4,33.15,0.15,12,3,0,0,3,3,0,1,1
8,14.22,0.0,12,0,1,0,4,5,2,1,0
4,23.2,0.2,8,1,0,0,2,1,2,3,0
3,149.0,0.0,5,1,0,0,2,2,1,0,0
3,14.9,0.0,11,6,0,0,3,1,1,1,1
4,189.05,0.05,7,0,0,0,1,0,2,3,1
4,94.05,0.05,8,0,0,0,1,1,2,3,1
8,379.05,0.05,4,6,0,0,2,0,4,0,0
8,15.92,0.2,2,6,0,0,3,5,0,1,1
1,119.2,0.2,7,4,0,1,1,0,0,3,1
2,44.0,0.0,1,6,0,0,3,3,3,1,1
4,5.52,0.2,7,3,0,0,4,2,3,3,0
1,254.15,0.15,11,3,0,0,0,0,3,1,0
3,39.0,0.0,6,2,0,0,3,5,1,3,1
2,89.0,0.0,2,0,0,0,1,4,0,1,1
2,13.41,0.1,4,2,0,0,3,1,4,0,1
6,26.1,0.1,5,6,0,0,2,1,1,0,1
2,62.1,0.1,4,5,0,1,1,4,2,0,1
5,109.65,0.15,3,0,0,0,2,1,2,0,1
6,47.2,0.2,11,0,0,0,2,2,1,1,1
2,37.4,0.15,12,4,0,1,3,2,4,1,1
5,41.32,0.05,10,6,1,0,2,3,2,2,1
4,122.55,0.05,9,6,0,0,1,5,1,2,1
8,11.92,0.2,8,0,0,0,3,1,3,3,1
3,94.05,0.05,1,3,0,0,2,3,2,1,0
3,75.05,0.05,11,0,0,0,1,5,3,1,1
8,41.8,0.05,7,1,0,0,3,0,4,3,1
8,55.2,0.2,11,3,0,0,1,3,2,1,1
3,84.15,0.15,8,6,0,0,1,4,2,3,1
3,58.65,0.15,3,0,0,0,1,5,1,0,1
4,12.9,0.0,7,3,0,0,4,1,1,3,0
3,15.12,0.2,2,6,0,0,3,4,4,1,1
4,113.05,0.05,7,1,0,0,1,2,4,3,1
7,52.9,0.0,12,6,0,0,4,5,1,1,0
7,7.9,0.0,9,2,0,0,4,4,0,2,0
7,149.0,0.0,6,3,0,0,1,5,3,3,1
4,195.8,0.0,9,0,1,0,2,4,0,2,0
7,2379.15,0.15,3,0,0,0,0,0,4,0,0
4,119.2,0.2,11,0,0,0,2,3,2,1,1
1,3799.05,0.05,5,0,0,0,0,5,0,0,0
7,14.9,0.0,1,0,0,0,3,0,3,1,1
6,201.15,0.1,10,0,1,0,1,3,0,2,1
5,199.0,0.0,4,0,0,0,1,4,1,0,1
3,149.0,0.0,12,4,0,1,0,5,4,1,0
1,49.0,0.0,10,3,0,0,3,4,2,2,1
3,25.41,0.15,7,3,0,0,3,2,1,3,1
1,70.02,0.0,12,3,1,0,4,0,2,1,0
8,149.0,0.0,6,6,0,0,0,4,0,3,0
7,2299.0,0.0,11,2,0,0,0,5,4,1,0
6,1299.0,0.0,9,2,0,0,0,0,3,2,0
4,12.9,0.0,8,4,0,1,2,2,2,3,1
5,84.55,0.05,1,3,0,0,2,0,3,1,1
4,103.2,0.2,6,0,0,0,2,5,0,3,0
4,119.0,0.0,3,4,0,1,1,1,2,0,1
1,2299.0,0.0,5,0,0,0,0,4,2,0,0
8,69.0,0.0,6,1,0,0,1,4,1,3,1
6,2399.2,0.2,5,3,0,0,0,0,2,0,0
3,699.0,0.0,7,5,0,1,0,3,2,3,0
2,99.0,0.0,4,6,0,0,2,0,3,0,0
7,12.66,0.15,5,2,0,0,3,2,3,0,1
7,103.2,0.2,8,1,0,0,2,1,1,3,0
5,44.96,0.15,12,1,0,0,4,2,1,1,0
3,2699.1,0.1,6,6,0,0,0,1,3,3,0
6,149.0,0.0,5,2,0,0,1,4,0,0,1
7,149.0,0.0,12,0,0,0,2,1,3,1,1
5,49.0,0.0,5,4,0,1,1,2,0,0,1
6,12.9,0.0,5,0,0,0,2,5,2,0,1
1,6.38,0.15,5,0,0,0,4,4,2,0,0
7,39.0,0.0,8,0,0,0,3,1,2,3,1
1,29.0,0.0,4,1,0,0,2,3,2,0,1
4,12.9,0.0,6,6,0,0,4,2,2,3,0
1,199.0,0.0,7,3,0,0,1,4,2,3,1
6,37.05,0.05,7,2,0,0,3,4,3,3,1
8,19.9,0.0,1,2,0,0,3,1,3,1,1
6,79.0,0.0,12,0,0,0,1,2,3,1,1
2,122.55,0.05,5,6,0,0,2,1,0,0,0
4,71.1,0.1,8,1,0,0,1,2,2,3,1
6,129.0,0.0,12,4,0,1,1,1,2,1,1
7,58.65,0.15,5,5,0,1,3,1,4,0,1
6,2659.05,0.05,5,2,0,0,0,1,3,0,0
4,149.0,0.0,8,0,0,0,1,3,0,3,1
8,49.0,0.0,10,2,0,0,2,1,3,2,1
1,49.0,0.0,2,1,0,0,3,1,3,1,1
5,8.9,0.0,5,3,0,0,4,1,2,0,0
7,89.0,0.0,1,3,0,0,0,1,0,1,0
3,23.92,0.2,8,3,0,0,3,5,0,3,1
3,24.9,0.0,7,4,0,1,4,2,4,3,0
1,24.9,0.0,9,4,0,1,3,3,3,2,1
4,8.9,0.0,9,4,0,1,4,3,3,2,0
4,15.12,0.2,1,0,0,0,3,2,2,1,1
6,284.05,0.05,9,1,0,0,0,1,0,2,0
7,399.0,0.0,6,1,0,0,2,4,0,3,0
2,149.0,0.0,1,0,0,0,1,4,3,1,1
4,22.41,0.1,2,2,0,0,3,4,0,1,1
5,22.41,0.1,6,1,0,0,4,5,2,3,0
7,21.16,0.15,12,3,0,0,3,5,3,1,1
2,2549.15,0.15,4,2,0,0,0,3,2,0,0
4,7.9,0.0,3,1,0,0,4,4,3,0,0
3,2799.0,0.0,3,3,0,0,0,1,3,0,0
2,94.05,0.05,6,5,0,1,2,0,0,3,1
2,134.1,0.1,6,4,0,1,0,1,2,3,0
6,71.2,0.2,8,2,0,0,2,2,4,3,1
4,2999.0,0.0,3,3,0,0,0,4,2,0,0
8,19.92,0.2,5,3,0,0,4,0,2,0,0
3,39.0,0.0,3,0,0,0,2,5,1,0,0
4,6.9,0.0,7,0,0,0,4,4,2,3,0
2,29.0,0.0,3,0,0,0,2,4,2,0,1
7,119.2,0.2,6,2,0,0,0,5,4,3,0
1,12.9,0.0,2,6,0,0,2,0,2,1,1
4,319.2,0.2,7,6,0,0,2,2,1,3,0
8,149.0,0.0,10,5,0,1,2,4,2,2,1
5,33.15,0.15,1,2,0,0,3,5,0,1,1
4,2999.0,0.0,4,6,0,0,0,0,3,0,0
5,69.0,0.0,3,5,0,1,1,0,0,0,1
8,69.0,0.0,12,4,0,1,3,4,3,1,1
6,53.1,0.1,1,1,0,0,2,2,4,1,1
5,14.9,0.0,10,0,0,0,3,3,0,2,1
7,71.2,0.2,10,1,0,0,0,5,4,2,0
7,65.55,0.05,2,5,0,1,3,3,4,1,1
4,399.0,0.0,2,0,0,0,2,1,3,1,1
4,23.65,0.05,5,0,0,0,4,5,3,0,0
7,15.92,0.2,6,2,0,0,3,3,3,3,1
8,6.32,0.2,9,0,0,0,4,3,0,2,0
8,59.0,0.0,6,3,0,0,2,5,2,3,1
7,49.0,0.0,12,4,0,1,3,4,4,1,1
2,29.9,0.0,9,2,0,0,3,3,2,2,0
2,339.15,0.15,7,3,0,0,1,5,2,3,0
7,134.1,0.1,10,6,0,0,2,4,0,2,1
4,379.05,0.05,2,1,0,0,1,5,2,1,1
1,39.2,0.2,6,6,0,0,3,2,2,3,1
5,199.0,0.0,11,0,0,0,1,3,1,1,1
4,46.55,0.05,3,1,0,0,2,4,3,0,1
5,12.66,0.15,7,6,0,0,4,3,2,3,0
1,199.0,0.0,11,4,0,1,1,2,4,1,1
3,5.9,0.0,4,1,0,0,4,5,2,0,0
8,49.0,0.0,10,6,0,0,0,4,0,2,0
4,359.1,0.1,9,3,0,0,2,5,0,2,0
8,14.9,0.0,1,1,0,0,3,5,0,1,1
6,14.9,0.0,2,2,0,0,3,5,2,1,1
4,89.0,0.0,8,6,0,0,2,4,2,3,1
8,23.92,0.2,12,0,0,0,3,3,0,1,1
6,339.15,0.15,8,2,0,0,2,5,2,3,1
5,49.0,0.0,11,5,0,1,0,3,2,1,0
2,67.15,0.15,3,6,0,0,1,2,1,0,1
8,399.0,0.0,9,6,0,0,1,1,4,2,1
2,10.96,0.15,12,0,0,0,4,5,3,1,0
5,237.15,0.15,7,3,0,0,1,3,2,3,1
2,358.8,0.2,10,0,1,0,0,4,3,2,0
7,69.0,0.0,4,3,0,0,3,4,0,0,1
1,12.9,0.0,11,1,0,0,4,0,3,1,0
3,75.65,0.15,7,1,0,0,2,5,3,3,0
4,12.9,0.0,11,3,0,0,4,0,3,1,0
2,58.65,0.15,7,6,0,0,1,2,4,3,1
6,239.2,0.2,8,0,0,0,0,1,2,3,0
3,4674.15,0.15,11,3,0,0,0,2,0,1,0
8,251.1,0.1,12,1,0,0,1,0,0,1,1
6,14.15,0.05,9,1,0,0,4,4,0,2,0
3,126.65,0.15,8,6,0,0,1,5,2,3,1
5,69.0,0.0,5,4,0,1,2,2,4,0,0
7,18.9,0.0,1,2,0,0,3,1,3,1,1
2,119.0,0.0,6,6,0,0,1,0,2,3,1
5,49.0,0.0,10,2,0,0,3,5,2,2,1
6,126.65,0.15,9,0,0,0,0,0,4,2,0
1,12.25,0.05,9,6,0,0,2,2,2,2,1
6,149.0,0.0,9,0,0,0,1,4,0,2,1
3,19.92,0.2,11,4,0,1,3,1,2,1,1
7,21.16,0.15,12,1,0,0,3,0,1,1,1
7,8.9,0.0,4,3,0,0,4,1,1,0,0
2,18.9,0.05,2,1,0,0,3,4,3,1,1
1,55.2,0.2,9,4,0,1,3,1,1,2,1
1,11.92,0.2,8,6,0,0,3,1,2,3,1
7,8.42,0.15,5,4,0,1,4,2,3,0,0
8,2399.2,0.2,6,6,0,0,0,2,0,3,0
5,269.1,0.1,3,6,0,0,0,2,3,0,0
5,359.1,0.1,11,6,0,0,2,1,0,1,0
6,49.0,0.0,6,3,0,0,0,0,4,3,0
6,113.05,0.05,8,4,0,1,1,3,0,3,1
5,29.0,0.0,9,4,0,1,2,0,1,2,1
5,6.55,0.05,11,6,0,0,4,2,2,1,0
5,6.9,0.0,9,1,0,0,4,3,3,2,0
3,14.15,0.05,9,3,0,0,4,4,0,2,0
3,149.0,0.0,9,2,0,0,2,1,4,2,0
1,9.4,0.05,6,2,0,0,4,4,2,3,0
2,379.05,0.05,6,1,0,0,2,5,0,3,1
7,764.15,0.15,11,2,0,0,0,4,1,1,0
1,49.0,0.0,9,2,0,0,3,1,1,2,1
4,399.0,0.0,1,3,0,0,2,4,4,1,0
3,5499.0,0.0,10,3,0,0,0,0,3,2,0
4,122.55,0.05,12,4,0,1,2,1,1,1,0
6,47.2,0.2,10,4,0,1,2,4,4,2,1
8,1999.2,0.2,3,3,0,0,0,5,2,0,0
4,29.9,0.0,4,1,0,0,3,2,2,0,1
4,99.0,0.0,3,4,0,1,2,1,2,0,1
4,11.61,0.1,4,6,0,0,4,4,4,0,0
8,13.41,0.1,7,6,0,0,4,0,1,3,0
6,2239.2,0.2,1,2,0,0,0,0,2,1,0
1,37.4,0.15,8,6,0,0,3,0,3,3,1
3,119.0,0.0,3,4,0,1,1,3,2,0,1
3,46.55,0.05,1,1,0,0,3,1,3,1,1
8,2499.0,0.0,8,2,0,0,0,3,2,3,0
5,75.65,0.15,5,0,0,0,1,2,3,0,1
4,80.1,0.1,9,3,0,0,0,2,3,2,0
4,89.0,0.0,7,2,0,0,2,2,3,3,1
6,1199.2,0.2,2,4,0,1,0,4,2,1,0
1,12.9,0.0,5,5,0,1,4,3,0,0,0
1,41.8,0.05,6,1,0,0,3,1,1,3,1
2,31.2,0.2,7,4,0,1,2,3,2,3,1
3,35.1,0.1,9,5,0,1,3,1,3,2,1
4,7.11,0.1,1,3,0,0,4,2,0,1,0
3,2299.0,0.0,11,4,0,1,0,3,2,1,0
8,39.0,0.0,7,6,0,0,3,3,1,3,1
5,116.1,0.1,2,6,0,0,2,1,3,1,1
6,99.0,0.0,11,1,0,0,1,2,4,1,0
2,84.55,0.05,8,2,0,0,2,3,1,3,1
3,3399.15,0.15,3,1,0,0,0,5,2,0,0
3,129.0,0.0,8,3,0,0,2,0,2,3,1
4,2999.0,0.0,3,6,0,0,0,0,0,0,0
2,84.55,0.05,10,3,0,0,3,3,3,2,1
1,18.9,0.0,3,1,0,0,3,5,2,0,1
4,11.92,0.2,11,4,0,1,4,0,1,1,0
8,80.1,0.1,9,5,0,1,3,2,3,2,1
7,159.2,0.2,1,1,0,0,1,3,3,1,1
5,79.2,0.2,2,3,0,0,2,4,3,1,1
5,379.05,0.05,8,1,0,0,1,3,2,3,1
4,359.1,0.1,6,0,0,0,1,3,3,3,1
6,12.9,0.0,6,4,0,1,4,2,0,3,0
6,199.0,0.0,10,2,0,0,1,5,3,2,1
2,179.1,0.1,1,4,0,1,1,2,3,1,1
5,49.0,0.0,12,2,0,0,3,2,4,1,1
6,39.6,0.1,6,6,0,0,3,5,1,3,1
6,129.0,0.0,3,2,0,0,2,5,3,0,1
7,39.2,0.2,11,3,0,0,3,5,2,1,1
5,80.1,0.1,12,0,0,0,1,4,2,1,1
2,3399.15,0.15,4,2,0,0,0,3,3,0,0
1,4.5,0.0,4,3,0,0,4,0,3,0,0
7,46.55,0.05,11,2,0,0,2,3,4,1,0
8,17.95,0.05,1,6,0,0,3,3,4,1,1
2,339.15,0.15,6,4,0,1,2,3,3,3,1
6,2999.0,0.0,6,4,0,1,0,5,1,3,0
7,126.65,0.15,5,1,0,0,2,2,0,0,0
2,12.9,0.0,5,1,0,0,4,2,0,0,0
3,4399.2,0.2,12,1,0,0,0,4,3,1,0
4,134.1,0.1,5,2,0,0,2,1,0,0,1
6,5.52,0.2,10,3,0,0,4,1,1,2,0
2,6.9,0.0,9,4,0,1,4,2,2,2,0
6,6.21,0.1,8,5,0,1,4,0,4,3,0
7,16.06,0.15,7,1,0,0,3,3,3,3,1
2,33.15,0.15,2,0,0,0,1,3,2,1,1
7,31.2,0.2,4,5,0,1,3,0,3,0,1
4,75.65,0.15,1,6,0,0,1,5,3,1,1
2,179.1,0.1,11,2,0,0,1,2,0,1,1
3,69.0,0.0,5,2,0,0,3,4,2,0,1
1,134.1,0.1,2,4,0,1,1,2,2,1,1
2,14.15,0.05,6,2,0,0,4,1,2,3,0
2,11.9,0.0,7,0,0,0,4,2,2,3,0
4,1499.0,0.0,1,5,0,1,0,1,0,1,0
8,10.12,0.15,3,2,0,0,4,3,3,0,0
1,4.72,0.2,7,0,0,0,4,5,2,3,0
3,10.32,0.2,5,1,0,0,4,5,3,0,0
1,69.0,0.0,4,0,0,0,3,1,4,0,1
3,44.0,0.0,10,4,0,1,3,2,1,2,1
6,2519.1,0.1,5,1,0,0,0,4,0,0,0
7,16.06,0.15,5,4,0,1,3,1,3,0,1
6,14.9,0.0,8,1,0,0,3,0,3,3,1
4,6.0,0.2,12,2,0,0,4,5,2,1,0
2,10.12,0.15,5,1,0,0,4,2,2,0,0
2,58.65,0.15,1,4,0,1,2,3,2,1,0
4,39.0,0.0,10,6,0,0,1,5,4,2,1
6,49.0,0.0,5,0,0,0,1,3,3,0,1
7,71.2,0.2,4,6,0,0,1,2,2,0,1
7,107.1,0.1,9,1,0,0,1,0,0,2,1
1,14.15,0.05,3,1,0,0,3,2,0,0,1
3,169.15,0.15,6,1,0,0,1,2,2,3,1
8,265.05,0.05,2,2,0,0,1,2,2,1,1
7,15.92,0.2,1,0,0,0,3,4,1,1,1
1,29.9,0.0,3,6,0,0,3,5,3,0,0
7,129.0,0.0,3,0,0,0,2,3,4,0,0
1,49.0,0.0,8,0,0,0,2,1,2,3,0
2,10.32,0.2,3,0,0,0,2,2,2,0,0
1,39.2,0.2,3,6,0,0,3,4,1,0,1
7,44.1,0.1,1,1,0,0,3,2,2,1,1
6,12.25,0.05,4,3,0,0,4,1,3,0,0
2,99.0,0.0,11,5,0,1,1,0,0,1,1
6,7.9,0.0,10,1,0,0,4,4,2,2,0
1,359.1,0.1,2,0,0,0,1,4,1,1,1
7,14.9,0.0,10,4,0,1,3,2,0,2,0
3,199.0,0.0,7,0,0,0,1,5,2,3,1
2,699.0,0.0,1,0,0,0,0,1,4,1,0
6,359.1,0.1,9,3,0,0,1,3,3,2,1
3,2549.15,0.15,4,6,0,0,0,1,2,0,0
5,8.9,0.0,9,6,0,0,4,2,2,2,0
1,159.2,0.2,4,6,0,0,1,5,0,0,1
3,339.15,0.15,6,2,0,0,2,4,0,3,0
3,12.9,0.0,9,4,0,1,4,4,2,2,0
1,6.32,0.2,11,6,0,0,4,2,2,1,0
7,223.2,0.2,9,4,0,1,1,0,2,2,1
8,69.0,0.0,3,1,0,0,1,3,0,0,1
5,116.1,0.1,12,1,0,0,2,4,4,1,1
3,1299.0,0.0,12,4,0,1,0,4,3,1,0
6,2499.0,0.0,9,4,0,1,0,1,2,2,0
3,26.1,0.1,11,2,0,0,2,5,2,1,0
6,899.0,0.0,2,0,0,0,0,5,1,1,0
5,56.05,0.05,12,6,0,0,2,2,2,1,0
8,89.0,0.0,2,5,0,1,3,5,0,1,1
3,39.0,0.0,10,4,0,1,3,1,0,2,1
7,7.11,0.1,8,6,0,0,4,4,1,3,0
3,23.65,0.05,1,0,0,0,4,4,3,1,0
2,11.9,0.0,9,1,0,0,4,1,2,2,0
6,52.9,0.0,9,2,0,0,4,0,2,2,0
5,199.0,0.0,2,3,0,0,1,3,4,1,1
2,33.15,0.15,3,1,0,0,3,2,2,0,1
7,103.2,0.2,5,5,0,1,2,2,0,0,1
4,3.6,0.2,8,3,0,0,4,5,2,3,0
8,149.0,0.0,9,1,0,0,1,3,2,2,1
2,10.32,0.2,12,5,0,1,4,0,0,1,0
2,7.9,0.0,9,0,0,0,4,0,3,2,0
7,89.0,0.0,11,4,0,1,1,2,3,1,1
4,89.0,0.0,11,2,0,0,1,0,2,1,1
6,2499.0,0.0,8,0,0,0,0,4,2,3,0
4,44.96,0.15,3,4,0,1,4,0,4,0,0
8,49.0,0.0,8,0,0,0,3,1,2,3,1
8,89.0,0.0,7,1,0,0,2,1,3,3,0
1,149.0,0.0,3,2,0,0,2,0,1,0,1
3,2499.0,0.0,7,1,0,0,0,1,1,3,0
4,55.2,0.2,1,4,0,1,3,1,0,1,1
5,1039.2,0.2,10,0,0,0,0,2,1,2,0
4,129.0,0.0,6,3,0,0,1,0,2,3,1
3,58.65,0.15,1,6,0,0,1,3,4,1,1
5,11.61,0.1,3,3,0,0,2,0,4,0,1
5,299.0,0.0,12,5,0,1,0,4,2,1,0
2,149.0,0.0,11,1,0,0,1,1,3,1,1
3,89.0,0.0,12,0,0,0,2,3,0,1,1
2,27.55,0.05,3,3,0,0,2,4,0,0,1
2,2299.0,0.0,2,1,0,0,0,2,2,1,0
6,17.91,0.1,4,6,0,0,3,3,0,0,1
4,49.0,0.0,6,1,0,0,3,5,2,3,1
8,29.0,0.0,4,4,0,1,2,1,2,0,1
7,49.0,0.0,9,0,0,0,3,3,3,2,0
2,26.1,0.1,3,5,0,1,2,5,2,0,1
5,9.9,0.0,12,6,0,0,4,2,2,1,0
1,2549.15,0.15,6,1,0,0,0,0,0,3,0
1,38.9,0.0,9,0,0,0,4,0,4,2,0
5,13.41,0.1,6,4,0,1,3,4,2,3,1
3,119.2,0.2,1,2,0,0,2,4,0,1,1
1,15.12,0.2,6,3,0,0,3,2,2,3,1
1,149.0,0.0,12,1,0,0,2,5,1,1,1
1,141.55,0.05,7,6,0,0,0,0,1,3,0
4,379.05,0.05,7,4,0,1,2,2,3,3,0
1,31.2,0.2,7,6,0,0,3,5,2,3,1
7,2519.1,0.1,9,0,0,0,0,1,2,2,0
2,58.65,0.15,6,0,0,0,1,3,2,3,1
3,71.2,0.2,1,1,0,0,2,1,1,1,1
2,39.2,0.2,8,2,0,0,1,1,2,3,1
7,2499.0,0.0,8,1,0,0,0,0,0,3,0
1,56.16,0.2,4,4,1,1,3,2,3,0,1
6,35.1,0.1,12,6,0,0,3,1,1,1,1
4,103.2,0.2,2,3,0,0,1,2,3,1,1
7,149.0,0.0,4,6,0,0,2,3,2,0,1
7,31.2,0.2,11,4,0,1,2,0,3,1,1
7,41.8,0.05,6,6,0,0,3,3,0,3,1
2,279.0,0.0,6,4,0,1,1,2,4,3,1
5,1294.56,0.2,12,1,1,0,0,1,4,1,0
6,699.0,0.0,10,1,0,0,0,5,0,2,0
5,21.16,0.15,6,1,0,0,3,4,3,3,1
5,129.0,0.0,12,0,0,0,1,0,3,1,1
1,39.2,0.2,2,4,0,1,1,0,2,1,1
6,2374.05,0.05,2,2,0,0,0,2,2,1,0
7,17.01,0.1,1,6,0,0,3,1,2,1,1
4,189.05,0.05,12,1,0,0,1,1,2,1,1
7,38.9,0.0,3,6,0,0,4,3,2,0,0
2,199.0,0.0,12,2,0,0,1,1,0,1,1
8,75.65,0.15,10,0,0,0,3,3,1,2,1
5,169.15,0.15,6,0,0,0,1,4,2,3,1
1,399.0,0.0,5,4,0,1,2,1,2,0,0
8,258.0,0.0,3,4,1,1,2,4,4,0,1
5,1199.2,0.2,8,2,0,0,0,2,1,3,0
8,8.46,0.05,5,0,0,0,4,5,2,0,0
8,65.55,0.05,11,4,0,1,1,0,2,1,1
7,2999.0,0.0,8,0,0,0,0,2,2,3,0
4,23.2,0.2,1,2,0,0,2,1,2,1,0
3,2239.2,0.2,12,4,0,1,0,3,2,1,0
6,46.55,0.05,8,3,0,0,2,1,2,3,0
2,12.9,0.0,8,2,0,0,4,0,2,3,0
2,149.0,0.0,1,0,0,0,2,1,2,1,0
5,41.65,0.15,1,4,0,1,1,0,3,1,1
2,11.92,0.2,7,1,0,0,3,3,2,3,1
7,99.0,0.0,4,0,0,0,1,1,4,0,1
5,84.55,0.05,3,4,0,1,2,5,3,0,0
4,69.0,0.0,12,0,0,0,3,3,0,1,1
6,339.15,0.15,11,0,0,0,2,3,4,1,0
3,50.25,0.05,8,0,0,0,4,1,0,3,0
4,23.2,0.2,1,4,0,1,2,5,2,1,1
6,10.12,0.15,3,5,0,1,4,4,2,0,0
6,8.42,0.15,10,5,0,1,4,3,2,2,0
1,119.2,0.2,1,1,0,0,2,5,0,1,1
1,149.0,0.0,4,3,0,0,1,1,2,0,1
3,1499.0,0.0,4,2,0,0,0,4,1,0,0
4,79.0,0.0,1,3,0,0,1,0,4,1,1
5,11.92,0.2,6,3,0,0,3,1,3,3,1
1,59.0,0.0,5,2,0,0,2,4,0,0,1
2,26.91,0.1,10,2,0,0,3,1,4,2,1
2,126.65,0.15,10,1,0,0,1,5,2,2,1
3,11.92,0.2,12,1,0,0,4,1,2,1,0
4,7.9,0.0,4,6,0,0,4,2,2,0,0
6,379.05,0.05,12,0,0,0,1,2,2,1,1
6,254.15,0.15,2,3,0,0,0,2,3,1,0
3,36.95,0.05,11,3,0,0,4,2,2,1,0
7,89.0,0.0,10,1,0,0,0,1,4,2,0
3,4.72,0.2,9,1,0,0,4,3,3,2,0
6,13.41,0.1,8,2,0,0,3,0,0,3,1
5,49.0,0.0,11,6,0,0,2,2,2,1,1
1,11.92,0.2,10,3,0,0,4,0,3,2,0
1,13.41,0.1,7,0,0,0,4,1,3,3,0
5,279.0,0.0,10,3,0,0,1,3,0,2,1
6,11.9,0.0,5,1,0,0,4,3,4,0,0
3,16.06,0.15,3,1,0,0,3,3,1,0,1
8,101.15,0.15,11,2,0,0,1,0,3,1,1
3,49.0,0.0,10,0,0,0,1,0,4,2,1
3,39.2,0.2,8,5,0,1,0,4,2,3,0
8,1169.1,0.1,8,0,0,0,0,2,0,3,0
6,14.9,0.0,3,6,0,0,4,0,2,0,0
5,41.65,0.15,8,6,0,0,3,3,3,3,1
6,1999.2,0.2,8,4,0,1,0,0,1,3,0
6,13.41,0.1,5,0,0,0,4,0,0,0,0
8,2299.0,0.0,3,2,0,0,0,5,1,0,0
8,2659.05,0.05,9,6,0,0,0,4,0,2,0
4,79.0,0.0,1,1,0,0,1,5,2,1,1
5,12.9,0.0,7,6,0,0,4,1,3,3,0
6,95.2,0.2,11,0,0,0,1,4,3,1,1
4,2799.0,0.0,1,0,0,0,0,0,4,1,0
6,71.2,0.2,9,1,0,0,2,0,0,2,1
7,15.12,0.2,1,6,0,0,3,1,2,1,1
6,7.9,0.0,4,4,0,1,4,4,2,0,0
8,1349.1,0.1,8,4,0,1,0,3,3,3,0
4,31.2,0.2,4,3,0,0,3,0,2,0,1
1,14.9,0.0,5,4,0,1,3,2,2,0,1
2,89.0,0.0,3,3,0,0,3,3,1,0,1
4,2249.1,0.1,4,6,0,0,0,2,2,0,0
1,16.06,0.15,6,3,0,0,3,0,2,3,1
4,8.91,0.1,7,4,0,1,4,4,3,3,0
8,14.15,0.05,9,4,0,1,3,0,2,2,1
1,116.1,0.1,4,6,0,0,1,1,2,0,1
5,149.0,0.0,1,1,0,0,2,0,0,1,1
4,42.32,0.2,4,3,0,0,4,3,2,0,0
4,46.55,0.05,12,2,0,0,3,0,0,1,1
5,49.0,0.0,11,3,0,0,3,5,3,1,1
2,44.0,0.0,12,0,0,0,3,0,2,1,1
6,149.0,0.0,6,6,0,0,0,2,1,3,0
5,169.15,0.15,7,4,0,1,1,3,0,3,1
7,79.2,0.2,10,6,0,0,1,2,2,2,1
7,46.55,0.05,1,6,0,0,3,2,4,1,1
3,3.6,0.2,5,0,0,0,4,2,0,0,0
4,14.9,0.0,10,1,0,0,4,4,2,2,0
2,199.0,0.0,9,6,0,0,1,2,0,2,1
8,62.1,0.1,11,2,0,0,1,0,1,1,1
7,41.65,0.15,5,1,0,0,1,3,2,0,1
7,134.1,0.1,10,6,0,0,2,0,0,2,0
3,37.05,0.05,1,2,0,0,1,3,2,1,1
7,29.9,0.0,6,0,0,0,3,3,0,3,1
5,379.05,0.05,12,1,0,0,1,5,3,1,1
1,149.0,0.0,12,4,0,1,1,3,2,1,1
5,46.55,0.05,11,6,0,0,3,1,2,1,1
6,3999.0,0.0,7,6,0,0,0,3,4,3,0
6,44.96,0.15,12,0,0,0,4,1,1,1,0
1,62.1,0.1,7,2,0,0,1,4,2,3,1
8,2849.05,0.05,6,2,0,0,0,3,0,3,0
1,1039.2,0.2,4,6,0,0,0,4,0,0,0
1,84.55,0.05,7,2,0,0,0,4,2,3,0
8,24.9,0.0,3,4,0,1,3,1,4,0,1
5,89.0,0.0,3,6,0,0,0,4,1,0,0
6,62.1,0.1,7,0,0,0,1,1,4,3,1
7,299.0,0.0,9,3,0,0,0,5,3,2,0
5,55.2,0.2,8,5,0,1,3,3,2,3,1
4,89.0,0.0,1,3,0,0,2,0,0,1,1
2,65.55,0.05,5,6,0,0,3,5,2,0,0
5,2659.05,0.05,7,0,0,0,0,3,2,3,0
2,35.01,0.1,5,4,0,1,4,4,4,0,0
4,7.12,0.05,4,0,0,0,4,0,1,0,0
1,46.55,0.05,6,0,0,0,1,0,4,3,1
3,113.05,0.05,10,2,0,0,1,0,2,2,1
8,1104.15,0.15,7,2,0,0,0,5,2,3,0
1,99.0,0.0,4,3,0,0,1,0,2,0,1
1,6.9,0.0,6,3,0,0,4,0,3,3,0
2,1199.2,0.2,8,6,0,0,0,5,2,3,0
4,559.2,0.2,2,6,0,0,0,4,0,1,0
5,41.65,0.15,4,2,0,0,1,1,2,0,1
8,359.1,0.1,10,1,0,0,1,0,2,2,1
4,12.9,0.0,8,3,0,0,4,4,2,3,0
6,126.65,0.15,10,6,0,0,2,4,2,2,0
1,18.9,0.0,11,3,0,0,3,5,0,1,1
1,39.2,0.2,5,5,0,1,1,5,0,0,1
5,65.55,0.05,10,1,0,0,3,5,2,2,1
4,2799.0,0.0,1,3,0,0,0,4,0,1,0
8,107.44,0.15,10,0,1,0,1,1,3,2,1
7,23.92,0.2,4,1,0,0,3,2,2,0,1
1,2239.2,0.2,7,0,0,0,0,1,2,3,0
3,13.41,0.1,7,4,0,1,4,5,3,3,0
8,33.15,0.15,4,1,0,0,3,4,4,0,1
8,11.9,0.0,2,1,0,0,4,2,1,1,0
4,5.87,0.15,3,3,0,0,4,2,1,0,0
6,3.82,0.15,5,4,0,1,4,1,2,0,0
4,6.9,0.0,1,6,0,0,4,2,4,1,0
8,2299.0,0.0,5,1,0,0,0,2,3,0,0
7,79.0,0.0,11,4,0,1,1,1,3,1,1
4,239.2,0.2,8,2,0,0,0,3,4,3,0
1,35.1,0.1,1,3,0,0,2,5,3,1,0
6,6.55,0.05,6,0,0,0,4,4,1,3,0
1,39.2,0.2,1,0,0,0,3,5,3,1,1
7,134.1,0.1,9,2,0,0,2,1,4,2,0
7,5.52,0.2,2,3,0,0,4,5,0,1,0
1,4.72,0.2,1,4,0,1,4,1,3,1,0
3,6.55,0.05,5,2,0,0,4,0,0,0,0
8,14.15,0.05,4,3,0,0,3,4,0,0,1
8,12.9,0.0,10,2,0,0,4,0,4,2,0
6,4.27,0.05,2,3,0,0,4,4,3,1,0
4,10.12,0.15,4,0,0,0,4,0,2,0,0
3,24.9,0.0,10,5,0,1,3,0,1,2,1
4,719.2,0.2,3,3,0,0,0,5,1,0,0
1,49.0,0.0,7,1,0,0,3,3,0,3,1
8,69.0,0.0,5,6,0,0,1,1,3,0,1
2,84.55,0.05,1,6,0,0,3,5,3,1,1
8,134.1,0.1,10,0,0,0,2,2,2,2,1
5,14.9,0.0,5,3,0,0,3,2,1,0,1
3,39.0,0.0,4,3,0,0,3,0,1,0,1
1,5.87,0.15,10,0,0,0,4,5,0,2,0
3,84.55,0.05,2,6,0,0,2,3,4,1,0
4,5.9,0.0,10,2,0,0,4,2,2,2,0
8,8.01,0.1,3,4,0,1,4,1,2,0,0
8,89.0,0.0,3,0,0,0,2,3,2,0,1
3,89.0,0.0,4,4,0,1,1,3,2,0,1
5,65.55,0.05,10,3,0,0,1,1,3,2,1
7,80.1,0.1,10,1,0,0,0,5,2,2,0
4,179.1,0.1,2,2,0,0,1,1,2,1,1
2,84.55,0.05,12,0,0,0,0,4,0,1,0
5,84.15,0.15,7,2,0,0,1,0,3,3,1
8,44.96,0.15,6,1,0,0,4,1,1,3,0
5,14.9,0.0,10,3,0,0,3,0,0,2,1
6,89.0,0.0,6,2,0,0,1,4,4,3,1
6,4.27,0.05,12,0,0,0,4,2,2,1,0
1,2519.1,0.1,12,4,0,1,0,2,2,1,0
6,1234.05,0.05,7,1,0,0,0,5,3,3,0
2,141.55,0.05,12,5,0,1,1,2,2,1,1
6,9.9,0.0,2,1,0,0,4,0,4,1,0
5,129.0,0.0,2,3,0,0,1,2,1,1,1
8,1299.0,0.0,5,3,0,0,0,3,2,0,0
1,69.0,0.0,1,1,0,0,3,3,1,1,1
2,44.0,0.0,12,1,0,0,3,5,0,1,1
8,49.0,0.0,11,1,0,0,3,1,0,1,1
2,18.9,0.0,3,1,0,0,3,3,3,0,1
2,319.2,0.2,1,6,0,0,1,0,2,1,1
5,2239.2,0.2,4,1,0,0,0,1,2,0,0
1,399.0,0.0,11,3,0,0,1,3,4,1,1
3,279.0,0.0,9,5,0,1,1,1,1,2,1
5,129.0,0.0,1,6,0,0,2,5,3,1,0
5,5.61,0.05,7,3,0,0,4,0,1,3,0
4,12.8,0.1,4,1,1,0,4,1,0,0,0
6,6.9,0.0,12,3,0,0,4,5,4,1,0
2,2379.15,0.15,3,1,0,0,0,3,2,0,0
2,284.05,0.05,12,4,0,1,0,4,2,1,0
6,84.55,0.05,11,4,0,1,2,5,1,1,1
4,2374.05,0.05,11,6,0,0,0,5,2,1,0
6,8.01,0.1,3,2,0,0,4,1,1,0,0
8,75.65,0.15,5,2,0,0,1,0,1,0,1
1,75.65,0.15,7,4,0,1,2,3,0,3,0
3,89.0,0.0,11,0,0,0,1,1,2,1,1
3,13.41,0.1,8,4,0,1,4,1,0,3,0
6,5.87,0.15,8,4,0,1,4,3,2,3,0
3,26.89,0.05,3,5,1,1,3,4,3,0,1
5,12.9,0.0,9,0,0,0,4,4,4,2,0
5,14.15,0.05,11,1,0,0,3,2,2,1,1
5,35.1,0.1,10,6,0,0,2,2,3,2,1
2,2799.0,0.0,6,2,0,0,0,2,0,3,0
7,89.0,0.0,2,3,0,0,1,1,3,1,1
4,11.92,0.2,7,4,0,1,3,1,0,3,0
2,18.9,0.0,11,3,0,0,3,5,0,1,1
3,446.4,0.0,10,6,1,0,1,5,2,2,1
3,39.0,0.0,8,3,0,0,1,2,2,3,1
4,10.32,0.2,5,2,0,0,2,4,1,0,1
3,89.0,0.0,11,6,0,0,1,4,2,1,1
5,10.32,0.2,3,1,0,0,2,0,4,0,1
8,126.65,0.15,10,0,0,0,0,1,3,2,0
8,84.55,0.05,5,3,0,0,2,0,0,0,0
5,71.2,0.2,10,6,0,0,2,5,2,2,1
2,2799.0,0.0,4,6,0,0,0,4,2,0,0
6,399.0,0.0,10,6,0,0,1,4,4,2,1
4,179.1,0.1,1,1,0,0,1,3,1,1,1
2,119.2,0.2,4,1,0,0,1,2,3,0,1
4,41.65,0.15,12,1,0,0,3,2,0,1,1
1,41.8,0.05,12,2,0,0,3,0,0,1,1
4,1708.1,0.0,3,2,1,0,0,4,2,0,0
2,71.2,0.2,12,1,0,0,1,2,3,1,1
2,75.65,0.15,6,2,0,0,3,0,0,3,1
1,279.0,0.0,1,4,0,1,1,4,1,1,1
6,11.9,0.0,1,5,0,1,4,1,4,1,0
7,339.15,0.15,3,4,0,1,2,3,2,0,1
6,80.1,0.1,4,0,0,0,0,5,2,0,0
6,69.0,0.0,1,4,0,1,1,2,2,1,1
4,84.15,0.15,1,1,0,0,1,3,3,1,1
4,5.02,0.15,5,2,0,0,4,3,1,0,0
7,4.27,0.05,12,2,0,0,4,1,2,1,0
8,38.9,0.0,1,4,0,1,4,3,4,1,0
3,5224.05,0.05,10,0,0,0,0,4,4,2,0
4,55.2,0.2,9,1,0,0,2,2,4,2,0
2,17.95,0.05,12,1,0,0,3,1,2,1,1
5,41.65,0.15,5,1,0,0,3,2,4,0,1
2,149.0,0.0,6,2,0,0,1,1,0,3,1
5,3599.1,0.1,5,3,0,0,0,0,2,0,0
7,9.9,0.0,2,6,0,0,4,5,2,1,0
1,69.0,0.0,5,1,0,0,1,0,2,0,1
4,5.87,0.15,4,3,0,0,4,2,4,0,0
1,39.0,0.0,5,6,0,0,1,2,2,0,1
5,699.0,0.0,9,3,0,0,0,2,2,2,0
7,49.0,0.0,6,1,0,0,0,5,3,3,0
4,49.0,0.0,5,6,0,0,2,2,0,0,1
4,33.15,0.15,5,3,0,0,3,2,2,0,1
8,299.0,0.0,9,1,0,0,0,3,2,2,0
2,79.0,0.0,3,0,0,0,1,4,0,0,1
7,12.9,0.0,4,0,0,0,4,5,1,0,0
2,99.0,0.0,5,6,0,0,1,1,2,0,1
3,49.0,0.0,11,0,0,0,2,3,1,1,1
6,2374.05,0.05,8,6,0,0,0,4,0,3,0
2,10.12,0.15,8,3,0,0,4,1,2,3,0
8,41.8,0.05,12,4,0,1,3,2,0,1,1
4,80.1,0.1,5,4,0,1,2,1,3,0,1
2,6.75,0.1,9,1,0,0,4,1,3,2,0
8,2799.0,0.0,4,0,0,0,0,0,3,0,0
6,5.9,0.0,3,0,0,0,4,3,2,0,0
8,10.32,0.2,10,2,0,0,4,2,1,2,0
7,11.92,0.2,4,0,0,0,3,5,2,0,1
2,8.9,0.0,10,6,0,0,4,1,0,2,0
4,13.41,0.1,9,3,0,0,3,3,0,2,1
6,59.0,0.0,10,6,0,0,2,1,2,2,1
8,89.0,0.0,9,1,0,0,0,4,3,2,0
6,103.2,0.2,10,1,0,0,2,5,2,2,0
2,11.92,0.2,5,5,0,1,4,4,2,0,0
1,25.41,0.15,12,4,0,1,3,0,2,1,1
6,79.0,0.0,12,0,0,0,1,1,1,1,1
7,27.55,0.05,8,2,0,0,2,5,4,3,1
3,71.2,0.2,8,4,0,1,3,2,0,3,1
1,7.9,0.0,8,4,0,1,4,5,0,3,0
2,319.2,0.2,2,0,0,0,1,2,0,1,1
6,12.66,0.15,12,3,0,0,4,0,2,1,0
5,4.05,0.1,2,1,0,0,4,3,4,1,0
7,79.0,0.0,6,4,0,1,1,0,3,3,1
7,14.15,0.05,8,1,0,0,4,0,2,3,0
4,12.9,0.0,2,2,0,0,2,2,2,1,1
5,14.9,0.0,11,4,0,1,4,0,1,1,0
7,719.2,0.2,3,1,0,0,0,4,3,0,0
1,18.9,0.0,9,6,0,0,3,3,0,2,1
3,718.2,0.0,4,2,1,0,2,5,3,0,0
1,899.0,0.0,4,6,0,0,0,2,4,0,0
7,3199.2,0.2,12,0,0,0,0,5,2,1,0
6,2379.15,0.15,8,0,0,0,0,4,2,3,0
3,6.55,0.05,2,4,0,1,4,3,4,1,0
4,149.0,0.0,1,1,0,0,2,5,3,1,0
3,129.0,0.0,5,3,0,0,1,0,4,0,1
6,89.0,0.0,2,1,0,0,2,1,0,1,1
3,12.9,0.0,2,6,0,0,4,3,2,1,0
1,3.82,0.15,11,1,0,0,4,5,2,1,0
4,10.74,0.15,10,6,1,0,4,0,2,2,0
6,3199.2,0.2,4,2,0,0,0,2,0,0,0
7,63.2,0.2,9,2,0,0,1,5,2,2,1
3,49.0,0.0,5,1,0,0,0,3,0,0,0
6,58.65,0.15,5,6,0,0,2,5,2,0,0
6,5.9,0.0,10,1,0,0,4,1,1,2,0
3,41.65,0.15,3,0,0,0,3,3,3,0,1
5,24.9,0.0,1,4,0,1,4,2,2,1,0
4,21.16,0.15,4,0,0,0,3,3,4,0,1
1,149.0,0.0,11,1,0,0,0,1,4,1,0
2,179.1,0.1,2,6,0,0,1,0,4,1,1
3,119.0,0.0,7,4,0,1,1,4,0,3,1
8,39.0,0.0,1,4,0,1,2,1,2,1,0
4,49.0,0.0,8,1,0,0,3,3,0,3,1
1,12.25,0.05,9,1,0,0,4,3,1,2,0
4,1839.2,0.2,7,3,0,0,0,3,1,3,0
2,399.0,0.0,12,4,0,1,1,1,4,1,1
6,7.9,0.0,9,1,0,0,4,3,2,2,0
2,31.2,0.2,12,2,0,0,3,4,0,1,1
7,89.0,0.0,6,4,0,1,2,5,3,3,0
2,75.65,0.15,1,1,0,0,2,5,0,1,1
1,4674.15,0.15,3,0,0,0,0,5,0,0,0
5,29.9,0.0,4,2,0,0,3,1,0,0,1
4,28.4,0.05,11,6,0,0,3,2,3,1,1
7,12.66,0.15,7,1,0,0,3,0,0,3,1
6,11.92,0.2,6,3,0,0,3,3,1,3,1
4,12.66,0.15,7,1,0,0,4,2,0,3,0
2,80.1,0.1,8,4,0,1,1,1,3,3,1
4,89.1,0.1,4,4,0,1,1,4,2,0,1
5,10.12,0.15,9,3,0,0,4,0,3,2,0
7,199.0,0.0,3,4,0,1,1,1,0,0,1
4,44.1,0.1,1,6,0,0,0,5,2,1,0
3,89.1,0.1,6,6,0,0,1,5,2,3,1
6,49.0,0.0,11,0,0,0,1,0,2,1,1
8,31.2,0.2,12,4,0,1,2,4,0,1,1
5,49.0,0.0,7,3,0,0,3,4,2,3,1
8,2249.1,0.1,4,5,0,1,0,0,4,0,0
6,69.0,0.0,3,6,0,0,3,0,3,0,1
5,59.0,0.0,2,4,0,1,2,0,2,1,0
7,23.2,0.2,5,1,0,0,2,2,0,0,0
8,52.9,0.0,12,1,0,0,4,0,2,1,0
4,1499.0,0.0,8,2,0,0,0,3,2,3,0
8,26.91,0.1,7,2,0,0,3,5,2,3,1
2,12.9,0.0,3,0,0,0,2,4,4,0,0
6,14.9,0.0,9,0,0,0,4,3,2,2,0
1,26.1,0.1,11,3,0,0,2,1,0,1,1
1,4.27,0.05,11,2,0,0,4,2,1,1,0
5,9.9,0.0,9,3,0,0,4,4,2,2,0
1,69.0,0.0,1,2,0,0,1,2,2,1,1
8,149.0,0.0,4,2,0,0,1,5,2,0,1
4,89.0,0.0,8,2,0,0,2,3,3,3,1
1,13.41,0.1,2,1,0,0,3,2,2,1,1
5,99.0,0.0,8,3,0,0,1,0,2,3,1
7,6.55,0.05,3,2,0,0,4,5,4,0,0
6,149.0,0.0,12,6,0,0,2,1,3,1,0
8,24.9,0.0,7,0,0,0,4,3,2,3,0
7,14.9,0.0,5,2,0,0,3,0,1,0,1
2,89.0,0.0,7,0,0,0,2,2,2,3,0
6,49.0,0.0,10,0,0,0,0,3,2,2,0
7,2799.0,0.0,6,3,0,0,0,0,4,3,0
5,89.0,0.0,2,2,0,0,3,3,4,1,1
1,37.05,0.05,5,1,0,0,2,1,0,0,1
8,69.0,0.0,5,3,0,0,1,2,3,0,1
3,37.05,0.05,6,5,0,1,2,5,2,3,1
8,80.1,0.1,8,3,0,0,2,2,2,3,1
3,149.0,0.0,10,3,0,0,2,0,2,2,1
3,149.0,0.0,3,6,0,0,2,5,4,0,1
8,14.9,0.0,5,6,0,0,3,0,4,0,1
6,49.0,0.0,8,2,0,0,3,0,2,3,0
3,265.05,0.05,11,4,0,1,1,0,4,1,1
4,5499.0,0.0,10,3,0,0,0,5,0,2,0
3,199.0,0.0,10,6,0,0,1,4,2,2,1
6,4.27,0.05,11,6,0,0,4,4,4,1,0
3,33.06,0.15,11,5,0,1,4,2,1,1,0
1,11.61,0.1,9,6,0,0,2,3,2,2,0
7,75.65,0.15,1,6,0,0,2,3,4,1,0
2,29.8,0.2,4,1,1,0,4,4,0,0,0
4,29.0,0.0,5,4,0,1,2,1,4,0,0
8,11.92,0.2,11,3,0,0,3,0,1,1,1
1,99.0,0.0,6,5,0,1,2,1,2,3,0
4,31.12,0.2,10,4,0,1,4,0,2,2,0
8,89.0,0.0,6,6,0,0,1,5,2,3,1
2,12.9,0.0,2,2,0,0,2,2,2,1,0
6,39.0,0.0,9,3,0,0,1,0,0,2,1
3,12.9,0.0,2,2,0,0,2,2,4,1,1
2,29.9,0.0,7,6,0,0,3,0,2,3,1
7,39.0,0.0,8,3,0,0,3,1,0,3,1
3,1499.0,0.0,6,1,0,0,0,2,0,3,0
6,62.1,0.1,2,4,0,1,3,4,0,1,1
1,7.5,0.0,2,4,0,1,4,0,2,1,0
8,199.0,0.0,7,4,0,1,1,3,3,3,1
8,33.15,0.15,1,0,0,0,1,1,4,1,1
2,89.0,0.0,8,3,0,0,3,0,1,3,1
7,113.05,0.05,4,2,0,0,1,1,0,0,1
7,265.05,0.05,7,2,0,0,1,0,0,3,1
6,12.9,0.0,3,6,0,0,2,3,4,0,0
7,129.0,0.0,1,1,0,0,1,1,3,1,1
6,2799.0,0.0,11,0,0,0,0,3,4,1,0
8,149.0,0.0,11,4,0,1,0,2,3,1,0
1,141.55,0.05,8,4,0,1,1,3,1,3,1
1,14.15,0.05,6,1,0,0,3,1,0,3,1
7,103.2,0.2,12,3,0,0,2,2,3,1,0
5,12.25,0.05,7,2,0,0,2,5,2,3,1
2,7.5,0.0,6,0,0,0,4,2,2,3,0
4,8.91,0.1,5,0,0,0,4,4,2,0,0
5,5.87,0.15,5,4,0,1,4,5,2,0,0
6,149.0,0.0,2,6,0,0,1,3,1,1,1
7,79.0,0.0,1,2,0,0,1,1,2,1,1
8,1299.0,0.0,12,1,0,0,0,3,2,1,0
2,46.55,0.05,12,0,0,0,3,1,3,1,1
4,69.0,0.0,2,1,0,0,2,2,0,1,1
4,103.2,0.2,12,5,0,1,2,2,1,1,1
5,44.0,0.0,12,4,0,1,3,1,0,1,1
7,299.0,0.0,8,3,0,0,0,2,0,3,0
7,24.9,0.0,9,4,0,1,3,2,3,2,1
8,14.15,0.05,6,6,0,0,3,0,4,3,1
3,46.55,0.05,12,6,0,0,2,4,3,1,0
8,6.9,0.0,12,2,0,0,4,3,4,1,0
1,2379.15,0.15,4,6,0,0,0,5,2,0,0
2,22.41,0.1,7,1,0,0,4,4,4,3,0
5,284.05,0.05,12,4,0,1,0,0,0,1,0
7,11.3,0.05,1,1,0,0,4,5,2,1,0
6,89.0,0.0,3,1,0,0,3,4,0,0,1
3,5499.0,0.0,12,2,0,0,0,3,2,1,0
4,38.9,0.0,5,0,0,0,4,2,0,0,0
5,47.84,0.0,10,2,1,0,3,3,1,2,1
6,29.9,0.0,5,4,0,1,3,3,2,0,1
4,24.12,0.15,9,3,1,0,4,3,2,2,0
8,9.9,0.0,5,6,0,0,4,2,2,0,0
2,38.9,0.0,10,4,0,1,4,3,2,2,0
3,12.9,0.0,1,1,0,0,4,0,3,1,0
4,379.05,0.05,5,2,0,0,2,4,4,0,1
2,189.05,0.05,6,2,0,0,1,3,1,3,1
6,399.0,0.0,9,6,0,0,2,3,3,2,1
7,14.15,0.05,8,6,0,0,4,0,2,3,0
3,80.1,0.1,8,4,0,1,0,1,1,3,0
6,7.5,0.0,6,4,0,1,4,0,2,3,0
1,2374.05,0.05,7,3,0,0,0,3,2,3,0
4,199.0,0.0,11,2,0,0,1,4,3,1,1
8,18.9,0.0,5,1,0,0,3,4,4,0,1
6,149.0,0.0,6,6,0,0,0,2,1,3,0
2,141.55,0.05,8,6,0,0,1,5,0,3,1
2,29.0,0.0,1,2,0,0,2,5,2,1,1
5,89.0,0.0,5,1,0,0,1,0,2,0,1
2,44.0,0.0,5,1,0,0,3,4,2,0,1
8,56.05,0.05,1,6,0,0,2,5,0,1,1
1,1039.2,0.2,10,0,0,0,0,3,2,2,0
8,14.9,0.0,11,0,0,0,3,0,4,1,1
4,49.0,0.0,4,1,0,0,0,4,3,0,0
7,4.5,0.0,1,6,0,0,4,2,2,1,0
6,107.1,0.1,9,6,0,0,1,0,4,2,1
5,141.55,0.05,4,4,0,1,0,0,2,0,0
5,2399.2,0.2,7,6,0,0,0,0,0,3,0
2,49.0,0.0,2,3,0,0,2,1,1,1,1
8,699.0,0.0,8,3,0,0,0,0,0,3,0
2,4.72,0.2,10,3,0,0,4,3,2,2,0
6,26.1,0.1,10,6,0,0,2,2,1,2,0
4,3.82,0.15,4,1,0,0,4,0,1,0,0
3,14.9,0.0,3,2,0,0,3,3,0,0,1
2,4674.15,0.15,1,1,0,0,0,4,3,1,0
6,23.2,0.2,6,2,0,0,2,3,1,3,0
5,89.0,0.0,4,6,0,0,1,5,2,0,1
2,69.0,0.0,4,3,0,0,2,2,2,0,0
1,62.1,0.1,9,0,0,0,3,4,2,2,1
4,269.1,0.1,2,2,0,0,0,1,1,1,0
5,89.1,0.1,11,2,0,0,1,2,2,1,1
8,23.92,0.2,3,0,0,0,3,4,4,0,0
1,26.91,0.1,6,1,0,0,3,1,0,3,0
8,169.15,0.15,8,4,0,1,1,4,3,3,1
7,113.05,0.05,6,6,0,0,1,4,3,3,1
1,41.65,0.15,2,0,0,0,3,3,3,1,1
6,166.43,0.15,9,1,1,0,2,2,2,2,1
6,71.2,0.2,2,3,0,0,1,3,3,1,1
7,359.1,0.1,5,4,0,1,2,2,2,0,0
3,265.05,0.05,10,3,0,0,1,4,2,2,1
3,27.55,0.05,5,2,0,0,2,3,0,0,0
5,284.05,0.05,1,0,0,0,0,1,0,1,0
5,35.01,0.1,5,3,0,0,4,5,1,0,0
7,103.2,0.2,4,5,0,1,2,2,4,0,0
5,49.0,0.0,8,3,0,0,1,4,3,3,1
7,26.91,0.1,5,4,0,1,3,1,0,0,1
1,719.2,0.2,10,3,0,0,0,5,1,2,0
4,2428.38,0.1,4,2,1,0,0,1,0,0,0
3,75.65,0.15,1,3,0,0,2,0,2,1,0
1,89.0,0.0,2,1,0,0,3,0,3,1,0
2,7.11,0.1,11,6,0,0,4,5,2,1,0
4,7.11,0.1,1,0,0,0,4,5,2,1,0
4,1104.15,0.15,3,6,0,0,0,4,2,0,0
3,65.55,0.05,5,1,0,0,3,5,2,0,1
7,9.4,0.05,4,0,0,0,4,4,2,0,0
1,39.2,0.2,1,3,0,0,0,5,2,1,0
6,379.05,0.05,5,2,0,0,2,1,2,0,0
7,11.92,0.2,1,2,0,0,3,5,0,1,1
4,899.0,0.0,12,6,0,0,0,4,4,1,0
2,198.0,0.0,3,4,1,1,2,2,0,0,1
2,279.0,0.0,8,0,0,0,1,0,0,3,1
3,37.05,0.05,8,5,0,1,3,1,2,3,0
1,52.52,0.1,10,6,1,0,4,4,3,2,0
4,24.9,0.0,5,1,0,0,3,1,0,0,1
1,2799.0,0.0,8,0,0,0,0,4,2,3,0
2,4949.1,0.1,2,2,0,0,0,2,4,1,0
8,122.55,0.05,4,0,0,0,1,1,2,0,1
4,7.5,0.0,11,4,0,1,4,4,1,1,0
5,14.9,0.0,7,4,0,1,3,0,1,3,1
2,11.9,0.0,2,3,0,0,4,1,2,1,0
3,39.6,0.1,6,2,0,0,3,0,4,3,0
4,1839.2,0.2,11,0,0,0,0,3,1,1,0
5,9.9,0.0,2,2,0,0,4,4,2,1,0
1,2799.0,0.0,9,0,0,0,0,3,0,2,0
1,25.41,0.15,2,3,0,0,3,2,2,1,1
5,71.1,0.1,12,6,0,0,1,0,2,1,1
8,199.0,0.0,10,2,0,0,1,2,2,2,1
1,41.65,0.15,10,1,0,0,2,0,2,2,0
5,31.2,0.2,4,1,0,0,2,1,2,0,1
1,1798.0,0.0,3,3,1,0,0,2,1,0,0
8,399.0,0.0,10,1,0,0,2,4,4,2,1
4,30.24,0.0,10,6,1,0,3,4,3,2,0
4,7.5,0.0,1,6,0,0,4,5,1,1,0
1,18.9,0.0,2,6,0,0,3,0,4,1,1
2,11.9,0.0,3,2,0,0,4,3,2,0,0
2,379.05,0.05,8,6,0,0,1,1,0,3,1
8,62.1,0.1,4,0,0,0,1,0,0,0,1
2,39.0,0.0,6,1,0,0,3,2,4,3,1
5,75.65,0.15,6,1,0,0,2,5,4,3,1
1,24.9,0.0,6,1,0,0,3,2,2,3,0
7,189.05,0.05,7,6,0,0,1,3,0,3,1
5,26.91,0.1,6,1,0,0,3,5,1,3,1
3,6.32,0.2,3,3,0,0,4,5,0,0,0
8,63.2,0.2,7,2,0,0,1,0,3,3,1
4,2249.1,0.1,8,1,0,0,0,5,0,3,0
8,80.1,0.1,1,6,0,0,1,1,2,1,1
3,699.0,0.0,11,1,0,0,0,0,3,1,0
8,70.56,0.2,12,0,1,0,0,2,0,1,0
8,39.0,0.0,4,4,0,1,3,1,1,0,1
1,279.0,0.0,1,2,0,0,1,1,2,1,1
7,126.65,0.15,6,2,0,0,0,2,2,3,0
5,17.91,0.1,5,4,0,1,3,1,2,0,1
4,129.0,0.0,8,2,0,0,2,4,2,3,0
4,116.1,0.1,3,4,0,1,1,1,0,0,1
8,41.8,0.05,6,2,0,0,3,1,3,3,1
4,319.2,0.2,12,2,0,0,2,4,0,1,1
3,6.9,0.0,4,2,0,0,4,3,4,0,0
1,5499.0,0.0,8,1,0,0,0,0,1,3,0
4,52.9,0.0,6,2,0,0,4,4,0,3,0
7,2799.0,0.0,12,1,0,0,0,0,2,1,0
5,99.0,0.0,3,1,0,0,2,3,2,0,1
5,12.9,0.0,1,1,0,0,4,1,1,1,0
2,3799.05,0.05,7,6,0,0,0,3,4,3,0
6,46.55,0.05,11,0,0,0,1,2,2,1,1
5,28.4,0.05,8,1,0,0,3,5,2,3,1
2,99.0,0.0,5,1,0,0,1,5,3,0,1
7,49.0,0.0,4,0,0,0,3,0,2,0,1
4,279.0,0.0,10,2,0,0,1,4,3,2,1
2,49.0,0.0,3,3,0,0,3,2,0,0,1
2,11.9,0.0,5,6,0,0,4,5,4,0,0
8,44.1,0.1,1,3,0,0,3,5,0,1,1
8,2239.2,0.2,12,4,0,1,0,1,4,1,0
2,3999.0,0.0,12,6,0,0,0,3,2,1,0
7,1299.0,0.0,5,1,0,0,0,3,1,0,0
5,6.71,0.15,9,6,0,0,4,1,2,2,0
2,41.65,0.15,5,2,0,0,2,0,2,0,0
8,129.0,0.0,2,3,0,0,2,2,1,1,0
1,5.61,0.05,7,4,0,1,4,4,4,3,0
2,52.9,0.0,11,4,0,1,4,0,2,1,0
3,594.15,0.15,1,2,0,0,0,5,2,1,0
1,12.9,0.0,1,4,0,1,4,0,2,1,0
4,37.4,0.15,9,2,0,0,3,2,2,2,1
5,99.0,0.0,12,1,0,0,2,2,2,1,0
8,44.1,0.1,2,3,0,0,3,0,2,1,1
5,7.9,0.0,6,1,0,0,4,5,2,3,0
1,764.15,0.15,7,0,0,0,0,3,4,3,0
7,2499.0,0.0,9,6,0,0,0,0,2,2,0
6,227.97,0.15,12,1,1,0,0,3,3,1,0
8,10.96,0.15,7,4,0,1,2,3,3,3,1
6,2659.05,0.05,10,0,0,0,0,2,2,2,0
8,46.55,0.05,9,3,0,0,3,0,3,2,1
4,11.61,0.1,2,2,0,0,4,3,3,1,0
1,11.92,0.2,7,3,0,0,3,1,0,3,1
7,12.66,0.15,7,5,0,1,4,2,2,3,0
7,13.41,0.1,2,1,0,0,3,4,4,1,1
5,339.15,0.15,1,0,0,0,2,2,4,1,1
2,9.52,0.2,8,4,0,1,4,0,4,3,0
3,5.61,0.05,12,6,0,0,4,5,2,1,0
5,29.0,0.0,12,0,0,0,2,4,0,1,1
1,136.62,0.1,9,6,1,0,1,3,4,2,1
6,899.0,0.0,12,5,0,1,0,1,3,1,0
6,2299.0,0.0,11,0,0,0,0,3,2,1,0
4,113.05,0.05,7,3,0,0,1,0,0,3,1
2,89.0,0.0,6,3,0,0,1,1,3,3,1
8,15.92,0.2,12,4,0,1,3,1,1,1,1
3,26.1,0.1,12,2,0,0,2,4,4,1,0
8,49.0,0.0,5,6,0,0,0,4,1,0,0
5,49.0,0.0,4,1,0,0,0,5,2,0,0
2,149.0,0.0,6,3,0,0,1,5,0,3,1
6,19.9,0.0,8,3,0,0,3,0,2,3,1
7,41.65,0.15,11,2,0,0,0,1,2,1,0
2,19.9,0.0,5,1,0,0,3,4,1,0,1
1,5542.02,0.1,9,6,1,0,0,0,0,2,0
5,56.05,0.05,12,2,0,0,2,5,2,1,1
8,44.0,0.0,6,0,0,0,3,2,2,3,1
4,1954.15,0.15,7,0,0,0,0,2,2,3,0
2,73.91,0.05,3,4,1,1,4,2,0,0,0
4,7.5,0.0,6,4,0,1,4,0,0,3,0
5,79.0,0.0,10,2,0,0,1,3,4,2,1
1,6.71,0.15,5,3,0,0,4,0,0,0,0
1,24.65,0.15,2,6,0,0,2,4,2,1,1
7,6.55,0.05,11,0,0,0,4,5,0,1,0
7,12.9,0.0,4,4,0,1,2,0,3,0,0
6,107.1,0.1,7,1,0,0,1,3,1,3,1
6,63.2,0.2,10,1,0,0,1,2,2,2,1
4,1169.1,0.1,8,1,0,0,0,5,2,3,0
3,1499.0,0.0,10,6,0,0,0,4,1,2,0
2,14.9,0.0,5,4,0,1,4,1,2,0,0
3,7.5,0.05,12,6,0,0,4,3,1,1,0
7,2659.05,0.05,5,6,0,0,0,0,2,0,0
5,39.0,0.0,7,0,0,0,1,5,0,3,1
5,2519.1,0.1,11,0,0,0,0,0,3,1,0
8,1299.0,0.0,5,2,0,0,0,3,0,0,0
6,159.2,0.2,4,4,0,1,1,2,2,0,1
1,129.0,0.0,9,3,0,0,1,4,4,2,1
8,39.2,0.2,4,4,0,1,3,3,0,0,1
5,80.1,0.1,8,2,0,0,3,3,2,3,1
6,14.9,0.0,6,3,0,0,3,1,3,3,1
2,126.65,0.15,2,0,0,0,1,1,0,1,1
5,95.2,0.2,7,3,0,0,1,0,1,3,1
5,31.12,0.2,1,3,0,0,4,3,2,1,0
6,49.0,0.0,11,2,0,0,3,1,4,1,1
8,7.92,0.2,6,3,0,0,4,5,3,3,0
5,206.91,0.05,9,3,1,0,1,1,3,2,1
3,1839.2,0.2,7,5,0,1,0,2,0,3,0
1,149.0,0.0,12,1,0,0,0,5,4,1,0
1,319.2,0.2,9,2,0,0,2,5,0,2,1
4,69.0,0.0,10,4,0,1,2,3,2,2,1
3,23.2,0.2,9,6,0,0,2,1,2,2,0
3,189.05,0.05,6,2,0,0,1,3,1,3,1
7,2374.05,0.05,1,0,0,0,0,2,0,1,0
7,179.1,0.1,10,4,0,1,1,5,1,2,1
6,399.0,0.0,11,2,0,0,1,3,2,1,1
5,11.9,0.0,5,2,0,0,4,0,0,0,0
6,99.0,0.0,5,4,0,1,2,3,1,0,0
4,6.21,0.1,9,4,0,1,4,0,0,2,0
2,44.1,0.1,11,1,0,0,2,3,2,1,0
5,44.1,0.1,9,2,0,0,2,4,2,2,0
8,13.41,0.1,3,1,0,0,3,0,3,0,1
7,59.0,0.0,11,1,0,0,2,2,0,1,1
3,89.0,0.0,10,3,0,0,1,5,0,2,1
3,11.9,0.0,12,2,0,0,4,2,4,1,0
1,149.0,0.0,1,6,0,0,2,4,2,1,1
7,15.18,0.0,9,3,1,0,4,4,1,2,0
6,5.9,0.0,8,1,0,0,4,1,0,3,0
1,2849.05,0.05,3,2,0,0,0,0,2,0,0
6,122.55,0.05,1,6,0,0,2,0,1,1,0
1,23.92,0.2,8,2,0,0,3,2,2,3,1
3,8.46,0.05,9,6,0,0,4,5,4,2,0
3,254.15,0.15,2,1,0,0,0,4,2,1,0
4,103.2,0.2,2,1,0,0,1,1,2,1,1
3,4.5,0.0,12,4,0,1,4,0,4,1,0
7,49.0,0.0,5,5,0,1,2,5,3,0,1
2,1499.0,0.0,5,2,0,0,0,3,3,0,0
1,319.2,0.2,12,4,0,1,2,5,3,1,1
4,37.05,0.05,3,6,0,0,2,0,0,0,0
4,24.9,0.0,9,4,0,1,3,4,3,2,1
1,19.9,0.0,4,6,0,0,3,3,4,0,0
3,21.16,0.15,2,3,0,0,3,0,0,1,1
6,75.65,0.15,7,0,0,0,2,4,2,3,1
3,6.71,0.15,2,4,0,1,4,1,0,1,0
6,1234.05,0.05,5,0,0,0,0,3,0,0,0
4,39.0,0.0,7,5,0,1,1,1,3,3,1
3,2299.0,0.0,7,1,0,0,0,5,0,3,0
6,24.9,0.0,8,1,0,0,3,2,0,3,1
2,69.0,0.0,10,3,0,0,3,2,2,2,1
7,39.0,0.0,9,0,0,0,2,2,2,2,1
3,35.1,0.1,6,3,0,0,2,3,1,3,0
6,58.65,0.15,12,3,0,0,2,1,2,1,1
5,8.01,0.1,7,2,0,0,4,2,0,3,0
8,95.2,0.2,8,3,0,0,1,1,2,3,1
7,7.9,0.0,4,3,0,0,4,0,4,0,0
2,10.96,0.15,11,1,0,0,4,1,2,1,0
4,399.0,0.0,1,1,0,0,2,3,3,1,1
7,71.2,0.2,3,4,0,1,1,1,3,0,1
3,25.41,0.15,2,1,0,0,3,5,4,1,1
6,58.65,0.15,7,1,0,0,2,0,2,3,1
1,41.8,0.05,4,6,0,0,3,5,1,0,1
4,3599.1,0.1,10,3,0,0,0,1,2,2,0
7,9.4,0.05,7,0,0,0,4,4,2,3,0
4,50.15,0.15,9,1,0,0,2,4,1,2,1
7,89.0,0.0,6,3,0,0,1,3,2,3,1
7,12.66,0.15,7,2,0,0,3,5,0,3,1
8,46.55,0.05,10,0,0,0,0,3,3,2,0
4,12.9,0.0,3,4,0,1,2,3,1,0,0
6,24.9,0.0,3,3,0,0,3,1,2,0,1
4,37.4,0.15,5,1,0,0,3,2,4,0,1
2,44.0,0.0,4,2,0,0,3,3,0,0,0
3,2299.0,0.0,7,2,0,0,0,2,2,3,0
6,7.11,0.1,7,2,0,0,4,2,3,3,0
8,79.2,0.2,7,1,0,0,2,3,0,3,0
1,9.9,0.0,1,3,0,0,4,5,2,1,0
7,18.9,0.05,7,4,0,1,3,2,2,3,1
7,71.2,0.2,4,3,0,0,2,3,0,0,1
5,9.9,0.0,4,4,0,1,4,2,4,0,0
7,14.15,0.05,3,2,0,0,3,2,2,0,1
1,3999.0,0.0,5,3,0,0,0,4,3,0,0
3,14.9,0.0,8,4,0,1,3,1,2,3,1
6,17.01,0.1,5,3,0,0,3,5,2,0,1
3,5.02,0.15,9,3,0,0,4,1,4,2,0
1,58.65,0.15,8,2,0,0,1,4,2,3,1
8,126.65,0.15,4,3,0,0,0,4,0,0,0
7,55.2,0.2,5,1,0,0,2,0,3,0,0
4,23.92,0.2,12,0,0,0,3,1,4,1,1
8,134.1,0.1,9,2,0,0,0,1,2,2,0
4,93.1,0.0,3,3,1,0,1,0,3,0,1
3,2379.15,0.15,12,1,0,0,0,2,2,1,0
7,119.2,0.2,2,3,0,0,2,2,0,1,0
2,2799.0,0.0,2,3,0,0,0,2,2,1,0
4,65.78,0.0,9,0,1,0,3,5,3,2,1
6,37.05,0.05,8,3,0,0,3,0,2,3,1
3,58.65,0.15,7,0,0,0,2,0,1,3,1
8,88.2,0.0,4,2,1,0,3,4,2,0,1
1,69.0,0.0,3,3,0,0,3,2,1,0,1
8,399.0,0.0,5,6,0,0,2,0,2,0,0
6,399.0,0.0,12,2,0,0,2,2,2,1,1
7,27.55,0.05,8,6,0,0,2,4,2,3,1
5,12.9,0.0,6,2,0,0,4,3,0,3,0
5,719.2,0.2,4,4,0,1,0,3,3,0,0
3,41.65,0.15,9,4,0,1,3,2,0,2,1
2,19.92,0.2,5,2,0,0,3,2,0,0,1
7,12.25,0.05,12,0,0,0,4,5,1,1,0
7,37.05,0.05,12,3,0,0,2,3,2,1,1
1,13.41,0.1,3,3,0,0,4,3,0,0,0
4,1499.0,0.0,2,6,0,0,0,1,3,1,0
6,13.41,0.1,6,4,0,1,4,1,1,3,0
4,101.15,0.15,5,0,0,0,1,4,2,0,1
5,62.1,0.1,5,1,0,0,3,4,4,0,0
6,399.0,0.0,1,6,0,0,1,3,2,1,1
3,27.55,0.05,10,2,0,0,2,3,4,2,0
3,7.9,0.0,1,6,0,0,4,2,3,1,0
7,55.2,0.2,10,1,0,0,2,5,3,2,0
5,46.55,0.05,11,2,0,0,2,1,4,1,0
4,2379.15,0.15,5,6,0,0,0,4,0,0,0
3,46.55,0.05,12,3,0,0,2,3,0,1,0
5,69.0,0.0,1,0,0,0,3,5,4,1,1
1,3598.56,0.2,12,0,1,0,0,1,4,1,0
2,44.1,0.1,3,2,0,0,0,3,2,0,0
3,79.0,0.0,1,1,0,0,1,3,2,1,1
1,38.9,0.0,12,5,0,1,4,4,4,1,0
3,7.12,0.05,12,1,0,0,4,4,1,1,0
5,84.55,0.05,8,4,0,1,1,3,2,3,1
7,5.87,0.15,2,6,0,0,4,0,1,1,0
7,699.0,0.0,10,3,0,0,0,4,2,2,0
4,199.0,0.0,4,0,0,0,1,2,4,0,1
1,62.1,0.1,6,6,0,0,3,5,1,3,1
5,37.05,0.05,12,3,0,0,3,3,4,1,1
2,2659.05,0.05,8,2,0,0,0,1,4,3,0
1,19.9,0.0,2,6,0,0,3,5,2,1,1
1,129.0,0.0,8,6,0,0,2,1,2,3,0
5,71.2,0.2,3,2,0,0,1,0,0,0,1
7,6.32,0.2,10,6,0,0,4,2,2,2,0
2,3799.05,0.05,4,5,0,1,0,5,0,0,0
5,59.0,0.0,4,1,0,0,2,0,2,0,0
7,19.9,0.0,8,4,0,1,3,5,0,3,0
1,89.1,0.1,11,2,0,0,1,2,4,1,1
7,10.96,0.15,10,0,0,0,4,0,3,2,0
1,14.9,0.0,3,3,0,0,4,1,0,0,0
6,11.9,0.0,5,1,0,0,4,5,3,0,0
7,19.92,0.2,11,1,0,0,3,1,4,1,1
7,94.05,0.05,10,6,0,0,1,3,4,2,1
4,95.2,0.2,10,3,0,0,1,2,3,2,1
3,75.65,0.15,10,6,0,0,2,5,4,2,0
5,41.65,0.15,3,4,0,1,3,2,0,0,1
1,126.65,0.15,6,0,0,0,2,5,4,3,1
3,29.9,0.0,8,3,0,0,3,4,0,3,1
8,11.9,0.0,2,1,0,0,4,1,1,1,0
4,1999.2,0.2,6,4,0,1,0,3,3,3,0
6,279.0,0.0,9,2,0,0,1,5,3,2,1
3,149.0,0.0,6,3,0,0,0,5,0,3,0
3,14.9,0.0,1,2,0,0,3,1,3,1,1
8,119.2,0.2,11,4,0,1,1,1,3,1,1
7,14.9,0.0,3,3,0,0,4,5,3,0,0
4,5.87,0.15,11,3,0,0,4,3,2,1,0
5,18.9,0.0,10,3,0,0,3,1,2,2,1
3,664.05,0.05,4,3,0,0,0,1,2,0,0
4,2249.1,0.1,5,0,0,0,0,0,3,0,0
7,1299.0,0.0,7,0,0,0,0,5,2,3,0
6,25.41,0.15,6,6,0,0,3,2,2,3,1
7,1274.15,0.15,12,1,0,0,0,4,2,1,0
4,55.2,0.2,6,1,0,0,1,5,4,3,1
1,5.9,0.0,9,1,0,0,4,1,3,2,0
2,44.0,0.0,4,3,0,0,3,3,0,0,1
5,11.9,0.0,8,2,0,0,4,2,2,3,0
2,84.55,0.05,8,2,0,0,0,1,3,3,0
5,6.9,0.0,9,1,0,0,4,3,3,2,0
7,14.9,0.0,3,0,0,0,3,1,3,0,1
7,141.55,0.05,9,0,0,0,2,4,0,2,1
3,89.0,0.0,4,4,0,1,2,3,0,0,1
4,1169.1,0.1,8,4,0,1,0,5,3,3,0
5,29.9,0.0,9,3,0,0,3,2,0,2,1
3,7.5,0.05,5,6,0,0,4,3,0,0,0
4,75.65,0.15,5,4,0,1,1,2,1,0,1
2,379.05,0.05,7,4,0,1,2,4,1,3,1
6,18.9,0.0,10,6,0,0,3,3,2,2,1
4,262.24,0.2,9,2,1,0,0,3,1,2,0
6,29.9,0.0,3,0,0,0,3,4,2,0,1
3,53.82,0.1,3,6,1,0,3,2,2,0,1
2,99.0,0.0,8,4,0,1,1,4,4,3,1
8,49.0,0.0,9,5,0,1,1,0,2,2,1
1,22.41,0.1,7,1,0,0,4,0,4,3,0
8,189.05,0.05,5,3,0,0,1,3,3,0,1
4,3.6,0.2,4,6,0,0,4,0,3,0,0
2,399.0,0.0,5,0,0,0,2,3,2,0,0
8,38.9,0.0,11,3,0,0,4,1,4,1,0
8,119.2,0.2,5,2,0,0,1,1,3,0,1
8,35.2,0.2,11,6,0,0,3,5,0,1,1
2,27.55,0.05,5,4,0,1,2,1,0,0,0
4,5499.0,0.0,10,2,0,0,0,0,3,2,0
8,62.1,0.1,5,1,0,0,1,5,2,0,1
8,1954.15,0.15,5,3,0,0,0,5,3,0,0
2,89.0,0.0,11,3,0,0,3,5,3,1,1
3,14.9,0.0,10,1,0,0,3,2,0,2,1
5,12.9,0.0,5,3,0,0,4,0,3,0,0
8,67.15,0.15,12,3,0,0,1,2,0,1,1
7,89.0,0.0,4,0,0,0,1,1,2,0,1
8,69.0,0.0,9,6,0,0,1,3,3,2,1
5,44.1,0.1,10,6,0,0,2,5,4,2,1
1,84.15,0.15,7,4,0,1,1,1,2,3,1
3,399.0,0.0,7,1,0,0,1,0,2,3,1
8,71.2,0.2,9,4,0,1,2,1,2,2,1
3,29.0,0.0,9,6,0,0,2,2,2,2,0
4,75.65,0.15,10,6,0,0,1,3,0,2,1
3,23.2,0.2,7,6,0,0,2,2,2,3,1
4,35.2,0.2,2,2,0,0,3,1,2,1,1
6,107.1,0.1,4,6,0,0,1,1,1,0,1
1,2239.2,0.2,8,5,0,1,0,1,0,3,0
1,239.2,0.2,10,0,0,0,0,2,2,2,0
6,69.0,0.0,5,3,0,0,2,0,0,0,1
4,10.12,0.15,4,0,0,0,4,1,2,0,0
1,899.0,0.0,2,4,0,1,0,5,2,1,0
7,5.52,0.2,8,4,0,1,4,4,2,3,0
8,37.05,0.05,11,1,0,0,3,0,4,1,1
3,10.12,0.15,3,0,0,0,4,3,0,0,0
5,24.9,0.0,7,6,0,0,3,2,2,3,1
7,6.55,0.05,11,3,0,0,4,1,3,1,0
6,149.0,0.0,3,0,0,0,2,4,2,0,0
6,80.1,0.1,5,5,0,1,0,1,1,0,0
7,877.8,0.0,9,0,1,0,2,3,1,2,1
1,75.65,0.15,8,3,0,0,3,0,1,3,1
2,6.9,0.0,2,3,0,0,4,2,1,1,0
4,2799.0,0.0,12,2,0,0,0,1,2,1,0
3,59.0,0.0,3,2,0,0,2,2,0,0,0
7,37.05,0.05,4,6,0,0,2,1,4,0,0
3,38.9,0.0,10,1,0,0,4,1,2,2,0
5,14.9,0.0,11,4,0,1,4,1,0,1,0
7,149.0,0.0,11,4,0,1,0,1,2,1,0
2,24.9,0.0,8,1,0,0,4,1,3,3,0
2,59.0,0.0,11,4,0,1,2,3,2,1,1
6,49.0,0.0,2,2,0,0,3,0,0,1,1
1,36.95,0.05,2,4,0,1,4,0,2,1,0
6,399.0,0.0,1,6,0,0,1,3,0,1,1
5,49.0,0.0,2,6,0,0,2,2,2,1,0
3,44.0,0.0,1,4,0,1,3,1,1,1,0
7,798.0,0.0,3,6,1,0,2,4,3,0,1
6,299.0,0.0,3,6,0,0,0,1,1,0,0
8,6.21,0.1,7,2,0,0,4,3,0,3,0
8,3199.2,0.2,5,6,0,0,0,3,3,0,0
1,126.65,0.15,2,4,0,1,1,3,2,1,1
4,59.0,0.0,5,0,0,0,2,0,3,0,1
7,29.0,0.0,5,4,0,1,2,5,0,0,0
3,71.2,0.2,10,2,0,0,2,1,2,2,1
2,399.0,0.0,10,0,0,0,1,1,2,2,1
8,8.9,0.0,8,0,0,0,4,2,2,3,0
8,23.92,0.2,7,3,0,0,3,2,2,3,1
2,14.15,0.05,9,0,0,0,4,1,3,2,0
1,149.0,0.0,1,6,0,0,1,5,3,1,1
4,38.9,0.0,11,2,0,0,4,2,2,1,0
2,33.15,0.15,8,2,0,0,1,5,0,3,1
1,37.4,0.15,3,3,0,0,3,1,1,0,1
7,11.61,0.1,1,4,0,1,4,4,2,1,0
5,3799.05,0.05,9,3,0,0,0,5,1,2,0
3,75.65,0.15,7,5,0,1,0,3,0,3,0
1,2659.05,0.05,12,1,0,0,0,2,3,1,0
6,13.41,0.1,7,6,0,0,3,2,3,3,1
3,69.0,0.0,6,4,0,1,2,4,4,3,1
7,169.15,0.15,5,2,0,0,1,5,2,0,1
6,20.35,0.05,12,1,1,0,4,1,3,1,0
6,2239.2,0.2,11,4,0,1,0,5,0,1,0
2,46.55,0.05,4,3,0,0,3,4,2,0,1
6,39.0,0.0,7,6,0,0,3,5,1,3,1
8,284.05,0.05,4,6,0,0,0,0,2,0,0
6,119.2,0.2,6,1,0,0,2,4,2,3,0
2,62.1,0.1,1,6,0,0,1,3,3,1,1
4,89.0,0.0,1,4,0,1,3,3,0,1,1
5,39.2,0.2,3,2,0,0,1,4,3,0,1
6,39.15,0.1,10,6,1,0,2,1,0,2,0
7,2799.0,0.0,11,6,0,0,0,2,2,1,0
7,239.2,0.2,2,1,0,0,0,4,3,1,0
7,2699.1,0.1,10,1,0,0,0,0,3,2,0
4,629.1,0.1,12,4,0,1,0,3,3,1,0
1,29.0,0.0,12,3,0,0,2,1,1,1,1
8,12.9,0.0,10,6,0,0,4,2,4,2,0
1,19.9,0.0,2,3,0,0,3,4,1,1,1
4,299.0,0.0,8,3,0,0,0,0,2,3,0
2,129.0,0.0,7,4,0,1,1,1,4,3,1
7,5.61,0.05,3,1,0,0,4,4,2,0,0
5,379.05,0.05,4,2,0,0,2,0,4,0,0
1,4.5,0.0,10,3,0,0,4,5,0,2,0
8,23.92,0.2,1,1,0,0,3,4,3,1,0
8,12.25,0.05,12,3,0,0,4,5,1,1,0
5,149.0,0.0,9,6,0,0,1,2,0,2,1
3,89.0,0.0,9,4,0,1,3,4,1,2,1
3,37.05,0.05,6,6,0,0,2,3,2,3,0
3,89.0,0.0,7,1,0,0,2,3,2,3,1
5,3599.1,0.1,12,1,0,0,0,3,3,1,0
4,5542.02,0.1,9,0,1,0,0,5,1,2,0
5,29.0,0.0,3,4,0,1,2,2,0,0,1
4,199.0,0.0,2,2,0,0,1,1,0,1,1
1,189.05,0.05,10,6,0,0,1,2,0,2,1
4,49.0,0.0,5,1,0,0,0,2,0,0,0
7,339.15,0.15,4,4,0,1,1,3,2,0,1
8,359.1,0.1,8,3,0,0,2,3,3,3,1
7,33.15,0.15,5,4,0,1,3,2,3,0,1
5,11.92,0.2,6,4,0,1,3,4,4,3,1
6,3399.15,0.15,11,4,0,1,0,2,0,1,0
5,94.05,0.05,6,6,0,0,1,4,2,3,1
7,33.15,0.15,3,1,0,0,3,0,3,0,1
8,126.65,0.15,2,1,0,0,2,2,3,1,0
3,23.2,0.2,8,4,0,1,2,5,3,3,1
7,109.65,0.15,3,3,0,0,1,1,2,0,1
2,399.0,0.0,5,3,0,0,2,5,3,0,1
1,179.1,0.1,9,4,0,1,1,2,1,2,1
1,12.9,0.0,3,0,0,0,4,5,3,0,0
5,39.0,0.0,6,2,0,0,3,3,0,3,1
6,41.65,0.15,8,3,0,0,3,1,4,3,1
6,69.0,0.0,9,2,0,0,3,3,3,2,1
6,129.0,0.0,7,2,0,0,2,2,2,3,0
6,149.0,0.0,1,2,0,0,1,4,0,1,1
8,39.0,0.0,6,0,0,0,2,3,3,3,1
8,2299.0,0.0,5,0,0,0,0,1,4,0,0
2,44.0,0.0,5,0,0,0,3,3,2,0,1
3,10.32,0.2,1,0,0,0,4,0,3,1,0
1,12.25,0.05,11,6,0,0,4,0,2,1,0
5,46.55,0.05,6,0,0,0,2,0,1,3,0
3,7.9,0.0,11,0,0,0,4,1,0,1,0
4,23.2,0.2,4,0,0,0,2,0,1,0,1
6,75.65,0.15,4,3,0,0,1,4,2,0,1
7,65.55,0.05,10,6,0,0,1,3,4,2,1
2,5.87,0.15,2,1,0,0,4,1,1,1,0
4,126.65,0.15,4,6,0,0,0,0,0,0,0
2,279.0,0.0,9,5,0,1,1,0,4,2,1
7,75.65,0.15,2,3,0,0,3,3,2,1,1
6,379.05,0.05,4,6,0,0,2,2,2,0,1
6,24.9,0.0,9,6,0,0,3,4,2,2,1
5,199.0,0.0,8,1,0,0,1,5,0,3,1
2,24.9,0.0,7,0,0,0,4,0,3,3,0
8,109.65,0.15,2,3,0,0,1,1,0,1,1
6,116.1,0.1,1,3,0,0,2,4,4,1,1
6,99.0,0.0,3,3,0,0,2,0,3,0,0
3,6.71,0.15,11,6,0,0,4,2,3,1,0
3,42.32,0.2,2,0,0,0,4,2,3,1,0
4,71.2,0.2,9,4,0,1,0,5,2,2,0
4,27.55,0.05,8,2,0,0,2,4,2,3,0
7,3199.2,0.2,6,2,0,0,0,5,1,3,0
5,89.0,0.0,10,6,0,0,0,5,3,2,0
2,18.9,0.05,2,1,0,0,3,1,2,1,1
3,149.0,0.0,6,1,0,0,1,3,0,3,1
6,116.1,0.1,3,0,0,0,1,3,0,0,1
3,47.2,0.2,10,1,0,0,2,5,0,2,0
4,89.0,0.0,10,6,0,0,0,1,3,2,0
4,99.0,0.0,6,0,0,0,2,2,3,3,0
5,1039.2,0.2,4,4,0,1,0,0,2,0,0
1,113.05,0.05,10,4,0,1,1,0,2,2,1
2,3599.1,0.1,11,6,0,0,0,2,4,1,0
1,16.04,0.1,12,0,1,0,4,1,0,1,0
6,71.1,0.1,9,1,0,0,1,0,1,2,1
2,89.0,0.0,8,1,0,0,1,5,0,3,1
7,1234.05,0.05,6,0,0,0,0,2,2,3,0
4,199.0,0.0,2,3,0,0,1,0,4,1,1
7,29.0,0.0,4,1,0,0,2,0,2,0,0
2,2519.1,0.1,2,5,0,1,0,4,3,1,0
3,199.0,0.0,10,4,0,1,1,3,2,2,1
3,42.32,0.2,8,3,0,0,4,3,2,3,0
3,44.1,0.1,5,4,0,1,2,2,2,0,0
4,46.55,0.05,6,6,0,0,3,3,2,3,1
2,13.41,0.1,2,1,0,0,3,2,2,1,1
7,399.0,0.0,7,6,0,0,2,3,3,3,0
8,11.92,0.2,2,4,0,1,3,0,3,1,1
6,14.15,0.05,9,2,0,0,3,1,3,2,1
7,39.0,0.0,6,5,0,1,3,1,2,3,1
8,141.55,0.05,10,2,0,0,2,3,2,2,1
4,3599.1,0.1,7,6,0,0,0,0,2,3,0
2,119.2,0.2,7,6,0,0,2,0,3,3,0
6,46.55,0.05,6,3,0,0,3,2,4,3,1
1,89.0,0.0,3,2,0,0,0,1,2,0,0
2,113.05,0.05,10,2,0,0,1,5,3,2,1
1,19.9,0.0,4,0,0,0,3,3,1,0,0
5,75.05,0.05,5,2,0,0,1,4,3,0,1
4,134.1,0.1,9,3,0,0,2,1,4,2,1
4,89.0,0.0,4,1,0,0,2,5,2,0,0
6,55.2,0.2,2,4,0,1,1,1,4,1,1
2,80.1,0.1,2,4,0,1,0,0,3,1,0
6,93.5,0.15,4,5,1,1,3,0,3,0,1
8,89.0,0.0,8,2,0,0,3,1,3,3,1
8,5.9,0.0,8,5,0,1,4,4,1,3,0
1,35.1,0.1,11,3,0,0,2,4,0,1,0
6,49.0,0.0,10,6,0,0,2,2,0,2,0
1,113.05,0.05,4,6,0,0,1,1,0,0,1
1,7.5,0.05,11,4,0,1,4,1,3,1,0
3,2184.05,0.05,4,2,0,0,0,4,0,0,0
1,399.0,0.0,11,6,0,0,1,3,2,1,1
8,12.9,0.0,12,3,0,0,4,0,1,1,0
6,359.1,0.1,2,1,0,0,2,2,3,1,0
1,39.6,0.1,7,1,0,0,3,2,0,3,1
6,23.2,0.2,10,1,0,0,2,5,2,2,1
7,38.9,0.0,2,2,0,0,4,2,0,1,0
6,89.0,0.0,9,2,0,0,3,0,2,2,1
4,31.12,0.2,7,2,0,0,4,1,0,3,0
2,10.32,0.2,4,0,0,0,2,2,1,0,1
4,251.1,0.1,9,2,0,0,1,5,3,2,1
6,1299.0,0.0,7,2,0,0,0,5,0,3,0
3,2799.0,0.0,7,2,0,0,0,2,3,3,0
1,6.32,0.2,6,2,0,0,4,0,2,3,0
6,22.41,0.1,5,2,0,0,3,4,0,0,0
2,1234.05,0.05,6,0,0,0,0,2,0,3,0
6,41.65,0.15,6,2,0,0,3,4,2,3,1
6,46.55,0.05,3,3,0,0,1,0,3,0,1
6,84.15,0.15,5,6,0,0,1,3,0,0,1
5,699.0,0.0,6,0,0,0,0,1,3,3,0
6,15.12,0.2,1,0,0,0,3,1,1,1,1
1,59.0,0.0,8,0,0,0,2,3,0,3,0
1,159.2,0.2,8,0,0,0,1,5,2,3,1
7,65.55,0.05,8,2,0,0,3,3,0,3,0
6,10.96,0.15,9,3,0,0,4,1,1,2,0
5,664.05,0.05,2,4,0,1,0,5,1,1,0
5,52.9,0.0,12,6,0,0,4,5,2,1,0
1,84.15,0.15,10,0,0,0,2,1,2,2,1
6,84.55,0.05,2,1,0,0,1,2,2,1,1
4,19.92,0.2,12,4,0,1,3,1,0,1,1
8,2299.0,0.0,3,6,0,0,0,2,2,0,0
2,141.55,0.05,12,6,0,0,1,3,2,1,1
2,4399.2,0.2,3,6,0,0,0,1,3,0,0
7,854.05,0.05,8,3,0,0,0,1,4,3,0
1,4.5,0.0,5,1,0,0,4,2,0,0,0
7,14.15,0.05,1,1,0,0,3,2,2,1,1
7,38.9,0.0,12,1,0,0,4,3,4,1,0
2,7.5,0.05,10,4,0,1,4,4,3,2,0
4,10.8,0.2,4,4,1,1,4,2,3,0,0
1,14.9,0.0,8,3,0,0,3,4,0,3,0
3,199.0,0.0,2,1,0,0,1,3,2,1,1
7,699.0,0.0,6,1,0,0,0,5,2,3,0
3,39.2,0.2,9,6,0,0,3,0,3,2,1
5,265.05,0.05,11,0,0,0,1,2,0,1,1
8,24.9,0.0,7,4,0,1,3,5,1,3,1
8,2799.0,0.0,8,0,0,0,0,4,4,3,0
8,52.9,0.0,7,6,0,0,4,0,2,3,0
5,89.0,0.0,6,1,0,0,1,5,2,3,1
7,75.65,0.15,12,4,0,1,3,1,0,1,1
2,31.2,0.2,8,2,0,0,1,3,0,3,1
8,11.92,0.2,3,5,0,1,3,0,4,0,1
4,84.55,0.05,5,0,0,0,3,5,2,0,1
7,89.0,0.0,10,6,0,0,1,4,0,2,1
5,42.32,0.2,9,6,0,0,4,1,2,2,0
4,14.9,0.0,12,3,0,0,4,1,1,1,0
4,399.0,0.0,11,0,0,0,1,3,1,1,1
5,8.9,0.0,5,4,0,1,4,4,0,0,0
6,9.9,0.0,1,0,0,0,4,5,1,1,0
6,89.0,0.0,9,3,0,0,1,1,4,2,1
5,21.16,0.15,1,2,0,0,3,2,1,1,1
8,7.9,0.0,12,3,0,0,4,4,4,1,0
3,594.15,0.15,11,6,0,0,0,4,1,1,0
3,7.5,0.05,3,4,0,1,4,2,3,0,0
7,2999.0,0.0,8,1,0,0,0,0,2,3,0
7,35.1,0.1,7,0,0,0,2,1,3,3,0
5,19.92,0.2,11,6,0,0,3,2,4,1,1
3,26.1,0.1,2,2,0,0,2,0,3,1,0
4,65.55,0.05,8,2,0,0,3,2,2,3,1
5,339.15,0.15,10,3,0,0,2,1,2,2,1
7,84.55,0.05,1,0,0,0,1,1,4,1,1
7,7.5,0.0,10,2,0,0,4,4,2,2,0
1,399.0,0.0,2,0,0,0,2,5,4,1,1
4,149.0,0.0,5,6,0,0,0,5,2,0,0
1,39.0,0.0,2,0,0,0,1,1,2,1,1
4,17.95,0.05,3,1,0,0,3,3,1,0,1
6,149.0,0.0,9,4,0,1,0,2,4,2,0
2,49.0,0.0,7,3,0,0,0,1,0,3,0
2,24.9,0.0,9,3,0,0,4,3,2,2,0
3,5.9,0.0,2,1,0,0,4,0,0,1,0
3,379.05,0.05,2,6,0,0,1,5,1,1,1
6,69.0,0.0,12,5,0,1,3,0,2,1,1
1,14.15,0.05,10,3,0,0,4,0,4,2,0
2,29.9,0.0,9,2,0,0,3,5,2,2,1
1,41.8,0.05,9,1,0,0,3,2,4,2,1
8,16.06,0.15,10,3,0,0,3,2,0,2,1
6,88.2,0.0,12,1,1,0,3,0,2,1,1
5,69.0,0.0,7,6,0,0,3,0,0,3,1
8,1499.0,0.0,6,1,0,0,0,0,2,3,0
1,6.9,0.0,2,6,0,0,4,2,2,1,0
1,379.05,0.05,11,3,0,0,2,1,4,1,1
8,13.41,0.1,8,6,0,0,3,3,3,3,1
8,7.5,0.0,12,4,0,1,4,4,3,1,0
4,2499.0,0.0,12,4,0,1,0,3,2,1,0
4,11.61,0.1,12,5,0,1,4,3,1,1,0
2,116.1,0.1,8,1,0,0,1,3,3,3,1
8,62.1,0.1,4,1,0,0,1,3,0,0,1
5,71.2,0.2,4,6,0,0,3,0,2,0,1
4,27.55,0.05,5,0,0,0,2,0,2,0,1
6,179.1,0.1,12,1,0,0,1,1,1,1,1
8,84.15,0.15,5,0,0,0,1,0,3,0,1
4,24.9,0.0,8,4,0,1,3,2,2,3,1
4,6.32,0.2,6,3,0,0,4,4,0,3,0
4,38.9,0.0,1,5,0,1,4,2,0,1,0
5,49.0,0.0,8,6,0,0,2,3,0,3,0
2,359.1,0.1,8,3,0,0,1,5,2,3,1
7,149.0,0.0,2,1,0,0,1,4,4,1,1
4,12.9,0.0,12,4,0,1,4,0,0,1,0
4,2299.0,0.0,3,1,0,0,0,3,0,0,0
3,39.0,0.0,8,6,0,0,1,5,1,3,1
8,69.0,0.0,8,3,0,0,2,5,2,3,0
2,179.1,0.1,8,0,0,0,1,0,1,3,1
1,9.9,0.0,1,4,0,1,4,2,2,1,0
7,699.0,0.0,11,0,0,0,0,0,1,1,0
4,11.9,0.0,1,3,0,0,4,3,3,1,0
3,3199.2,0.2,1,6,0,0,0,5,2,1,0
7,141.55,0.05,12,6,0,0,2,0,0,1,0
3,14.9,0.0,10,1,0,0,4,0,0,2,0
2,33.15,0.15,1,6,0,0,2,0,4,1,1
3,89.0,0.0,1,1,0,0,2,5,3,1,1
7,89.0,0.0,10,5,0,1,2,2,3,2,1
4,23.84,0.0,10,0,1,0,3,0,3,2,1
5,6.9,0.0,9,2,0,0,4,3,2,2,0
6,69.0,0.0,6,4,0,1,1,4,2,3,1
8,7.9,0.0,5,3,0,0,4,4,3,0,0
1,33.15,0.15,8,1,0,0,1,1,4,3,1
1,107.1,0.1,4,4,0,1,1,2,1,0,1
1,14.9,0.0,12,4,0,1,4,1,3,1,0
1,94.05,0.05,7,1,0,0,2,0,4,3,1
3,6.55,0.05,8,1,0,0,4,1,2,3,0
2,12.25,0.05,3,0,0,0,4,4,3,0,0
7,279.0,0.0,11,1,0,0,1,4,2,1,1
2,3.82,0.15,5,1,0,0,4,5,2,0,0
8,62.1,0.1,10,3,0,0,2,4,2,2,1
5,12.9,0.0,11,1,0,0,4,3,4,1,0
2,239.2,0.2,7,0,0,0,0,1,0,3,0
7,46.55,0.05,9,3,0,0,1,0,2,2,1
1,2549.15,0.15,10,6,0,0,0,2,2,2,0
7,3599.1,0.1,5,1,0,0,0,3,4,0,0
6,149.0,0.0,6,1,0,0,0,5,1,3,0
7,284.05,0.05,11,4,0,1,0,4,3,1,0
5,149.0,0.0,10,6,0,0,2,5,2,2,0
1,65.55,0.05,4,0,0,0,1,0,2,0,1
4,94.05,0.05,3,4,0,1,1,3,0,0,1
4,237.15,0.15,8,1,0,0,1,4,4,3,1
1,5.87,0.15,8,3,0,0,4,1,0,3,0
7,19.9,0.0,9,1,0,0,3,0,3,2,1
2,2379.15,0.15,8,2,0,0,0,2,3,3,0
8,199.0,0.0,10,0,0,0,1,3,0,2,1
8,299.0,0.0,5,2,0,0,0,1,2,0,0
7,134.1,0.1,6,0,0,0,2,2,0,3,0
8,1199.2,0.2,1,0,0,0,0,3,2,1,0
8,6.9,0.0,10,1,0,0,4,3,2,2,0
7,5.31,0.1,6,6,0,0,4,1,4,3,0
6,12.9,0.0,7,4,0,1,4,1,2,3,0
6,37.05,0.05,2,6,0,0,1,1,1,1,1
3,18.9,0.05,11,3,0,0,3,5,3,1,1
3,129.0,0.0,3,1,0,0,2,5,3,0,1
6,3.6,0.2,6,1,0,0,4,1,1,3,0
8,116.1,0.1,7,3,0,0,2,1,2,3,0
4,6.9,0.0,2,2,0,0,4,2,3,1,0
6,6.21,0.1,9,4,0,1,4,1,2,2,0
4,2999.0,0.0,10,3,0,0,0,2,4,2,0
6,12.9,0.0,1,6,0,0,2,0,1,1,1
3,84.15,0.15,3,2,0,0,2,3,3,0,1
5,79.2,0.2,8,3,0,0,1,5,0,3,1
8,478.4,0.0,10,2,1,0,0,4,2,2,0
5,1274.15,0.15,9,0,0,0,0,3,4,2,0
8,134.1,0.1,11,6,0,0,1,2,2,1,1
8,199.0,0.0,5,3,0,0,1,0,4,0,1
6,89.0,0.0,4,3,0,0,1,1,4,0,1
8,46.55,0.05,1,2,0,0,1,2,4,1,1
8,2519.1,0.1,4,1,0,0,0,3,1,0,0
2,141.55,0.05,12,4,0,1,0,4,3,1,0
6,3999.0,0.0,5,4,0,1,0,2,2,0,0
4,8.9,0.0,7,3,0,0,4,1,0,3,0
1,89.0,0.0,8,6,0,0,1,0,2,3,1
3,6.0,0.2,7,2,0,0,4,3,3,3,0
8,1199.2,0.2,9,4,0,1,0,4,2,2,0
5,69.0,0.0,5,4,0,1,2,3,3,0,1
8,5.31,0.1,8,2,0,0,4,0,2,3,0
3,6.9,0.0,12,2,0,0,4,4,2,1,0
4,23.65,0.05,2,4,0,1,3,5,0,1,1
8,55.2,0.2,5,3,0,0,3,5,1,0,1
1,89.0,0.0,9,6,0,0,3,1,2,2,1
2,129.0,0.0,6,4,0,1,2,3,0,3,0
5,62.1,0.1,4,0,0,0,2,4,0,0,1
5,119.0,0.0,6,4,0,1,1,4,1,3,1
4,12.9,0.0,6,2,0,0,4,0,4,3,0
5,62.1,0.1,10,6,0,0,3,2,0,2,1
3,22.41,0.1,7,2,0,0,3,5,0,3,1
5,8.46,0.05,4,4,0,1,4,3,3,0,0
8,254.15,0.15,9,3,0,0,0,2,3,2,0
5,52.9,0.0,12,2,0,0,4,0,2,1,0
1,2659.05,0.05,10,4,0,1,0,4,4,2,0
7,69.0,0.0,4,6,0,0,2,1,1,0,1
7,21.16,0.15,4,6,0,0,3,5,2,0,1
4,49.0,0.0,7,0,0,0,1,2,2,3,1
1,14.9,0.0,5,2,0,0,4,4,3,0,0
4,16.51,0.05,9,2,1,0,4,2,3,2,0
3,9.9,0.0,3,3,0,0,4,0,2,0,0
8,69.0,0.0,1,6,0,0,3,3,2,1,1
5,279.0,0.0,7,6,0,0,1,4,1,3,1
3,399.0,0.0,9,0,0,0,1,2,1,2,1
1,129.0,0.0,10,4,0,1,1,0,2,2,1
8,5.31,0.1,7,3,0,0,4,1,2,3,0
2,71.1,0.1,2,2,0,0,1,4,4,1,1
7,119.0,0.0,4,6,0,0,1,1,3,0,1
8,24.9,0.0,7,2,0,0,3,1,0,3,1
6,39.0,0.0,8,5,0,1,1,3,2,3,1
5,199.0,0.0,1,6,0,0,1,1,4,1,1
4,39.0,0.0,12,4,0,1,2,5,2,1,0
6,33.06,0.15,6,0,0,0,4,1,4,3,0
2,55.2,0.2,4,6,0,0,2,1,1,0,1
5,149.0,0.0,6,1,0,0,2,3,0,3,0
5,84.15,0.15,4,0,0,0,1,5,2,0,1
7,62.1,0.1,4,2,0,0,1,3,2,0,1
3,49.0,0.0,3,3,0,0,3,1,2,0,1
7,83.79,0.05,4,4,1,1,3,3,2,0,1
4,134.1,0.1,10,0,0,0,2,0,1,2,1
2,14.9,0.0,3,1,0,0,3,0,0,0,1
3,10.12,0.15,11,0,0,0,4,4,2,1,0
5,89.0,0.0,8,0,0,0,1,2,1,3,1
5,99.0,0.0,8,3,0,0,2,5,1,3,1
7,399.0,0.0,6,2,0,0,2,3,0,3,0
4,2499.0,0.0,7,2,0,0,0,5,0,3,0
5,14.15,0.05,7,6,0,0,4,0,1,3,0
7,107.1,0.1,7,6,0,0,1,2,1,3,1
5,49.0,0.0,5,2,0,0,3,3,2,0,1
8,10.56,0.15,4,2,1,0,4,2,2,0,0
3,223.2,0.2,9,6,0,0,1,1,2,2,1
5,71.2,0.2,7,4,0,1,1,1,0,3,1
5,94.05,0.05,9,2,0,0,1,2,3,2,1
3,339.15,0.15,11,0,0,0,1,2,4,1,1
1,37.4,0.15,8,2,0,0,3,1,3,3,1
8,379.05,0.05,9,1,0,0,2,4,0,2,0
1,399.0,0.0,6,1,0,0,2,2,4,3,0
2,31.2,0.2,5,2,0,0,1,4,2,0,1
8,149.0,0.0,7,4,0,1,0,0,2,3,0
7,319.2,0.2,6,6,0,0,2,0,1,3,1
4,6.9,0.0,4,3,0,0,4,2,0,0,0
4,299.0,0.0,12,4,0,1,0,3,1,1,0
6,65.55,0.05,7,6,0,0,2,2,1,3,0
6,3.6,0.2,7,4,0,1,4,2,1,3,0
1,41.65,0.15,6,2,0,0,3,4,0,3,1
2,39.0,0.0,9,2,0,0,2,3,4,2,1
6,126.65,0.15,3,4,0,1,2,0,1,0,1
5,107.1,0.1,2,0,0,0,1,5,0,1,1
6,19.9,0.0,8,1,0,0,3,1,2,3,1
5,1954.15,0.15,1,0,0,0,0,1,1,1,0
7,199.0,0.0,7,3,0,0,1,3,1,3,1
6,149.0,0.0,5,3,0,0,1,3,4,0,1
8,399.0,0.0,12,4,0,1,2,5,2,1,0
6,1954.15,0.15,12,1,0,0,0,1,0,1,0
5,55.2,0.2,11,1,0,0,2,2,4,1,0
7,11.92,0.2,5,3,0,0,4,0,4,0,0
3,126.65,0.15,1,3,0,0,2,0,0,1,1
8,89.1,0.1,8,1,0,0,1,1,2,3,1
8,84.55,0.05,3,1,0,0,2,5,0,0,0
8,89.0,0.0,8,2,0,0,1,2,0,3,1
7,6.9,0.0,5,4,0,1,4,2,2,0,0
3,14.9,0.0,5,0,0,0,4,3,3,0,0
2,6.9,0.0,12,1,0,0,4,5,1,1,0
3,14.9,0.0,5,4,0,1,3,0,3,0,1
2,4.5,0.0,4,2,0,0,4,1,3,0,0
5,299.0,0.0,12,5,0,1,0,2,1,1,0
2,149.0,0.0,2,4,0,1,1,2,0,1,1
2,6.75,0.1,9,4,0,1,4,3,1,2,0
7,14.9,0.0,11,1,0,0,3,0,3,1,1
7,14.15,0.05,2,5,0,1,3,4,4,1,0
5,119.2,0.2,6,2,0,0,1,2,0,3,1
5,2299.0,0.0,1,6,0,0,0,1,3,1,0
6,399.0,0.0,2,2,0,0,2,0,2,1,1
3,1954.15,0.15,5,6,0,0,0,1,2,0,0
3,2799.0,0.0,6,6,0,0,0,2,3,3,0
7,353.87,0.05,4,2,1,0,1,3,4,0,1
8,89.0,0.0,10,2,0,0,1,1,2,2,1
4,339.15,0.15,3,1,0,0,2,1,3,0,1
2,11.92,0.2,11,6,0,0,3,1,4,1,1
8,12.25,0.05,12,6,0,0,2,2,4,1,0
1,89.0,0.0,6,6,0,0,2,2,3,3,1
7,49.0,0.0,2,6,0,0,0,0,3,1,0
6,37.05,0.05,1,1,0,0,1,1,4,1,1
1,18.9,0.0,3,1,0,0,3,1,2,0,1
2,7.9,0.0,2,4,0,1,4,5,2,1,0
3,2659.05,0.05,7,4,0,1,0,1,2,3,0
7,24.9,0.0,1,2,0,0,4,2,3,1,0
6,6.9,0.0,1,2,0,0,4,5,1,1,0
6,4.05,0.1,5,1,0,0,4,5,0,0,0
4,56.05,0.05,9,0,0,0,2,0,1,2,1
8,12.9,0.0,4,3,0,0,4,5,0,0,0
8,399.0,0.0,1,3,0,0,1,0,2,1,1
4,399.0,0.0,1,4,0,1,2,5,2,1,1
2,5.87,0.15,9,3,0,0,4,1,0,2,0
3,47.2,0.2,8,2,0,0,2,4,3,3,1
7,99.0,0.0,11,2,0,0,1,1,0,1,1
1,49.0,0.0,11,4,0,1,3,1,2,1,1
8,14.9,0.0,7,6,0,0,3,3,2,3,1
6,12.9,0.0,5,3,0,0,4,2,4,0,0
2,1349.1,0.1,6,6,0,0,0,3,4,3,0
8,141.55,0.05,11,4,0,1,2,1,3,1,0
7,189.05,0.05,1,3,0,0,1,1,0,1,1
7,124.2,0.0,4,1,1,0,1,3,4,0,1
3,38.9,0.0,10,2,0,0,4,3,3,2,0
5,5.87,0.15,3,6,0,0,4,3,4,0,0
2,126.65,0.15,10,0,0,0,2,5,1,2,0
5,134.1,0.1,11,2,0,0,2,0,2,1,0
2,80.1,0.1,7,0,0,0,1,5,1,3,1
7,6.55,0.05,11,2,0,0,4,0,1,1,0
5,52.9,0.0,2,2,0,0,4,3,4,1,0
3,41.65,0.15,9,1,0,0,0,3,4,2,0
1,8.42,0.15,4,0,0,0,4,1,3,0,0
4,36.95,0.05,12,0,0,0,4,5,4,1,0
5,1169.1,0.1,11,3,0,0,0,0,0,1,0
7,594.15,0.15,6,4,0,1,0,3,2,3,0
7,2379.15,0.15,10,3,0,0,0,3,2,2,0
2,12.9,0.0,6,4,0,1,4,1,3,3,0
4,35.1,0.1,3,0,0,0,3,3,1,0,1
6,7.9,0.0,8,3,0,0,4,0,1,3,0
1,31.12,0.2,9,1,0,0,4,0,4,2,0
6,19.07,0.2,10,2,1,0,4,5,1,2,0
8,17.95,0.05,8,1,0,0,3,1,0,3,0
8,113.05,0.05,5,6,0,0,1,2,2,0,1
7,94.05,0.05,5,6,0,0,2,0,4,0,0
4,151.8,0.0,9,0,1,0,3,5,0,2,1
3,12.9,0.0,8,0,0,0,4,4,2,3,0
4,44.0,0.0,12,2,0,0,3,3,0,1,1
2,39.0,0.0,5,2,0,0,1,0,4,0,1
8,16.91,0.15,4,6,0,0,3,2,1,0,1
3,16.06,0.15,3,0,0,0,3,1,3,0,1
4,1424.05,0.05,12,0,0,0,0,0,1,1,0
7,119.2,0.2,3,6,0,0,2,3,2,0,0
1,399.0,0.0,12,6,0,0,2,5,0,1,0
2,14.9,0.0,2,3,0,0,3,3,4,1,1
7,10.32,0.2,2,3,0,0,2,5,0,1,1
3,2239.2,0.2,12,2,0,0,0,0,3,1,0
3,31.2,0.2,1,6,0,0,3,0,2,1,1
6,899.0,0.0,5,3,0,0,0,4,3,0,0
8,35.1,0.1,2,3,0,0,1,2,1,1,1
4,33.15,0.15,8,1,0,0,3,4,4,3,0
7,7.5,0.05,8,5,0,1,4,5,0,3,0
4,29.9,0.0,10,0,0,0,3,3,3,2,1
6,7.12,0.2,1,2,0,0,4,0,2,1,0
7,39.0,0.0,4,6,0,0,3,1,2,0,1
5,14.15,0.05,5,2,0,0,3,3,3,0,1
5,65.55,0.05,4,4,0,1,3,3,0,0,1
8,17.95,0.05,1,0,0,0,3,0,2,1,1
1,1499.0,0.0,6,4,0,1,0,5,1,3,0
6,19.9,0.0,4,2,0,0,3,5,4,0,1
8,29.9,0.0,11,2,0,0,3,5,0,1,1
3,199.0,0.0,11,0,0,0,1,2,2,1,1
2,49.0,0.0,1,3,0,0,0,1,1,1,0
3,14.9,0.0,1,6,0,0,4,5,4,1,0
8,24.65,0.15,8,4,0,1,2,5,2,3,1
5,24.9,0.0,1,3,0,0,3,4,2,1,0
8,7.9,0.0,7,5,0,1,4,4,2,3,0
7,179.1,0.1,3,6,0,0,1,1,2,0,1
3,319.2,0.2,3,6,0,0,2,4,2,0,0
4,17.91,0.1,2,4,0,1,3,2,3,1,1
3,1274.15,0.15,8,6,0,0,0,2,4,3,0
1,14.9,0.0,1,6,0,0,3,4,2,1,1
3,7.9,0.0,4,3,0,0,4,0,2,0,0
2,269.1,0.1,9,4,0,1,0,5,3,2,0
4,46.55,0.05,3,4,0,1,2,0,4,0,0
6,65.55,0.05,9,2,0,0,1,1,4,2,1
5,28.4,0.05,8,0,0,0,3,5,1,3,1
4,49.0,0.0,8,1,0,0,3,0,3,3,1
4,97.25,0.0,4,1,1,0,4,4,2,0,0
7,69.0,0.0,3,4,0,1,3,2,0,0,1
1,49.0,0.0,10,1,0,0,3,5,1,2,1
7,46.55,0.05,1,2,0,0,0,3,2,1,0
3,6.55,0.05,11,2,0,0,4,0,2,1,0
7,141.55,0.05,3,1,0,0,2,4,0,0,1
8,38.9,0.0,2,6,0,0,4,2,1,1,0
8,1499.0,0.0,12,3,0,0,0,4,2,1,0
8,46.55,0.05,7,0,0,0,3,2,3,3,1
7,89.0,0.0,4,3,0,0,2,1,0,0,0
7,37.05,0.05,8,1,0,0,3,2,2,3,1
2,141.55,0.05,12,0,0,0,0,1,4,1,0
2,399.0,0.0,3,0,0,0,2,5,2,0,0
3,80.1,0.1,9,0,0,0,1,5,3,2,1
2,12.66,0.15,6,4,0,1,3,3,1,3,1
8,629.1,0.1,7,1,0,0,0,4,3,3,0
1,4.05,0.1,6,1,0,0,4,4,2,3,0
8,107.1,0.1,1,6,0,0,1,2,3,1,1
5,65.55,0.05,4,5,0,1,3,3,0,0,1
3,2799.0,0.0,7,4,0,1,0,1,4,3,0
7,12.66,0.15,3,0,0,0,3,1,2,0,1
8,126.65,0.15,4,0,0,0,1,5,2,0,1
1,4.72,0.2,9,3,0,0,4,1,2,2,0
4,284.05,0.05,3,4,0,1,0,2,3,0,0
5,39.0,0.0,8,6,0,0,3,0,2,3,1
2,29.0,0.0,11,2,0,0,2,3,0,1,0
2,31.12,0.2,6,2,0,0,4,1,2,3,0
8,359.1,0.1,9,3,0,0,2,3,0,2,1
8,2699.1,0.1,7,2,0,0,0,3,0,3,0
8,23.65,0.05,11,1,0,0,4,4,3,1,0
8,26.91,0.1,6,6,0,0,3,5,2,3,1
6,94.05,0.05,7,6,0,0,1,0,0,3,1
8,53.1,0.1,7,0,0,0,2,0,2,3,1
6,75.65,0.15,10,2,0,0,1,0,4,2,1
7,65.55,0.05,9,4,0,1,1,3,2,2,1
5,399.0,0.0,4,5,0,1,2,4,2,0,0
2,52.9,0.0,6,3,0,0,4,5,0,3,0
4,49.0,0.0,11,6,0,0,0,0,2,1,0
5,284.05,0.05,12,1,0,0,0,4,1,1,0
7,49.0,0.0,10,2,0,0,0,0,0,2,0
5,126.65,0.15,5,2,0,0,2,3,2,0,0
2,1104.15,0.15,4,6,0,0,0,3,3,0,0
8,2799.0,0.0,9,0,0,0,0,2,4,2,0
2,149.0,0.0,1,4,0,1,2,1,2,1,0
7,69.0,0.0,5,6,0,0,2,3,1,0,1
1,17.01,0.1,8,0,0,0,3,5,3,3,1
4,119.0,0.0,12,5,0,1,1,3,3,1,1
3,16.91,0.15,4,4,0,1,3,0,2,0,1
6,1499.0,0.0,10,2,0,0,0,3,0,2,0
4,96.8,0.0,9,6,1,0,3,1,1,2,1
1,75.65,0.15,4,1,0,0,2,3,1,0,1
2,31.2,0.2,7,4,0,1,3,1,2,3,1
3,39.0,0.0,10,3,0,0,1,4,2,2,1
8,141.55,0.05,3,3,0,0,1,0,2,0,1
7,14.9,0.0,6,6,0,0,3,3,2,3,1
4,199.0,0.0,10,5,0,1,1,1,0,2,1
1,12.9,0.0,10,5,0,1,4,3,0,2,0
8,29.9,0.0,11,3,0,0,3,1,1,1,1
5,58.65,0.15,10,0,0,0,3,3,4,2,1
3,103.2,0.2,5,0,0,0,1,3,0,0,1
4,29.0,0.0,4,3,0,0,2,5,2,0,1
5,149.0,0.0,10,6,0,0,2,0,3,2,0
5,268.2,0.0,4,2,1,0,0,1,0,0,0
1,29.0,0.0,7,2,0,0,2,0,3,3,0
5,251.1,0.1,8,6,0,0,1,4,3,3,1
5,89.0,0.0,9,2,0,0,3,1,2,2,1
8,6.21,0.1,1,4,0,1,4,0,1,1,0
4,89.0,0.0,8,0,0,0,3,4,2,3,1
3,3799.05,0.05,2,4,0,1,0,3,0,1,0
2,299.0,0.0,8,1,0,0,0,5,0,3,0
2,29.0,0.0,12,6,0,0,2,3,0,1,0
6,284.05,0.05,12,2,0,0,0,3,0,1,0
4,5499.0,0.0,12,1,0,0,0,1,2,1,0
1,65.55,0.05,7,1,0,0,2,1,2,3,1
5,49.0,0.0,3,0,0,0,0,1,2,0,0
1,16.91,0.15,10,0,0,0,3,0,4,2,1
3,8.9,0.0,8,6,0,0,4,1,2,3,0
3,2299.0,0.0,7,1,0,0,0,5,0,3,0
4,95.2,0.2,11,1,0,0,1,3,2,1,1
6,6.32,0.2,8,4,0,1,4,0,0,3,0
1,12.66,0.15,2,6,0,0,3,5,3,1,1
8,56.05,0.05,4,2,0,0,2,4,4,0,1
8,14.9,0.0,11,3,0,0,3,0,2,1,1
8,1234.05,0.05,9,3,0,0,0,2,3,2,0
7,119.2,0.2,11,6,0,0,0,1,2,1,0
5,119.0,0.0,8,3,0,0,1,2,0,3,1
3,211.38,0.05,4,2,1,0,2,3,3,0,0
6,12.9,0.0,10,4,0,1,4,2,0,2,0
8,47.84,0.0,10,0,1,0,3,1,3,2,1
6,84.15,0.15,7,2,0,0,2,2,4,3,0
4,14.9,0.0,4,1,0,0,4,4,2,0,0
2,134.1,0.1,3,0,0,0,2,3,0,0,1
1,39.0,0.0,5,3,0,0,2,5,0,0,0
8,6.21,0.1,8,4,0,1,4,5,0,3,0
6,149.0,0.0,1,0,0,0,2,2,4,1,1
7,24.9,0.0,9,2,0,0,3,4,1,2,0
8,31.12,0.2,7,4,0,1,4,1,3,3,0
3,37.4,0.15,2,5,0,1,3,4,2,1,0
7,79.65,0.1,10,2,1,0,2,1,2,2,1
6,4.5,0.0,9,6,0,0,4,4,1,2,0
6,2659.05,0.05,2,0,0,0,0,0,3,1,0
5,95.2,0.2,1,0,0,0,1,5,0,1,1
5,44.0,0.0,8,2,0,0,3,1,3,3,1
5,129.0,0.0,2,1,0,0,1,1,2,1,1
8,118.8,0.2,10,6,1,0,2,0,0,2,0
1,41.65,0.15,4,4,0,1,2,1,0,0,0
1,7.9,0.0,8,5,0,1,4,3,2,3,0
1,12.25,0.05,7,6,0,0,2,2,0,3,0
6,46.55,0.05,12,4,0,1,1,5,3,1,1
8,41.65,0.15,5,2,0,0,3,5,4,0,1
4,14.9,0.0,7,4,0,1,4,3,0,3,0
6,14.9,0.0,1,1,0,0,4,5,0,1,0
7,159.2,0.2,7,2,0,0,1,1,1,3,1
3,116.1,0.1,3,1,0,0,2,1,1,0,1
1,12.25,0.05,9,1,0,0,4,3,3,2,0
1,2699.1,0.1,2,6,0,0,0,1,0,1,0
8,2379.15,0.15,9,4,0,1,0,0,4,2,0
4,9.52,0.2,2,3,0,0,4,0,4,1,0
3,80.1,0.1,8,0,0,0,1,5,2,3,1
3,13.41,0.1,1,5,0,1,4,2,0,1,0
1,94.05,0.05,2,6,0,0,2,2,2,1,0
7,11.61,0.1,8,2,0,0,2,5,4,3,1
1,99.0,0.0,4,4,0,1,2,0,2,0,1
7,41.65,0.15,8,2,0,0,3,0,2,3,1
8,19.9,0.0,2,0,0,0,3,2,2,1,1
7,39.2,0.2,3,0,0,0,3,5,0,0,1
4,149.0,0.0,5,6,0,0,0,4,4,0,0
3,199.0,0.0,9,0,0,0,1,2,3,2,1
7,39.6,0.1,3,0,0,0,3,3,3,0,0
4,89.0,0.0,6,5,0,1,3,3,3,3,1
5,94.05,0.05,3,1,0,0,2,1,3,0,0
4,6.55,0.05,11,0,0,0,4,3,3,1,0
7,12.25,0.05,7,0,0,0,4,4,4,3,0
3,6.9,0.0,12,2,0,0,4,3,2,1,0
8,7.9,0.0,4,2,0,0,4,2,2,0,0
3,5.02,0.15,5,4,0,1,4,3,0,0,0
4,65.55,0.05,3,0,0,0,1,5,0,0,1
2,13.41,0.1,8,1,0,0,3,1,4,3,1
1,89.0,0.0,6,3,0,0,2,4,0,3,1
5,279.0,0.0,6,3,0,0,1,5,3,3,1
2,13.41,0.1,6,2,0,0,3,3,2,3,1
2,1039.2,0.2,4,6,0,0,0,3,3,0,0
1,1299.0,0.0,5,6,0,0,0,1,3,0,0
2,11.92,0.2,10,1,0,0,4,0,4,2,0
7,399.0,0.0,8,6,0,0,2,5,2,3,1
1,28.4,0.05,8,1,0,0,3,4,0,3,1
6,22.41,0.1,8,6,0,0,4,2,2,3,0
8,23.65,0.05,11,4,0,1,4,1,2,1,0
1,699.0,0.0,10,0,0,0,0,0,0,2,0
7,39.0,0.0,5,6,0,0,1,5,2,0,1
3,33.15,0.15,7,4,0,1,3,2,1,3,0
2,35.1,0.1,9,3,0,0,2,3,3,2,1
2,4949.1,0.1,12,0,0,0,0,2,4,1,0
3,5499.0,0.0,10,4,0,1,0,0,4,2,0
6,62.1,0.1,6,2,0,0,2,0,4,3,0
3,1299.0,0.0,9,1,0,0,0,1,4,2,0
5,129.0,0.0,1,1,0,0,1,3,0,1,1
2,18.9,0.0,1,6,0,0,3,4,2,1,1
6,23.92,0.2,11,6,0,0,3,0,3,1,1
2,37.05,0.05,10,1,0,0,3,4,0,2,1
4,129.0,0.0,10,1,0,0,1,4,4,2,1
4,1349.1,0.1,7,1,0,0,0,3,2,3,0
6,46.55,0.05,12,6,0,0,2,1,0,1,1
6,59.0,0.0,12,1,0,0,2,5,3,1,0
1,119.0,0.0,1,2,0,0,1,1,1,1,1
3,179.1,0.1,11,2,0,0,1,2,2,1,1
3,62.1,0.1,2,4,0,1,1,3,2,1,1
3,84.15,0.15,1,0,0,0,2,1,4,1,0
1,359.1,0.1,1,2,0,0,2,2,4,1,0
3,84.55,0.05,5,2,0,0,3,3,1,0,1
2,99.0,0.0,6,6,0,0,1,0,1,3,1
5,119.2,0.2,2,4,0,1,2,4,4,1,1
7,31.2,0.2,7,4,0,1,2,3,4,3,0
8,134.1,0.1,5,0,0,0,2,1,2,0,0
4,13.41,0.1,8,6,0,0,4,2,2,3,0
3,16.06,0.15,1,4,0,1,3,2,3,1,1
6,119.2,0.2,4,6,0,0,2,2,0,0,1
2,119.0,0.0,9,0,0,0,1,0,0,2,1
1,2699.1,0.1,11,4,0,1,0,0,4,1,0
7,129.0,0.0,4,0,0,0,1,3,4,0,1
7,69.0,0.0,3,0,0,0,2,5,3,0,1
5,149.0,0.0,6,1,0,0,0,2,3,3,0
3,80.1,0.1,6,3,0,0,3,0,2,3,1
7,223.5,0.0,10,6,1,0,0,0,2,2,0
8,39.2,0.2,9,1,0,0,2,4,0,2,0
4,1104.15,0.15,8,4,0,1,0,5,0,3,0
7,14.9,0.0,1,2,0,0,3,0,1,1,1
5,44.0,0.0,10,1,0,0,3,5,0,2,1
7,19.92,0.2,12,6,0,0,3,2,3,1,1
3,99.0,0.0,7,3,0,0,2,5,4,3,0
5,19.9,0.0,11,1,0,0,3,3,0,1,1
2,1274.15,0.15,5,4,0,1,0,2,2,0,0
4,49.0,0.0,10,1,0,0,0,3,2,2,0
5,279.0,0.0,8,6,0,0,1,0,3,3,1
8,18.9,0.0,8,0,0,0,3,5,3,3,1
4,12.9,0.0,8,0,0,0,4,2,2,3,0
8,149.0,0.0,9,4,0,1,1,0,2,2,1
4,8.9,0.0,3,0,0,0,4,4,2,0,0
1,14.9,0.0,9,4,0,1,3,0,2,2,1
2,1839.2,0.2,12,4,0,1,0,4,0,1,0
7,69.0,0.0,6,6,0,0,3,3,3,3,1
3,84.55,0.05,2,5,0,1,1,0,2,1,1
6,4.5,0.0,7,6,0,0,4,2,3,3,0
3,10.32,0.2,7,0,0,0,4,5,4,3,0
4,53.1,0.1,10,3,0,0,2,4,2,2,1
1,119.2,0.2,2,6,0,0,2,4,2,1,0
5,94.05,0.05,7,2,0,0,1,2,4,3,1
8,2659.05,0.05,3,0,0,0,0,1,2,0,0
5,1499.0,0.0,10,3,0,0,0,0,4,2,0
4,12.66,0.15,4,6,0,0,3,1,0,0,0
2,664.05,0.05,12,2,0,0,0,4,2,1,0
5,79.2,0.2,1,3,0,0,1,4,1,1,1
6,50.15,0.15,7,2,0,0,2,5,1,3,1
4,84.15,0.15,6,3,0,0,1,1,0,3,1
1,10.32,0.2,9,3,0,0,2,2,2,2,0
4,89.0,0.0,11,3,0,0,2,5,2,1,1
1,2499.0,0.0,5,3,0,0,0,3,1,0,0
5,19.9,0.0,2,0,0,0,3,1,2,1,0
1,12.66,0.15,3,3,0,0,3,5,3,0,1
3,169.15,0.15,1,0,0,0,1,2,2,1,1
5,4.27,0.05,2,0,0,0,4,3,3,1,0
6,52.9,0.0,11,4,0,1,4,1,2,1,0
5,113.05,0.05,2,6,0,0,1,2,2,1,1
1,12.9,0.0,5,6,0,0,4,2,2,0,0
2,10.71,0.1,3,1,0,0,4,5,2,0,0
1,5.52,0.2,12,3,0,0,4,2,3,1,0
6,199.0,0.0,8,3,0,0,1,0,4,3,1
5,84.55,0.05,11,6,0,0,2,0,1,1,0
5,2499.0,0.0,7,1,0,0,0,0,4,3,0
1,39.0,0.0,6,6,0,0,3,0,1,3,1
6,1299.0,0.0,9,6,0,0,0,5,2,2,0
5,159.2,0.2,8,6,0,0,1,0,3,3,1
8,69.0,0.0,10,3,0,0,2,1,0,2,1
6,49.0,0.0,11,2,0,0,1,5,2,1,1
1,8.46,0.05,2,1,0,0,4,5,3,1,0
5,899.0,0.0,12,0,0,0,0,0,2,1,0
7,25.41,0.15,7,0,0,0,3,4,0,3,1
3,9.9,0.0,7,6,0,0,4,2,2,3,0
7,12.66,0.15,10,2,0,0,3,1,2,2,1
1,5224.05,0.05,9,4,0,1,0,5,3,2,0
3,7.9,0.0,8,1,0,0,4,0,2,3,0
2,129.0,0.0,1,6,0,0,1,3,2,1,1
3,11.61,0.1,6,1,0,0,2,5,0,3,1
8,79.0,0.0,2,6,0,0,1,2,4,1,1
8,7.11,0.1,6,3,0,0,4,5,0,3,0
2,84.55,0.05,3,2,0,0,1,2,1,0,1
7,134.1,0.1,1,4,0,1,0,4,3,1,0
6,46.55,0.05,7,6,0,0,0,2,2,3,0
5,126.65,0.15,8,4,0,1,2,5,2,3,0
6,141.55,0.05,4,2,0,0,2,0,4,0,0
1,16.91,0.15,12,2,0,0,3,5,1,1,1
3,149.0,0.0,6,3,0,0,0,3,0,3,0
7,89.0,0.0,8,5,0,1,3,2,4,3,1
5,79.0,0.0,1,0,0,0,1,2,2,1,1
1,79.0,0.0,12,2,0,0,1,4,0,1,0
2,44.1,0.1,1,0,0,0,3,1,4,1,1
3,13.41,0.1,9,3,0,0,3,2,4,2,1
7,141.55,0.05,2,5,0,1,1,5,0,1,1
4,62.1,0.1,3,6,0,0,3,5,4,0,1
8,14.15,0.05,12,6,0,0,4,5,2,1,0
2,8.42,0.15,4,1,0,0,4,4,3,0,0
6,37.05,0.05,9,6,0,0,3,5,4,2,1
7,71.1,0.1,8,3,0,0,1,3,4,3,1
4,35.1,0.1,8,5,0,1,2,2,2,3,1
8,113.05,0.05,9,0,0,0,1,5,2,2,1
8,59.0,0.0,2,0,0,0,2,1,2,1,0
2,134.1,0.1,12,4,0,1,2,4,2,1,1
2,58.0,0.0,3,3,1,0,2,0,1,0,1
8,141.55,0.05,5,0,0,0,1,4,0,0,1
8,141.55,0.05,11,2,0,0,0,4,0,1,0
8,5.52,0.2,6,6,0,0,4,3,2,3,0
7,126.65,0.15,1,6,0,0,1,1,2,1,1
1,2799.0,0.0,5,0,0,0,0,3,3,0,0
2,169.1,0.0,3,3,1,0,1,2,2,0,1
3,94.05,0.05,12,3,0,0,2,1,4,1,0
3,199.0,0.0,9,0,0,0,1,5,2,2,1
4,41.65,0.15,6,6,0,0,2,3,2,3,1
7,95.2,0.2,12,2,0,0,1,5,2,1,0
7,7.11,0.1,9,0,0,0,4,4,3,2,0
4,2184.05,0.05,12,6,0,0,0,2,1,1,0
4,29.9,0.0,2,1,0,0,3,2,2,1,1
2,265.05,0.05,9,1,0,0,1,2,2,2,1
1,8.42,0.15,2,6,0,0,4,0,4,1,0
3,24.9,0.0,6,0,0,0,3,5,4,3,1
3,141.55,0.05,8,6,0,0,0,1,1,3,0
8,399.0,0.0,5,6,0,0,1,4,3,0,1
4,21.16,0.15,6,4,0,1,4,4,4,3,0
3,2519.1,0.1,7,0,0,0,0,5,3,3,0
1,44.96,0.15,2,4,0,1,4,1,3,1,0
2,254.15,0.15,12,1,0,0,0,1,0,1,0
3,33.15,0.15,6,2,0,0,2,3,1,3,0
4,89.0,0.0,9,2,0,0,2,2,2,2,0
2,1169.1,0.1,8,4,0,1,0,4,0,3,0
6,75.65,0.15,6,4,0,1,0,3,1,3,0
4,7.12,0.05,10,0,0,0,4,4,3,2,0
4,7.11,0.1,9,0,0,0,4,0,2,2,0
7,49.0,0.0,9,4,0,1,2,1,2,2,0
8,89.0,0.0,11,6,0,0,1,0,3,1,1
6,16.06,0.15,4,5,0,1,3,3,0,0,1
2,11.9,0.0,3,4,0,1,4,2,2,0,0
4,1169.1,0.1,12,0,0,0,0,1,3,1,0
3,55.2,0.2,11,6,0,0,3,1,4,1,1
7,13.41,0.1,1,3,0,0,3,0,0,1,1
3,89.0,0.0,12,4,0,1,1,2,2,1,1
2,39.0,0.0,12,4,0,1,3,3,0,1,1
7,2849.05,0.05,6,0,0,0,0,1,0,3,0
8,19.9,0.0,3,2,0,0,3,1,2,0,1
1,8.9,0.0,6,3,0,0,4,1,2,3,0
4,1199.2,0.2,8,6,0,0,0,5,3,3,0
6,46.55,0.05,5,3,0,0,3,3,2,0,1
2,41.8,0.05,1,0,0,0,3,0,2,1,1
1,33.15,0.15,3,3,0,0,2,4,0,0,1
2,12.66,0.15,5,2,0,0,3,4,0,0,1
6,11.92,0.2,5,6,0,0,3,2,1,0,1
5,24.65,0.15,8,3,0,0,2,5,2,3,1
4,122.55,0.05,3,6,0,0,2,0,4,0,0
4,19.9,0.0,1,2,0,0,3,5,1,1,1
3,41.65,0.15,9,4,0,1,2,0,3,2,1
4,2659.05,0.05,7,4,0,1,0,2,1,3,0
7,69.0,0.0,8,0,0,0,3,2,2,3,0
3,79.0,0.0,8,1,0,0,1,3,2,3,1
6,71.2,0.2,5,6,0,0,2,5,2,0,1
4,7.5,0.05,5,4,0,1,4,0,4,0,0
4,23.92,0.2,4,6,0,0,3,4,2,0,1
8,38.9,0.0,11,2,0,0,4,1,4,1,0
1,26.1,0.1,7,0,0,0,2,4,0,3,1
7,3.6,0.2,2,3,0,0,4,3,1,1,0
4,89.1,0.1,7,3,0,0,2,2,3,3,0
5,2499.0,0.0,2,1,0,0,0,5,0,1,0
3,69.0,0.0,12,2,0,0,1,0,0,1,1
6,199.0,0.0,3,1,0,0,1,0,2,0,1
3,116.1,0.1,8,4,0,1,2,2,2,3,1
7,99.0,0.0,5,3,0,0,2,1,2,0,0
5,149.0,0.0,11,2,0,0,0,0,1,1,0
7,4.27,0.05,4,4,0,1,4,0,3,0,0
7,2659.05,0.05,5,1,0,0,0,3,0,0,0
8,101.15,0.15,2,5,0,1,1,3,2,1,1
7,119.2,0.2,7,3,0,0,1,5,3,3,1
7,359.1,0.1,11,6,0,0,1,3,4,1,1
4,99.0,0.0,1,3,0,0,2,4,2,1,1
7,134.1,0.1,12,1,0,0,1,4,3,1,1
6,5.31,0.1,4,2,0,0,4,1,3,0,0
7,99.0,0.0,3,2,0,0,1,5,2,0,1
3,63.2,0.2,9,1,0,0,1,0,3,2,1
1,1039.2,0.2,3,6,0,0,0,2,2,0,0
5,69.0,0.0,12,6,0,0,3,1,2,1,1
5,3199.2,0.2,3,5,0,1,0,1,2,0,0
8,18.9,0.0,10,2,0,0,3,0,1,2,1
4,39.0,0.0,12,6,0,0,3,0,1,1,1
4,141.55,0.05,2,2,0,0,2,4,0,1,1
5,99.0,0.0,5,1,0,0,1,1,0,0,1
4,41.65,0.15,7,6,0,0,2,0,3,3,1
8,69.0,0.0,9,2,0,0,1,4,0,2,1
6,31.2,0.2,8,4,0,1,2,2,2,3,1
6,5.9,0.0,8,2,0,0,4,4,0,3,0
4,17.91,0.1,2,4,0,1,3,4,4,1,1
5,49.0,0.0,12,2,0,0,3,0,2,1,0
7,31.2,0.2,4,4,0,1,2,0,0,0,1
7,44.0,0.0,3,0,0,0,3,5,3,0,1
1,41.65,0.15,6,5,0,1,3,5,2,3,1
8,119.0,0.0,8,1,0,0,1,5,3,3,1
5,399.0,0.0,1,1,0,0,2,5,3,1,0
2,49.0,0.0,12,1,0,0,2,4,0,1,1
5,49.0,0.0,11,3,0,0,0,0,2,1,0
2,89.0,0.0,7,1,0,0,3,5,1,3,1
3,1169.1,0.1,2,2,0,0,0,5,0,1,0
8,14.15,0.05,8,2,0,0,3,5,0,3,0
2,89.0,0.0,7,0,0,0,2,1,2,3,1
8,719.2,0.2,3,5,0,1,0,1,3,0,0
8,47.2,0.2,9,4,0,1,2,3,0,2,0
7,997.5,0.0,4,4,1,1,2,0,2,0,0
2,97.5,0.0,4,5,1,1,3,4,0,0,1
7,399.0,0.0,1,5,0,1,2,1,2,1,1
5,35.1,0.1,2,4,0,1,2,3,3,1,0
5,89.0,0.0,9,0,0,0,1,5,3,2,1
2,19.9,0.0,5,2,0,0,3,3,4,0,1
1,47.2,0.2,8,4,0,1,2,0,0,3,0
3,44.1,0.1,6,0,0,0,3,4,0,3,1
6,69.0,0.0,1,2,0,0,3,5,4,1,1
7,107.1,0.1,2,3,0,0,1,5,1,1,1
3,4.5,0.0,5,1,0,0,4,5,3,0,0
6,33.06,0.15,10,1,0,0,4,3,2,2,0
7,80.1,0.1,7,1,0,0,1,2,1,3,1
4,1839.2,0.2,5,5,0,1,0,1,2,0,0
5,279.0,0.0,5,2,0,0,1,4,2,0,1
8,113.05,0.05,2,3,0,0,1,2,2,1,1
6,149.0,0.0,2,2,0,0,0,0,2,1,0
5,7.5,0.0,4,6,0,0,4,5,2,0,0
3,2299.0,0.0,9,1,0,0,0,4,4,2,0
7,101.15,0.15,6,3,0,0,1,0,0,3,1
5,7.57,0.15,5,2,0,0,4,1,2,0,0
5,1954.15,0.15,4,0,0,0,0,1,3,0,0
2,89.0,0.0,4,6,0,0,3,2,2,0,1
5,239.2,0.2,3,1,0,0,0,3,4,0,0
7,103.2,0.2,1,2,0,0,2,1,1,1,1
5,16.06,0.15,1,2,0,0,3,1,3,1,1
5,179.1,0.1,5,0,0,0,1,1,2,0,1
3,169.15,0.15,6,3,0,0,1,1,3,3,1
6,119.0,0.0,6,6,0,0,1,3,2,3,1
7,54.78,0.0,9,0,1,0,3,0,2,2,0
4,319.2,0.2,7,4,0,1,2,1,2,3,0
7,69.0,0.0,1,0,0,0,1,5,2,1,1
1,120.87,0.15,4,2,1,0,1,2,0,0,1
3,3.6,0.2,10,3,0,0,4,1,2,2,0
8,199.0,0.0,3,2,0,0,1,2,2,0,1
1,89.0,0.0,1,0,0,0,0,3,4,1,0
3,2374.05,0.05,7,1,0,0,0,1,0,3,0
6,41.65,0.15,10,2,0,0,1,3,2,2,1
8,14.9,0.0,2,4,0,1,3,4,4,1,1
4,23.2,0.2,2,1,0,0,2,3,0,1,1
6,9.9,0.0,8,2,0,0,4,5,2,3,0
3,39.2,0.2,10,2,0,0,2,3,3,2,1
3,16.91,0.15,12,4,0,1,3,5,4,1,1
7,6.32,0.2,7,0,0,0,4,4,3,3,0
1,15.92,0.2,1,3,0,0,3,1,0,1,1
6,339.15,0.15,7,4,0,1,1,3,0,3,1
8,7.5,0.0,2,0,0,0,4,0,0,1,0
8,39.2,0.2,12,0,0,0,3,1,0,1,1
3,11.9,0.0,3,0,0,0,4,4,0,0,0
4,10.71,0.1,6,3,0,0,4,2,1,3,0
4,179.1,0.1,6,4,0,1,1,2,4,3,1
8,39.0,0.0,9,6,0,0,1,3,0,2,1
1,9.9,0.0,7,2,0,0,4,0,3,3,0
3,2069.1,0.1,5,3,0,0,0,5,2,0,0
7,65.55,0.05,6,4,0,1,2,4,4,3,0
4,12.9,0.0,5,4,0,1,4,0,2,0,0
1,80.1,0.1,1,1,0,0,2,3,3,1,1
1,1499.0,0.0,5,1,0,0,0,1,2,0,0
1,38.9,0.0,12,1,0,0,4,4,2,1,0
7,149.0,0.0,2,5,0,1,1,1,0,1,1
8,2799.0,0.0,8,3,0,0,0,2,2,3,0
2,119.0,0.0,9,4,0,1,1,1,1,2,1
4,11.3,0.05,2,0,0,0,4,0,2,1,0
5,69.0,0.0,7,2,0,0,3,2,3,3,1
1,116.1,0.1,8,1,0,0,2,5,2,3,0
2,21.16,0.15,6,6,0,0,3,2,3,3,1
8,169.15,0.15,7,3,0,0,1,5,3,3,1
6,18.9,0.05,5,0,0,0,3,3,0,0,1
8,1039.2,0.2,2,6,0,0,0,4,4,1,0
2,223.2,0.2,10,2,0,0,1,2,0,2,1
8,80.1,0.1,2,5,0,1,3,2,0,1,1
4,71.2,0.2,8,2,0,0,2,1,3,3,0
4,79.0,0.0,3,2,0,0,1,5,3,0,1
3,6.55,0.05,12,4,0,1,4,0,2,1,0
5,39.2,0.2,6,2,0,0,0,3,3,3,0
2,49.0,0.0,7,6,0,0,3,4,1,3,1
6,3599.1,0.1,8,3,0,0,0,4,4,3,0
4,2239.2,0.2,12,4,0,1,0,0,2,1,0
1,134.1,0.1,3,1,0,0,1,5,3,0,1
6,6.21,0.1,11,3,0,0,4,0,0,1,0
3,199.0,0.0,4,3,0,0,1,0,2,0,1
2,14.9,0.0,7,6,0,0,4,0,2,3,0
4,39.0,0.0,12,0,0,0,2,5,4,1,1
4,1839.2,0.2,9,2,0,0,0,3,2,2,0
7,49.0,0.0,1,2,0,0,2,5,3,1,1
4,52.9,0.0,5,2,0,0,4,3,0,0,0
8,29.9,0.0,9,4,0,1,3,2,1,2,1
7,179.1,0.1,1,0,0,0,1,4,1,1,1
2,46.55,0.05,10,3,0,0,0,0,0,2,0
8,2124.15,0.15,3,4,0,1,0,4,2,0,0
1,5.02,0.15,3,3,0,0,4,3,2,0,0
2,22.41,0.1,6,2,0,0,4,1,0,3,0
1,2549.15,0.15,2,6,0,0,0,1,0,1,0
7,299.0,0.0,9,3,0,0,0,0,3,2,0
4,14.9,0.0,7,3,0,0,3,1,1,3,1
1,7.5,0.05,10,3,0,0,4,3,0,2,0
7,14.15,0.05,1,6,0,0,3,1,3,1,1
1,9.9,0.0,4,2,0,0,4,4,0,0,0
5,559.2,0.2,6,1,0,0,0,2,0,3,0
1,237.15,0.15,2,4,0,1,1,4,1,1,1
8,49.0,0.0,12,3,0,0,3,0,3,1,1
7,37.05,0.05,8,6,0,0,1,1,4,3,1
5,44.0,0.0,3,0,0,0,3,5,2,0,1
4,149.0,0.0,8,2,0,0,0,3,3,3,0
1,62.1,0.1,3,0,0,0,1,4,3,0,1
3,6.21,0.1,12,0,0,0,4,3,3,1,0
3,93.1,0.05,3,3,1,0,1,3,3,0,1
3,2999.0,0.0,10,4,0,1,0,0,3,2,0
7,49.0,0.0,12,1,0,0,3,4,2,1,0
5,5.9,0.0,6,3,0,0,4,3,2,3,0
3,6.9,0.0,4,0,0,0,4,3,3,0,0
6,126.65,0.15,9,1,0,0,2,5,1,2,0
6,69.0,0.0,9,4,0,1,2,3,1,2,1
1,46.55,0.05,2,3,0,0,1,0,1,1,1
5,44.0,0.0,5,2,0,0,3,3,1,0,1
4,89.0,0.0,7,1,0,0,2,5,1,3,1
3,899.0,0.0,8,3,0,0,0,4,3,3,0
5,699.0,0.0,9,3,0,0,0,5,1,2,0
2,95.2,0.2,9,1,0,0,1,1,1,2,1
2,18.9,0.0,6,2,0,0,3,5,2,3,0
3,19.92,0.2,8,0,0,0,3,4,4,3,0
5,299.0,0.0,11,6,0,0,0,1,4,1,0
2,2299.0,0.0,1,0,0,0,0,5,0,1,0
6,52.9,0.0,6,1,0,0,4,1,3,3,0
5,14.9,0.0,1,0,0,0,4,2,4,1,0
4,15.18,0.0,9,2,1,0,4,3,3,2,0
2,10.71,0.1,11,3,0,0,4,2,2,1,0
4,94.05,0.05,3,3,0,0,1,2,1,0,1
1,39.0,0.0,9,5,0,1,3,3,0,2,1
7,399.0,0.0,5,2,0,0,1,0,3,0,1
1,126.65,0.15,1,4,0,1,1,5,3,1,1
4,18.9,0.0,9,6,0,0,3,2,4,2,1
3,35.2,0.2,11,4,0,1,3,0,3,1,1
1,6.32,0.2,11,6,0,0,4,4,2,1,0
4,55.2,0.2,5,0,0,0,3,0,4,0,1
6,59.0,0.0,8,3,0,0,2,1,1,3,1
1,9.4,0.05,5,6,0,0,4,1,1,0,0
3,1169.1,0.1,1,3,0,0,0,1,4,1,0
7,29.9,0.0,12,3,0,0,3,1,4,1,1
7,89.0,0.0,11,6,0,0,1,4,3,1,1
6,136.62,0.1,9,2,1,0,1,1,0,2,1
6,2999.0,0.0,7,4,0,1,0,2,2,3,0
4,129.0,0.0,12,1,0,0,2,3,3,1,1
1,7.9,0.0,11,4,0,1,4,2,4,1,0
1,75.65,0.15,10,4,0,1,2,2,4,2,0
1,19.92,0.2,11,3,0,0,4,0,3,1,0
5,47.61,0.1,11,2,0,0,4,1,3,1,0
3,13.41,0.1,6,2,0,0,3,5,0,3,1
8,149.0,0.0,7,3,0,0,1,2,1,3,1
3,44.1,0.1,6,0,0,0,3,5,2,3,1
3,14.9,0.0,11,6,0,0,3,3,1,1,1
1,52.9,0.0,4,0,0,0,4,1,3,0,0
3,253.73,0.15,10,2,1,0,1,4,2,2,1
1,237.15,0.15,9,2,0,0,1,3,1,2,1
6,5.87,0.15,7,1,0,0,4,2,1,3,0
3,399.0,0.0,8,1,0,0,2,4,2,3,0
6,6.9,0.0,8,1,0,0,4,0,0,3,0
5,606.48,0.2,3,2,1,0,2,1,1,0,0
8,279.0,0.0,5,0,0,0,1,2,2,0,1
4,59.0,0.0,9,3,0,0,2,0,2,2,1
2,19.92,0.2,6,2,0,0,3,1,2,3,1
8,399.0,0.0,4,2,0,0,2,1,2,0,1
3,149.0,0.0,6,1,0,0,1,5,3,3,1
8,49.0,0.0,2,4,0,1,3,3,2,1,1
8,84.55,0.05,3,3,0,0,3,0,0,0,1
6,71.1,0.1,12,2,0,0,1,3,3,1,1
7,31.2,0.2,2,0,0,0,1,2,4,1,1
7,89.0,0.0,2,1,0,0,2,2,2,1,1
1,3999.0,0.0,11,6,0,0,0,5,3,1,0
4,149.0,0.0,12,1,0,0,2,3,1,1,1
5,25.41,0.15,8,2,0,0,3,2,3,3,1
2,84.15,0.15,11,3,0,0,2,3,2,1,1
8,59.0,0.0,11,6,0,0,2,1,0,1,0
7,5.87,0.15,11,4,0,1,4,5,0,1,0
6,29.0,0.0,9,0,0,0,2,2,2,2,1
4,24.9,0.0,7,3,0,0,3,4,2,3,1
2,49.0,0.0,11,0,0,0,3,5,2,1,1
8,399.0,0.0,8,2,0,0,2,1,0,3,0
1,119.2,0.2,2,2,0,0,1,5,1,1,1
7,116.1,0.1,11,0,0,0,1,5,3,1,1
5,71.2,0.2,7,0,0,0,3,3,3,3,0
7,89.0,0.0,9,0,0,0,3,1,1,2,1
8,10.32,0.2,3,0,0,0,4,1,0,0,0
1,134.1,0.1,7,0,0,0,1,3,1,3,1
6,44.0,0.0,8,2,0,0,3,5,2,3,1
1,24.65,0.15,5,2,0,0,2,1,4,0,1
1,14.9,0.0,2,5,0,1,4,1,2,1,0
5,99.0,0.0,10,6,0,0,1,0,0,2,1
6,44.1,0.1,1,1,0,0,2,0,3,1,1
4,89.0,0.0,7,1,0,0,2,4,0,3,0
4,9.9,0.0,7,4,0,1,4,4,4,3,0
3,899.0,0.0,9,3,0,0,0,4,2,2,0
3,24.9,0.0,12,2,0,0,3,3,0,1,1
3,10.32,0.2,12,2,0,0,4,0,1,1,0
7,89.0,0.0,3,3,0,0,1,5,1,0,1
2,7.12,0.05,10,6,0,0,4,1,3,2,0
1,10.32,0.2,3,3,0,0,4,2,2,0,0
4,79.0,0.0,9,3,0,0,1,4,1,2,1
6,56.05,0.05,4,1,0,0,2,4,2,0,1
8,129.0,0.0,7,6,0,0,2,1,2,3,0
4,24.9,0.0,7,2,0,0,4,1,1,3,0
6,1299.0,0.0,7,4,0,1,0,4,3,3,0
3,2239.2,0.2,10,6,0,0,0,3,3,2,0
5,59.0,0.0,5,4,0,1,2,3,1,0,0
7,149.0,0.0,10,1,0,0,1,1,4,2,1
6,10.96,0.15,8,4,0,1,4,2,2,3,0
3,2299.0,0.0,12,0,0,0,0,2,4,1,0
7,89.1,0.1,7,0,0,0,2,2,2,3,0
4,107.1,0.1,4,4,0,1,1,3,2,0,1
5,6.9,0.0,1,1,0,0,4,2,3,1,0
1,29.0,0.0,6,0,0,0,2,2,2,3,1
8,80.1,0.1,9,4,0,1,0,4,0,2,0
5,69.0,0.0,9,3,0,0,2,1,1,2,1
8,79.2,0.2,9,4,0,1,1,0,2,2,1
1,41.65,0.15,4,2,0,0,1,0,0,0,1
3,49.0,0.0,3,0,0,0,2,2,1,0,0
8,5.52,0.2,5,3,0,0,4,5,3,0,0
2,319.2,0.2,7,1,0,0,2,4,0,3,1
2,44.0,0.0,10,5,0,1,3,4,2,2,1
3,119.0,0.0,1,2,0,0,1,4,0,1,1
4,5499.0,0.0,6,1,0,0,0,2,0,3,0
1,3999.0,0.0,11,1,0,0,0,1,2,1,0
3,89.0,0.0,1,3,0,0,3,0,2,1,1
2,37.4,0.15,4,4,0,1,3,5,1,0,1
7,49.0,0.0,4,6,0,0,0,4,1,0,0
5,14.15,0.05,9,3,0,0,3,4,1,2,1
8,81.51,0.05,9,3,1,0,1,0,0,2,1
4,38.9,0.0,1,6,0,0,4,0,2,1,0
3,2659.05,0.05,4,3,0,0,0,4,1,0,0
3,189.05,0.05,1,4,0,1,1,5,4,1,1
3,2799.0,0.0,5,6,0,0,0,1,3,0,0
8,35.2,0.2,10,4,0,1,3,2,0,2,1
2,89.0,0.0,1,0,0,0,0,3,0,1,0
3,2699.1,0.1,6,1,0,0,0,2,2,3,0
6,8.9,0.0,4,6,0,0,4,2,2,0,0
3,14.15,0.05,12,3,0,0,3,3,2,1,1
2,52.9,0.0,8,6,0,0,4,5,4,3,0
7,854.05,0.05,11,4,0,1,0,2,2,1,0
4,71.2,0.2,2,2,0,0,3,1,3,1,1
4,129.0,0.0,12,4,0,1,2,3,2,1,0
4,89.0,0.0,7,0,0,0,1,5,2,3,1
2,12.66,0.15,12,3,0,0,3,2,3,1,0
5,9.9,0.0,2,0,0,0,4,4,1,1,0
4,2999.0,0.0,1,6,0,0,0,0,1,1,0
7,35.1,0.1,1,2,0,0,3,5,3,1,1
8,33.15,0.15,9,3,0,0,2,3,3,2,0
4,12.66,0.15,12,0,0,0,3,1,2,1,1
7,35.1,0.1,1,0,0,0,1,0,0,1,1
3,69.0,0.0,10,4,0,1,2,4,0,2,0
1,79.2,0.2,1,4,0,1,1,1,0,1,1
5,129.0,0.0,1,2,0,0,2,1,1,1,0
1,31.2,0.2,10,3,0,0,2,1,1,2,1
5,65.55,0.05,6,2,0,0,1,1,2,3,1
5,71.2,0.2,3,0,0,0,2,4,2,0,1
4,49.0,0.0,11,2,0,0,1,0,2,1,1
1,75.65,0.15,4,0,0,0,1,5,0,0,1
5,129.0,0.0,3,3,0,0,1,5,3,0,1
6,9.9,0.0,4,0,0,0,4,4,3,0,0
7,699.0,0.0,6,3,0,0,0,4,0,3,0
7,37.05,0.05,6,4,0,1,3,0,2,3,1
4,49.0,0.0,2,1,0,0,0,3,2,1,0
2,5.87,0.15,8,1,0,0,4,1,0,3,0
5,10.49,0.2,3,2,1,0,4,5,0,0,0
5,279.0,0.0,8,3,0,0,1,5,3,3,1
1,49.0,0.0,8,2,0,0,3,1,2,3,1
1,4.27,0.05,7,3,0,0,4,2,2,3,0
3,14.9,0.0,12,2,0,0,4,4,0,1,0
7,1499.0,0.0,8,4,0,1,0,2,3,3,0
1,7.12,0.05,4,1,0,0,4,3,4,0,0
8,134.1,0.1,1,3,0,0,1,5,2,1,1
8,79.2,0.2,10,2,0,0,2,0,2,2,0
4,199.0,0.0,1,2,0,0,1,5,0,1,1
3,23.65,0.05,2,6,0,0,4,3,3,1,0
4,2519.1,0.1,8,3,0,0,0,1,2,3,0
2,84.15,0.15,3,2,0,0,1,5,2,0,1
4,89.0,0.0,8,3,0,0,1,5,4,3,1
6,14.9,0.0,8,3,0,0,4,0,2,3,0
4,899.0,0.0,6,1,0,0,0,0,0,3,0
3,149.0,0.0,3,1,0,0,2,4,3,0,1
5,9.9,0.0,6,0,0,0,4,3,2,3,0
1,37.4,0.15,12,3,0,0,3,5,2,1,1
4,664.05,0.05,5,0,0,0,0,2,0,0,0
4,7.92,0.2,3,0,0,0,4,1,2,0,0
1,14.9,0.0,6,3,0,0,4,2,4,3,0
2,35.2,0.2,10,3,0,0,3,4,2,2,1
8,119.2,0.2,10,2,0,0,0,1,0,2,0
3,55.2,0.2,9,1,0,0,1,5,0,2,1
5,1954.15,0.15,11,3,0,0,0,5,4,1,0
7,35.2,0.2,12,3,0,0,3,4,3,1,1
1,18.9,0.0,6,4,0,1,3,3,4,3,1
8,89.0,0.0,5,1,0,0,3,4,0,0,1
8,35.1,0.1,7,0,0,0,2,5,2,3,0
2,39.0,0.0,11,6,0,0,2,1,2,1,1
4,594.15,0.15,10,0,0,0,0,2,2,2,0
2,2499.0,0.0,1,4,0,1,0,1,2,1,0
4,5.52,0.2,7,4,0,1,4,4,3,3,0
2,56.05,0.05,6,1,0,0,2,5,1,3,1
7,6.71,0.15,11,6,0,0,4,3,3,1,0
7,35.2,0.2,4,0,0,0,3,1,2,0,1
4,26.91,0.1,8,0,0,0,3,5,2,3,1
8,2299.0,0.0,2,4,0,1,0,2,0,1,0
4,47.2,0.2,4,1,0,0,2,2,2,0,0
8,379.05,0.05,12,0,0,0,2,0,2,1,1
1,67.15,0.15,1,1,0,0,1,1,0,1,1
4,24.9,0.0,3,3,0,0,3,5,1,0,1
1,699.0,0.0,5,3,0,0,0,2,0,0,0
5,63.2,0.2,1,1,0,0,1,0,4,1,1
2,84.55,0.05,5,3,0,0,1,4,4,0,1
7,14.9,0.0,1,2,0,0,3,1,3,1,1
5,22.41,0.1,8,0,0,0,3,1,0,3,1
1,14.9,0.0,3,2,0,0,3,0,1,0,1
2,39.0,0.0,10,6,0,0,2,5,4,2,0
1,79.0,0.0,9,4,0,1,1,0,1,2,1
8,2799.0,0.0,1,5,0,1,0,1,1,1,0
4,23.92,0.2,9,2,0,0,3,4,4,2,1
7,17.95,0.05,3,6,0,0,3,4,2,0,1
8,149.0,0.0,8,6,0,0,2,0,3,3,0
5,33.06,0.15,2,1,0,0,4,3,0,1,0
1,44.1,0.1,10,1,0,0,3,4,2,2,1
1,89.0,0.0,8,2,0,0,2,5,2,3,1
3,2399.2,0.2,1,2,0,0,0,5,2,1,0
1,8.91,0.1,7,0,0,0,4,0,4,3,0
7,28.4,0.05,8,3,0,0,3,0,1,3,1
5,39.0,0.0,6,2,0,0,2,5,3,3,1
3,99.0,0.0,8,1,0,0,2,1,0,3,0
2,399.0,0.0,12,0,0,0,2,1,3,1,1
7,8.9,0.0,11,2,0,0,4,1,2,1,0
6,179.1,0.1,1,2,0,0,1,1,3,1,1
7,19.9,0.0,10,2,0,0,3,5,4,2,1
6,49.0,0.0,3,1,0,0,3,4,4,0,1
5,2249.1,0.1,5,1,0,0,0,5,3,0,0
4,101.15,0.15,6,4,0,1,1,5,1,3,1
1,897.75,0.1,4,2,1,0,2,1,0,0,1
8,46.55,0.05,6,6,0,0,2,4,1,3,1
1,699.0,0.0,3,6,0,0,0,2,2,0,0
6,1299.0,0.0,11,0,0,0,0,2,2,1,0
3,38.9,0.0,2,0,0,0,4,0,2,1,0
7,9.9,0.0,5,3,0,0,4,0,3,0,0
8,26.1,0.1,7,4,0,1,2,0,2,3,1
6,809.1,0.1,11,3,0,0,0,3,0,1,0
5,91.63,0.15,9,6,1,0,0,2,0,2,0
6,49.0,0.0,3,6,0,0,1,1,0,0,1
5,84.55,0.05,4,5,0,1,0,0,3,0,0
7,49.0,0.0,2,2,0,0,1,5,3,1,1
3,121.04,0.15,10,6,1,0,2,1,3,2,0
8,149.0,0.0,4,6,0,0,1,5,4,0,1
5,5.87,0.15,8,0,0,0,4,2,4,3,0
2,39.0,0.0,12,6,0,0,3,0,0,1,1
5,149.0,0.0,1,1,0,0,0,2,3,1,0
8,62.1,0.1,7,4,0,1,3,5,0,3,1
6,89.0,0.0,12,0,0,0,2,3,2,1,1
1,71.2,0.2,7,4,0,1,0,3,0,3,0
1,12.25,0.05,2,1,0,0,4,3,3,1,0
1,149.0,0.0,11,3,0,0,2,0,1,1,1
7,237.15,0.15,10,4,0,1,1,1,2,2,1
4,12.25,0.05,5,1,0,0,2,4,0,0,0
2,199.0,0.0,5,4,0,1,1,4,2,0,1
6,2374.05,0.05,7,6,0,0,0,0,4,3,0
3,126.65,0.15,5,2,0,0,1,5,0,0,1
6,29.0,0.0,6,0,0,0,2,4,0,3,1
8,27.55,0.05,6,3,0,0,2,4,3,3,1
1,52.9,0.0,2,0,0,0,4,0,2,1,0
1,39.0,0.0,6,6,0,0,1,0,3,3,1
6,80.1,0.1,11,0,0,0,3,0,1,1,1
8,84.55,0.05,5,3,0,0,2,4,4,0,1
2,899.0,0.0,6,6,0,0,0,4,2,3,0
1,23.2,0.2,12,3,0,0,2,4,2,1,1
7,2299.0,0.0,9,0,0,0,0,1,3,2,0
7,39.0,0.0,1,4,0,1,2,4,3,1,1
4,63.2,0.2,7,4,0,1,1,3,1,3,1
8,89.0,0.0,9,6,0,0,3,1,3,2,1
3,29.0,0.0,1,3,0,0,2,4,1,1,1
6,399.0,0.0,4,0,0,0,1,2,4,0,1
1,149.0,0.0,3,0,0,0,0,2,1,0,0
6,126.65,0.15,12,5,0,1,0,3,2,1,0
4,99.0,0.0,10,4,0,1,2,2,4,2,1
8,126.65,0.15,6,4,0,1,0,5,2,3,0
5,79.0,0.0,5,6,0,0,1,3,3,0,1
7,13.41,0.1,11,2,0,0,3,3,3,1,1
8,23.65,0.05,12,2,0,0,3,1,1,1,1
5,2659.05,0.05,2,0,0,0,0,3,4,1,0
8,279.0,0.0,8,6,0,0,1,5,2,3,1
2,42.32,0.2,9,1,0,0,4,2,0,2,0
8,149.0,0.0,8,2,0,0,0,5,4,3,0
2,1424.05,0.05,5,1,0,0,0,5,2,0,0
5,6.71,0.15,5,0,0,0,4,1,1,0,0
7,98.0,0.0,3,6,1,0,3,1,3,0,1
3,899.0,0.0,6,6,0,0,0,4,3,3,0
1,41.65,0.15,6,0,0,0,3,0,3,3,1
5,62.1,0.1,7,0,0,0,2,0,2,3,1
3,22.35,0.0,10,6,1,0,3,0,1,2,1
4,30.24,0.0,10,0,1,0,3,2,2,2,1
5,899.0,0.0,5,1,0,0,0,0,2,0,0
3,42.32,0.2,8,2,0,0,4,5,3,3,0
2,5.61,0.05,1,4,0,1,4,2,2,1,0
7,7.5,0.05,7,4,0,1,4,2,0,3,0
5,2799.0,0.0,2,3,0,0,0,5,4,1,0
3,2299.0,0.0,5,0,0,0,0,4,3,0,0
3,119.2,0.2,10,0,0,0,1,4,2,2,1
7,854.05,0.05,7,4,0,1,0,5,2,3,0
6,19.92,0.2,11,3,0,0,4,2,0,1,0
8,1499.0,0.0,7,0,0,0,0,5,3,3,0
4,299.0,0.0,1,1,0,0,0,2,1,1,0
7,95.2,0.2,6,3,0,0,1,4,0,3,1
4,27.55,0.05,1,1,0,0,2,0,0,1,1
5,24.65,0.15,10,1,0,0,2,4,1,2,0
7,41.58,0.0,9,1,1,0,3,2,4,2,1
3,109.65,0.15,9,2,0,0,2,0,0,2,1
5,38.9,0.0,2,4,0,1,4,1,1,1,0
4,169.15,0.15,7,6,0,0,1,4,3,3,1
3,44.0,0.0,11,3,0,0,3,0,2,1,1
3,3999.0,0.0,3,2,0,0,0,0,3,0,0
6,18.9,0.0,10,3,0,0,3,2,2,2,1
2,189.05,0.05,1,1,0,0,1,3,3,1,1
4,89.0,0.0,5,3,0,0,2,1,0,0,1
5,19.92,0.2,9,3,0,0,4,5,0,2,0
2,6.32,0.2,5,4,0,1,4,5,3,0,0
8,99.0,0.0,7,6,0,0,2,4,2,3,1
5,11.61,0.1,2,0,0,0,4,5,2,1,0
2,71.2,0.2,11,6,0,0,3,1,3,1,1
1,5.31,0.1,8,2,0,0,4,1,3,3,0
7,199.0,0.0,5,1,0,0,1,0,2,0,1
4,11.92,0.2,9,2,0,0,3,3,2,2,1
1,12.9,0.0,3,0,0,0,4,2,2,0,0
5,5.9,0.0,3,0,0,0,4,0,0,0,0
8,299.0,0.0,9,2,0,0,0,1,1,2,0
2,39.0,0.0,9,4,0,1,3,5,2,2,1
3,31.12,0.2,2,1,0,0,4,4,1,1,0
1,239.2,0.2,12,2,0,0,0,1,1,1,0
5,47.61,0.1,9,4,0,1,4,0,3,2,0
4,14.9,0.0,11,2,0,0,4,3,1,1,0
2,75.65,0.15,8,3,0,0,2,3,2,3,0
1,24.9,0.0,2,4,0,1,3,4,1,1,1
1,35.1,0.1,5,1,0,0,2,0,0,0,1
7,13.41,0.1,1,0,0,0,3,5,2,1,1
3,44.1,0.1,3,1,0,0,0,1,2,0,0
6,46.55,0.05,11,2,0,0,3,1,0,1,1
8,18.9,0.0,11,0,0,0,3,4,0,1,1
1,3999.0,0.0,3,2,0,0,0,0,3,0,0
4,58.65,0.15,4,3,0,0,1,1,3,0,1
1,12.66,0.15,12,6,0,0,4,2,3,1,0
2,35.01,0.1,8,0,0,0,4,3,4,3,0
1,99.0,0.0,7,1,0,0,2,1,2,3,0
2,41.65,0.15,3,4,0,1,1,2,2,0,1
5,10.96,0.15,5,0,0,0,4,5,3,0,0
7,129.0,0.0,10,6,0,0,1,3,2,2,1
5,99.0,0.0,10,1,0,0,2,3,4,2,1
2,31.2,0.2,11,1,0,0,3,1,0,1,0
2,46.55,0.05,9,3,0,0,0,3,2,2,0
4,24.9,0.0,6,6,0,0,4,5,2,3,0
6,4.72,0.2,5,0,0,0,4,1,0,0,0
2,141.55,0.05,10,2,0,0,2,1,4,2,1
1,89.0,0.0,4,3,0,0,1,2,0,0,1
1,2499.0,0.0,6,1,0,0,0,4,2,3,0
7,126.65,0.15,5,3,0,0,2,2,3,0,1
4,2374.05,0.05,8,4,0,1,0,4,4,3,0
5,84.55,0.05,10,3,0,0,1,5,2,2,1
5,12.66,0.15,12,2,0,0,4,2,2,1,0
6,14.9,0.0,4,0,0,0,3,4,1,0,1
3,199.0,0.0,4,2,0,0,1,4,1,0,1
5,399.0,0.0,2,2,0,0,2,2,0,1,0
8,11.92,0.2,4,3,0,0,3,3,4,0,1
6,52.9,0.0,11,4,0,1,4,1,0,1,0
7,129.0,0.0,10,6,0,0,1,3,3,2,1
8,2999.0,0.0,5,6,0,0,0,3,0,0,0
8,254.15,0.15,9,1,0,0,0,3,3,2,0
1,7.9,0.0,12,6,0,0,4,2,3,1,0
2,1954.15,0.15,6,6,0,0,0,0,0,3,0
6,2239.2,0.2,5,0,0,0,0,3,0,0,0
6,2239.2,0.2,10,1,0,0,0,5,3,2,0
1,198.0,0.0,3,4,1,1,1,4,2,0,1
5,42.32,0.2,8,3,0,0,4,4,2,3,0
8,80.1,0.1,9,4,0,1,1,5,2,2,1
3,84.55,0.05,2,5,0,1,3,3,1,1,1
5,2519.1,0.1,8,3,0,0,0,1,2,3,0
8,24.65,0.15,8,1,0,0,2,2,1,3,0
5,44.0,0.0,1,3,0,0,3,0,1,1,1
7,5.52,0.2,5,2,0,0,4,3,2,0,0
8,10.96,0.15,8,3,0,0,2,2,3,3,0
1,110.0,0.0,4,4,1,1,3,4,2,0,1
6,19.9,0.0,6,2,0,0,3,5,2,3,1
2,3999.0,0.0,12,6,0,0,0,4,0,1,0
6,134.1,0.1,9,1,0,0,1,5,4,2,1
2,1999.2,0.2,4,0,0,0,0,1,2,0,0
8,399.0,0.0,8,2,0,0,2,5,1,3,1
8,39.0,0.0,9,4,0,1,3,0,4,2,0
2,29.9,0.0,8,3,0,0,3,2,3,3,1
1,59.0,0.0,1,6,0,0,2,2,3,1,1
1,69.0,0.0,10,3,0,0,1,3,2,2,1
5,2799.0,0.0,4,2,0,0,0,4,2,0,0
2,39.2,0.2,8,1,0,0,3,0,0,3,1
1,44.1,0.1,7,6,0,0,3,1,3,3,1
8,134.1,0.1,2,3,0,0,2,1,1,1,1
3,84.15,0.15,6,1,0,0,1,3,0,3,1
5,65.78,0.0,9,2,1,0,3,3,4,2,1
7,2299.0,0.0,4,2,0,0,0,2,3,0,0
2,11.61,0.1,8,3,0,0,2,2,2,3,0
8,5.87,0.15,12,0,0,0,4,0,2,1,0
5,179.1,0.1,6,4,0,1,1,4,0,3,1
3,46.55,0.05,5,6,0,0,1,2,3,0,1
2,12.9,0.0,4,3,0,0,4,4,0,0,0
6,99.0,0.0,4,1,0,0,1,3,3,0,1
1,41.65,0.15,12,4,0,1,2,1,1,1,1
1,9.52,0.2,7,2,0,0,4,1,3,3,0
1,173.8,0.0,9,0,1,0,1,1,0,2,1
3,36.95,0.05,5,3,0,0,4,4,3,0,0
3,1349.1,0.1,12,0,0,0,0,2,1,1,0
6,699.0,0.0,1,1,0,0,0,0,1,1,0
6,37.05,0.05,11,1,0,0,2,5,1,1,1
5,89.0,0.0,10,3,0,0,2,1,2,2,0
3,3999.0,0.0,10,3,0,0,0,4,0,2,0
7,29.0,0.0,7,1,0,0,2,5,2,3,1
1,103.2,0.2,7,4,0,1,1,0,2,3,1
1,44.1,0.1,8,6,0,0,3,3,0,3,1
1,399.0,0.0,4,0,0,0,2,4,3,0,0
4,15.92,0.2,5,3,0,0,3,5,2,0,0
6,6.9,0.0,1,1,0,0,4,3,2,1,0
6,22.06,0.1,3,5,1,1,4,1,1,0,0
5,29.0,0.0,12,3,0,0,2,4,2,1,0
3,4.5,0.0,7,6,0,0,4,1,4,3,0
7,38.9,0.0,2,3,0,0,4,0,3,1,0
8,39.0,0.0,5,2,0,0,1,5,2,0,1
7,89.0,0.0,9,1,0,0,2,0,3,2,1
5,126.65,0.15,11,2,0,0,1,0,3,1,1
1,2799.0,0.0,3,4,0,1,0,4,2,0,0
3,11.9,0.0,3,1,0,0,4,1,2,0,0
6,134.1,0.1,10,4,0,1,1,0,3,2,1
7,89.0,0.0,1,0,0,0,2,0,0,1,1
4,44.1,0.1,3,2,0,0,2,1,4,0,1
1,5.87,0.15,11,4,0,1,4,5,2,1,0
4,69.0,0.0,12,0,0,0,3,1,2,1,1
1,50.25,0.05,8,6,0,0,4,3,3,3,0
7,44.1,0.1,5,3,0,0,1,4,0,0,1
3,37.05,0.05,5,6,0,0,1,5,1,0,1
5,49.0,0.0,8,2,0,0,1,1,1,3,1
8,149.0,0.0,8,2,0,0,0,4,3,3,0
7,62.1,0.1,9,2,0,0,2,3,2,2,1
3,134.1,0.1,3,6,0,0,2,0,2,0,0
1,7.92,0.2,1,0,0,0,4,3,2,1,0
7,141.55,0.05,6,2,0,0,2,0,2,3,0
3,899.0,0.0,3,2,0,0,0,5,1,0,0
5,223.2,0.2,7,4,0,1,1,4,4,3,1
6,19.92,0.2,10,6,0,0,4,0,0,2,0
6,11.92,0.2,6,6,0,0,3,2,2,3,1
7,2374.05,0.05,3,4,0,1,0,4,0,0,0
6,6.9,0.0,5,3,0,0,4,5,0,0,0
2,2659.05,0.05,1,2,0,0,0,2,1,1,0
6,89.0,0.0,8,6,0,0,0,4,2,3,0
7,149.0,0.0,6,6,0,0,2,2,2,3,0
5,47.2,0.2,9,0,0,0,2,3,1,2,0
7,49.0,0.0,1,1,0,0,3,2,4,1,1
5,2499.0,0.0,10,6,0,0,0,2,3,2,0
4,1234.05,0.05,11,0,0,0,0,1,2,1,0
7,44.1,0.1,8,4,0,1,3,1,1,3,1
1,23.65,0.05,4,3,0,0,3,1,1,0,1
8,7.5,0.0,5,3,0,0,4,5,2,0,0
8,79.2,0.2,1,4,0,1,2,4,3,1,1
4,17.95,0.05,1,2,0,0,3,4,3,1,1
5,14.15,0.05,6,1,0,0,4,4,2,3,0
3,75.65,0.15,12,2,0,0,0,2,3,1,0
6,14.9,0.0,4,6,0,0,3,1,0,0,1
4,84.55,0.05,11,6,0,0,0,0,3,1,0
8,39.0,0.0,11,1,0,0,1,4,2,1,1
2,126.65,0.15,11,2,0,0,1,2,2,1,1
1,22.41,0.1,5,3,0,0,3,5,4,0,0
4,38.9,0.0,12,0,0,0,4,1,3,1,0
5,399.0,0.0,3,6,0,0,2,4,0,0,1
3,65.55,0.05,9,6,0,0,1,0,2,2,1
3,59.0,0.0,9,4,0,1,2,4,2,2,0
2,664.05,0.05,10,6,0,0,0,4,1,2,0
6,49.0,0.0,1,4,0,1,3,4,0,1,1
2,27.55,0.05,6,4,0,1,2,1,0,3,0
6,299.0,0.0,1,6,0,0,0,0,3,1,0
1,847.88,0.15,4,3,1,0,2,2,2,0,0
7,122.55,0.05,11,3,0,0,1,0,4,1,1
2,7.9,0.0,9,6,0,0,4,0,4,2,0
2,53.1,0.1,10,0,0,0,2,5,0,2,0
1,119.2,0.2,6,1,0,0,2,3,3,3,1
6,23.2,0.2,4,6,0,0,2,4,4,0,0
2,134.1,0.1,5,1,0,0,2,0,1,0,0
1,41.65,0.15,2,4,0,1,3,0,4,1,1
6,126.65,0.15,1,3,0,0,2,4,2,1,0
1,1104.15,0.15,8,1,0,0,0,3,4,3,0
2,71.2,0.2,7,2,0,0,1,1,2,3,1
8,2659.05,0.05,5,0,0,0,0,0,2,0,0
2,2399.2,0.2,7,1,0,0,0,3,0,3,0
8,1499.0,0.0,1,0,0,0,0,3,0,1,0
5,17.95,0.05,11,6,0,0,3,1,2,1,1
3,89.1,0.1,2,2,0,0,1,0,2,1,1
4,29.9,0.0,1,4,0,1,3,4,3,1,1
4,44.96,0.15,12,6,0,0,4,5,3,1,0
4,237.15,0.15,10,0,0,0,1,4,2,2,1
2,65.55,0.05,8,6,0,0,2,5,2,3,1
2,101.15,0.15,4,0,0,0,1,4,4,0,1
3,2499.0,0.0,1,4,0,1,0,3,4,1,0
3,24.65,0.15,9,1,0,0,2,0,2,2,1
1,19.9,0.0,9,4,0,1,3,1,3,2,1
7,359.1,0.1,11,4,0,1,1,3,4,1,1
3,14.9,0.0,7,6,0,0,3,2,0,3,1
6,2799.0,0.0,8,3,0,0,0,2,3,3,0
7,2499.0,0.0,5,0,0,0,0,5,1,0,0
7,399.0,0.0,4,6,0,0,1,0,1,0,1
4,75.05,0.05,5,2,0,0,1,5,4,0,1
2,2299.0,0.0,2,3,0,0,0,1,3,1,0
6,99.0,0.0,10,3,0,0,2,3,0,2,1
5,23.2,0.2,6,3,0,0,2,5,2,3,0
8,49.0,0.0,3,1,0,0,0,0,3,0,0
4,39.0,0.0,4,0,0,0,3,5,2,0,1
8,29.0,0.0,8,4,0,1,2,0,0,3,0
2,80.1,0.1,2,2,0,0,2,3,0,1,0
1,149.0,0.0,12,3,0,0,2,5,2,1,1
4,89.1,0.1,3,0,0,0,2,5,4,0,0
7,37.05,0.05,7,1,0,0,3,4,2,3,1
1,359.1,0.1,11,0,0,0,2,3,2,1,1
7,5.9,0.0,9,4,0,1,4,1,1,2,0
6,7.57,0.15,4,1,0,0,4,1,0,0,0
2,69.0,0.0,10,6,0,0,3,2,2,2,1
4,319.2,0.2,11,1,0,0,2,2,3,1,1
2,26.22,0.2,9,0,1,0,3,3,2,2,1
6,116.1,0.1,8,1,0,0,2,0,4,3,1
6,58.65,0.15,3,2,0,0,3,1,0,0,1
7,399.0,0.0,7,4,0,1,2,0,2,3,1
6,80.1,0.1,6,1,0,0,2,5,3,3,1
1,18.9,0.05,11,0,0,0,3,4,1,1,1
5,80.1,0.1,12,1,0,0,3,3,3,1,1
3,39.6,0.1,4,3,0,0,3,5,2,0,1
4,169.15,0.15,11,2,0,0,1,1,1,1,1
2,24.9,0.0,9,1,0,0,4,4,4,2,0
1,107.1,0.1,11,1,0,0,1,5,4,1,1
6,664.05,0.05,4,1,0,0,0,0,3,0,0
8,33.06,0.15,6,1,0,0,4,3,2,3,0
8,854.05,0.05,8,5,0,1,0,5,0,3,0
8,6.21,0.1,2,6,0,0,4,4,4,1,0
7,5.87,0.15,9,4,0,1,4,5,1,2,0
8,53.82,0.0,12,1,1,0,3,5,0,1,1
1,24.9,0.0,4,3,0,0,4,0,2,0,0
3,7.11,0.1,8,2,0,0,4,1,0,3,0
2,39.2,0.2,11,0,0,0,3,5,2,1,1
6,8.9,0.0,3,2,0,0,4,5,3,0,0
5,44.96,0.15,5,3,0,0,4,1,0,0,0
6,24.9,0.0,7,0,0,0,3,2,2,3,1
1,89.0,0.0,10,6,0,0,2,4,2,2,1
5,190.4,0.0,10,2,1,0,1,0,1,2,1
4,2399.2,0.2,10,4,0,1,0,0,4,2,0
1,89.0,0.0,9,4,0,1,2,1,4,2,1
1,99.0,0.0,4,1,0,0,1,4,3,0,1
5,23.2,0.2,5,1,0,0,2,5,0,0,1
4,399.0,0.0,5,5,0,1,2,5,2,0,1
8,1499.0,0.0,8,0,0,0,0,1,0,3,0
7,58.65,0.15,11,1,0,0,3,5,4,1,1
4,89.0,0.0,2,4,0,1,0,0,4,1,0
2,75.65,0.15,12,1,0,0,2,0,4,1,0
4,2374.05,0.05,2,4,0,1,0,5,3,1,0
6,899.0,0.0,9,0,0,0,0,5,4,2,0
4,99.0,0.0,1,2,0,0,1,3,1,1,1
4,44.1,0.1,8,0,0,0,0,0,4,3,0
4,7.11,0.1,3,3,0,0,4,3,2,0,0
8,6.38,0.15,6,3,0,0,4,4,3,3,0
1,71.1,0.1,12,4,0,1,1,5,3,1,1
3,17.91,0.1,2,4,0,1,3,4,0,1,1
8,12.9,0.0,11,1,0,0,4,2,2,1,0
6,1839.2,0.2,3,0,0,0,0,2,2,0,0
5,17.01,0.1,3,0,0,0,3,3,0,0,1
6,62.1,0.1,3,4,0,1,3,2,1,0,1
1,3399.15,0.15,12,4,0,1,0,3,0,1,0
5,107.1,0.1,8,3,0,0,1,1,0,3,0
5,2799.0,0.0,9,2,0,0,0,2,3,2,0
4,33.15,0.15,1,6,0,0,3,1,2,1,1
1,39.0,0.0,10,0,0,0,2,5,2,2,0
2,89.0,0.0,12,3,0,0,3,3,0,1,1
8,8.9,0.0,7,6,0,0,4,1,2,3,0
8,8.9,0.0,11,2,0,0,4,5,0,1,0
3,75.05,0.05,12,4,0,1,1,0,4,1,1
7,5.52,0.2,3,3,0,0,4,5,3,0,0
6,7.5,0.0,3,4,0,1,4,1,2,0,0
3,29.0,0.0,8,2,0,0,2,0,1,3,1
6,18.9,0.05,12,2,0,0,3,4,3,1,1
6,119.2,0.2,11,2,0,0,0,2,2,1,0
2,15.92,0.2,3,2,0,0,3,1,3,0,0
4,1839.2,0.2,9,0,0,0,0,3,3,2,0
5,719.2,0.2,7,6,0,0,0,2,0,3,0
7,141.55,0.05,11,2,0,0,2,2,1,1,0
1,199.0,0.0,1,3,0,0,1,1,4,1,1
8,179.1,0.1,8,0,0,0,1,0,3,3,1
6,89.1,0.1,4,4,0,1,1,3,4,0,1
8,899.0,0.0,1,1,0,0,0,2,1,1,0
8,134.1,0.1,9,3,0,0,2,4,4,2,1
7,14.15,0.05,1,1,0,0,3,1,2,1,1
3,116.1,0.1,1,4,0,1,2,1,0,1,0
3,159.2,0.2,1,2,0,0,1,1,2,1,1
3,1499.0,0.0,8,4,0,1,0,5,1,3,0
1,2499.0,0.0,11,4,0,1,0,5,2,1,0
7,399.0,0.0,7,0,0,0,2,1,2,3,1
5,62.1,0.1,10,3,0,0,1,5,0,2,1
6,99.0,0.0,8,4,0,1,1,5,0,3,1
6,89.0,0.0,1,6,0,0,3,2,0,1,1
2,141.55,0.05,4,0,0,0,1,2,1,0,1
3,26.91,0.1,12,2,0,0,3,3,2,1,1
1,89.1,0.1,8,1,0,0,1,1,0,3,1
5,5.52,0.2,4,4,0,1,4,2,2,0,0
7,12.9,0.0,7,3,0,0,4,5,2,3,0
6,16.06,0.15,3,0,0,0,3,5,1,0,1
2,62.1,0.1,1,3,0,0,1,1,2,1,1
6,89.1,0.1,7,0,0,0,1,1,4,3,1
5,299.0,0.0,10,2,0,0,0,2,1,2,0
3,14.9,0.0,7,3,0,0,4,5,2,3,0
7,6.9,0.0,11,4,0,1,4,3,4,1,0
3,49.0,0.0,7,0,0,0,2,5,3,3,0
6,79.0,0.0,11,6,0,0,1,1,2,1,1
7,84.15,0.15,7,4,0,1,2,0,1,3,0
7,62.1,0.1,3,2,0,0,2,1,4,0,1
5,79.2,0.2,7,2,0,0,1,4,2,3,1
6,44.1,0.1,2,4,0,1,1,2,1,1,1
3,14.9,0.0,11,3,0,0,4,0,3,1,0
5,47.61,0.1,5,2,0,0,4,1,3,0,0
7,49.0,0.0,2,0,0,0,3,5,1,1,1
3,699.0,0.0,2,2,0,0,0,4,2,1,0
6,71.2,0.2,6,3,0,0,2,2,1,3,0
4,62.1,0.1,8,0,0,0,1,1,2,3,1
8,59.0,0.0,12,6,0,0,2,1,4,1,0
2,149.0,0.0,11,3,0,0,1,1,0,1,1
2,35.1,0.1,8,1,0,0,3,1,4,3,1
4,4.5,0.0,11,4,0,1,4,1,2,1,0
2,2999.0,0.0,8,1,0,0,0,3,3,3,0
1,12.66,0.15,4,3,0,0,4,3,2,0,0
8,1039.2,0.2,8,5,0,1,0,5,0,3,0
1,35.2,0.2,5,3,0,0,3,4,2,0,1
1,2399.2,0.2,11,4,0,1,0,5,0,1,0
5,44.96,0.15,11,1,0,0,4,4,2,1,0
2,5.61,0.05,5,4,0,1,4,3,4,0,0
5,149.0,0.0,6,3,0,0,2,3,3,3,1
3,4.05,0.1,11,2,0,0,4,2,3,1,0
1,169.15,0.15,8,6,0,0,1,4,2,3,1
6,6.38,0.15,7,2,0,0,4,3,2,3,0
4,199.0,0.0,8,0,0,0,1,4,3,3,1
7,17.01,0.1,5,4,0,1,3,3,4,0,1
6,3.6,0.2,12,3,0,0,4,4,0,1,0
6,49.0,0.0,11,2,0,0,2,1,3,1,1
1,10.12,0.15,4,6,0,0,4,5,2,0,0
2,5.52,0.2,4,2,0,0,4,4,1,0,0
5,33.15,0.15,9,3,0,0,2,5,2,2,0
3,129.0,0.0,11,3,0,0,2,4,0,1,0
2,39.0,0.0,5,3,0,0,1,1,4,0,1
6,44.0,0.0,5,6,0,0,3,3,2,0,1
5,5.9,0.0,9,3,0,0,4,2,4,2,0
8,14.9,0.0,7,1,0,0,3,1,0,3,1
8,2799.0,0.0,12,4,0,1,0,0,2,1,0
7,11.9,0.0,9,2,0,0,4,1,2,2,0
2,159.2,0.2,6,6,0,0,1,5,3,3,1
6,265.05,0.05,8,4,0,1,1,3,2,3,1
6,173.8,0.0,9,1,1,0,1,5,3,2,1
7,49.0,0.0,11,2,0,0,3,2,0,1,1
2,36.95,0.05,2,5,0,1,4,4,3,1,0
4,71.2,0.2,8,4,0,1,0,5,2,3,0
5,44.1,0.1,6,3,0,0,3,2,0,3,1
2,2857.8,0.0,9,2,1,0,0,0,3,2,0
3,699.0,0.0,5,1,0,0,0,4,4,0,0
2,49.0,0.0,1,1,0,0,3,4,0,1,1
3,5499.0,0.0,8,6,0,0,0,4,3,3,0
3,7.9,0.0,9,2,0,0,4,1,2,2,0
2,699.0,0.0,9,6,0,0,0,4,3,2,0
6,1954.15,0.15,12,0,0,0,0,2,1,1,0
5,1199.2,0.2,1,1,0,0,0,4,1,1,0
2,13.41,0.1,1,5,0,1,3,5,0,1,1
2,28.4,0.05,9,3,0,0,3,5,4,2,1
4,11.9,0.0,4,3,0,0,4,4,2,0,0
5,201.15,0.1,10,0,1,0,1,4,1,2,1
1,39.0,0.0,7,3,0,0,3,5,0,3,1
3,5499.0,0.0,4,3,0,0,0,2,4,0,0
2,3.82,0.15,2,0,0,0,4,1,4,1,0
3,59.0,0.0,7,1,0,0,2,5,2,3,0
5,39.0,0.0,4,1,0,0,3,1,2,0,1
2,14.9,0.0,9,1,0,0,3,4,3,2,1
7,251.1,0.1,6,1,0,0,1,4,4,3,1
3,37.05,0.05,6,3,0,0,1,4,2,3,1
1,28.4,0.05,11,2,0,0,3,3,2,1,1
4,38.9,0.0,2,0,0,0,4,2,3,1,0
6,399.0,0.0,7,0,0,0,2,2,4,3,0
1,4.5,0.0,5,2,0,0,4,3,1,0,0
8,14.15,0.05,2,4,0,1,4,3,2,1,0
7,2999.0,0.0,5,0,0,0,0,1,2,0,0
1,99.0,0.0,11,0,0,0,1,0,4,1,1
4,179.1,0.1,4,6,0,0,1,2,0,0,1
2,16.91,0.15,8,4,0,1,3,4,0,3,1
4,11.92,0.2,7,3,0,0,3,3,0,3,1
2,8.01,0.1,4,4,0,1,4,4,4,0,0
6,2239.2,0.2,11,1,0,0,0,0,2,1,0
3,3799.05,0.05,12,1,0,0,0,5,4,1,0
7,31.12,0.2,11,3,0,0,4,0,2,1,0
6,89.0,0.0,7,4,0,1,3,3,0,3,1
6,95.2,0.2,11,2,0,0,1,4,3,1,1
2,2799.0,0.0,7,1,0,0,0,0,3,3,0
6,14.9,0.0,1,0,0,0,4,2,1,1,0
3,5499.0,0.0,12,4,0,1,0,3,0,1,0
7,50.15,0.15,6,3,0,0,2,0,1,3,0
8,26.1,0.1,9,4,0,1,2,5,1,2,1
5,126.65,0.15,1,1,0,0,1,3,2,1,1
5,69.0,0.0,12,4,0,1,1,5,0,1,1
7,89.0,0.0,1,6,0,0,2,2,2,1,1
8,299.0,0.0,3,1,0,0,0,1,2,0,0
7,10.32,0.2,5,6,0,0,4,0,2,0,0
2,29.9,0.0,12,0,0,0,3,2,2,1,1
5,38.9,0.0,1,2,0,0,4,5,2,1,0
4,89.0,0.0,5,3,0,0,2,2,0,0,1
4,46.55,0.05,12,6,0,0,1,1,0,1,1
8,44.1,0.1,6,0,0,0,3,3,1,3,1
1,67.15,0.15,9,0,0,0,1,4,2,2,1
6,46.55,0.05,9,3,0,0,3,0,2,2,1
1,39.2,0.2,11,2,0,0,2,2,2,1,0
6,12.9,0.0,7,1,0,0,2,1,3,3,1
1,22.41,0.1,4,2,0,0,4,2,0,0,0
2,19.9,0.0,4,6,0,0,3,2,3,0,1
3,12.25,0.05,11,1,0,0,2,3,0,1,0
1,126.65,0.15,11,0,0,0,2,4,2,1,0
7,149.0,0.0,10,4,0,1,1,2,0,2,1
3,38.9,0.0,9,6,0,0,4,0,1,2,0
5,3999.0,0.0,5,4,0,1,0,5,1,0,0
5,39.0,0.0,4,6,0,0,3,5,2,0,1
1,27.55,0.05,4,3,0,0,2,0,2,0,0
2,29.9,0.0,3,4,0,1,3,1,2,0,1
8,8.9,0.0,7,1,0,0,4,4,2,3,0
1,179.1,0.1,7,1,0,0,1,2,2,3,1
3,6.55,0.05,4,1,0,0,4,4,3,0,0
1,149.0,0.0,12,4,0,1,2,4,3,1,0
5,49.0,0.0,3,2,0,0,3,0,2,0,1
4,149.0,0.0,1,1,0,0,2,1,3,1,0
2,359.1,0.1,1,0,0,0,2,1,0,1,0
4,4.72,0.2,1,1,0,0,4,5,1,1,0
2,149.0,0.0,7,3,0,0,2,5,2,3,1
7,3599.1,0.1,11,3,0,0,0,4,0,1,0
1,73.91,0.0,3,3,1,0,4,2,4,0,0
4,11.92,0.2,6,0,0,0,4,2,0,3,0
8,12.25,0.05,7,2,0,0,4,2,0,3,0
5,6.21,0.1,11,2,0,0,4,0,4,1,0
3,50.15,0.15,9,6,0,0,2,5,2,2,0
3,44.1,0.1,11,0,0,0,3,5,1,1,1
8,99.0,0.0,11,0,0,0,2,1,3,1,1
5,11.92,0.2,8,3,0,0,4,0,2,3,0
1,149.0,0.0,9,6,0,0,2,2,0,2,0
3,1499.0,0.0,7,2,0,0,0,1,4,3,0
6,29.0,0.0,4,3,0,0,2,1,1,0,0
4,89.0,0.0,12,4,0,1,1,4,2,1,1
6,14.9,0.0,2,2,0,0,4,4,2,1,0
3,7.9,0.0,10,6,0,0,4,0,3,2,0
3,7.9,0.0,11,6,0,0,4,0,2,1,0
8,39.0,0.0,4,3,0,0,2,2,2,0,1
8,134.1,0.1,9,4,0,1,0,4,3,2,0
5,17.01,0.1,1,6,0,0,3,4,3,1,1
7,39.2,0.2,6,1,0,0,3,5,2,3,1
1,41.65,0.15,7,0,0,0,0,0,0,3,0
5,35.2,0.2,11,3,0,0,3,1,0,1,1
8,24.9,0.0,5,1,0,0,4,1,4,0,0
5,101.15,0.15,4,0,0,0,1,2,2,0,1
8,149.0,0.0,9,5,0,1,2,0,1,2,0
4,1104.15,0.15,12,3,0,0,0,3,2,1,0
8,23.92,0.2,10,3,0,0,3,1,2,2,0
5,279.0,0.0,9,6,0,0,1,2,0,2,1
1,1499.0,0.0,7,1,0,0,0,5,0,3,0
6,1839.2,0.2,7,0,0,0,0,3,4,3,0
3,69.0,0.0,8,4,0,1,3,4,1,3,1
7,119.2,0.2,11,2,0,0,0,4,0,1,0
3,41.65,0.15,1,3,0,0,1,0,0,1,1
4,18.9,0.0,1,1,0,0,3,4,0,1,1
6,5.87,0.15,8,1,0,0,4,0,0,3,0
2,38.9,0.0,7,2,0,0,4,5,3,3,0
3,14.9,0.0,12,6,0,0,4,2,0,1,0
2,29.9,0.0,5,6,0,0,3,4,1,0,1
2,84.55,0.05,1,3,0,0,2,0,3,1,1
8,159.2,0.2,2,5,0,1,1,1,3,1,1
1,16.06,0.15,1,1,0,0,3,5,2,1,1
8,6.55,0.05,6,1,0,0,4,4,2,3,0
5,149.0,0.0,4,4,0,1,2,5,2,0,1
3,84.55,0.05,7,2,0,0,0,0,0,3,0
4,33.15,0.15,2,3,0,0,2,4,4,1,0
1,1424.05,0.05,7,0,0,0,0,3,2,3,0
5,39.0,0.0,11,0,0,0,3,2,2,1,1
4,89.0,0.0,6,4,0,1,2,4,4,3,1
4,31.12,0.2,6,6,0,0,4,0,0,3,0
3,24.65,0.15,11,5,0,1,2,0,2,1,1
5,21.16,0.15,10,1,0,0,4,3,4,2,0
6,19.9,0.0,8,3,0,0,3,4,2,3,1
8,809.1,0.1,11,2,0,0,0,0,3,1,0
5,49.0,0.0,1,6,0,0,1,3,2,1,1
5,5.87,0.15,7,3,0,0,4,5,2,3,0
6,319.2,0.2,3,4,0,1,2,5,2,0,0
6,23.65,0.05,7,3,0,0,3,4,1,3,0
4,89.0,0.0,2,6,0,0,2,4,1,1,1
3,3.82,0.15,11,5,0,1,4,1,4,1,0
3,39.2,0.2,12,0,0,0,0,3,0,1,0
6,3999.0,0.0,2,0,0,0,0,0,3,1,0
2,7.5,0.0,9,6,0,0,4,5,0,2,0
4,129.0,0.0,6,6,0,0,2,5,1,3,0
3,149.0,0.0,2,0,0,0,1,4,1,1,1
5,49.0,0.0,11,1,0,0,2,3,2,1,0
2,99.0,0.0,10,4,0,1,2,2,4,2,0
2,299.0,0.0,10,2,0,0,0,2,0,2,0
7,49.0,0.0,12,0,0,0,3,3,0,1,1
4,71.2,0.2,9,2,0,0,2,2,2,2,1
3,1349.1,0.1,9,1,0,0,0,5,1,2,0
6,2299.0,0.0,9,6,0,0,0,3,3,2,0
8,10.32,0.2,6,2,0,0,4,4,0,3,0
2,44.37,0.15,12,1,1,0,2,0,2,1,1
6,251.1,0.1,9,2,0,0,1,2,0,2,1
4,29.0,0.0,7,1,0,0,2,5,2,3,0
5,49.0,0.0,6,1,0,0,2,3,2,3,1
1,1424.05,0.05,12,3,0,0,0,1,1,1,0
4,50.15,0.15,1,4,0,1,2,4,0,1,1
2,141.55,0.05,10,6,0,0,0,4,4,2,0
4,2239.2,0.2,12,2,0,0,0,5,1,1,0
6,69.0,0.0,11,3,0,0,1,5,3,1,1
5,5.52,0.2,9,5,0,1,4,5,2,2,0
5,39.0,0.0,11,2,0,0,2,1,4,1,1
4,39.0,0.0,8,4,0,1,1,0,4,3,1
4,594.15,0.15,4,1,0,0,0,4,2,0,0
6,265.05,0.05,6,3,0,0,1,5,2,3,1
1,99.0,0.0,11,4,0,1,2,0,4,1,0
1,37.05,0.05,11,1,0,0,2,0,2,1,0
2,89.0,0.0,1,1,0,0,1,2,2,1,1
5,5224.05,0.05,4,4,0,1,0,3,1,0,0
5,99.0,0.0,7,0,0,0,1,5,4,3,1
7,49.0,0.0,6,1,0,0,3,3,3,3,1
8,1499.0,0.0,5,2,0,0,0,1,3,0,0
4,21.16,0.15,3,0,0,0,3,4,0,0,1
4,22.41,0.1,10,1,0,0,3,5,3,2,1
2,84.55,0.05,8,4,0,1,2,2,3,3,1
6,14.15,0.05,11,6,0,0,3,5,2,1,1
7,5.87,0.15,5,6,0,0,4,5,0,0,0
3,5499.0,0.0,6,2,0,0,0,3,0,3,0
2,55.2,0.2,6,0,0,0,3,4,1,3,1
4,29.75,0.0,4,5,1,1,4,1,1,0,0
4,29.0,0.0,2,0,0,0,2,2,2,1,0
4,46.55,0.05,5,3,0,0,1,4,0,0,1
3,4.5,0.0,5,3,0,0,4,3,0,0,0
4,179.1,0.1,6,4,0,1,1,0,0,3,1
4,141.55,0.05,8,6,0,0,1,3,2,3,1
4,559.2,0.2,12,0,0,0,0,5,3,1,0
1,764.15,0.15,11,2,0,0,0,4,2,1,0
6,46.55,0.05,8,1,0,0,2,2,2,3,1
6,279.0,0.0,9,6,0,0,1,1,0,2,1
3,149.0,0.0,8,2,0,0,0,0,3,3,0
8,141.55,0.05,9,6,0,0,1,3,4,2,1
2,99.0,0.0,7,3,0,0,1,5,4,3,1
7,89.0,0.0,5,0,0,0,2,3,2,0,0
8,103.2,0.2,5,0,0,0,2,2,3,0,1
5,149.0,0.0,6,4,0,1,2,0,2,3,1
4,149.0,0.0,12,0,0,0,0,1,1,1,0
8,379.05,0.05,6,1,0,0,1,0,2,3,1
8,2379.15,0.15,2,4,0,1,0,0,1,1,0
7,65.55,0.05,4,0,0,0,3,4,4,0,1
5,99.0,0.0,9,1,0,0,1,3,3,2,1
1,6.9,0.0,8,6,0,0,4,5,4,3,0
4,18.81,0.0,3,3,1,0,4,3,0,0,0
3,6.32,0.2,11,1,0,0,4,0,2,1,0
7,11.9,0.0,4,1,0,0,4,5,2,0,0
8,5.31,0.1,6,1,0,0,4,3,0,3,0
5,44.0,0.0,11,2,0,0,3,1,3,1,1
6,27.55,0.05,10,1,0,0,2,1,0,2,1
8,80.1,0.1,9,2,0,0,1,5,2,2,1
3,11.92,0.2,8,4,0,1,3,5,1,3,1
1,26.91,0.1,4,4,0,1,3,1,0,0,1
7,44.1,0.1,2,3,0,0,3,0,2,1,1
3,6.55,0.05,12,2,0,0,4,4,2,1,0
3,2799.0,0.0,11,3,0,0,0,1,2,1,0
8,1424.05,0.05,7,1,0,0,0,3,2,3,0
3,4399.2,0.2,2,0,0,0,0,5,4,1,0
4,10.96,0.15,8,2,0,0,2,3,3,3,1
5,3.6,0.2,5,6,0,0,4,1,4,0,0
5,31.2,0.2,12,6,0,0,3,1,0,1,0
7,49.0,0.0,10,3,0,0,2,2,2,2,0
7,39.0,0.0,10,4,0,1,2,2,0,2,0
6,46.55,0.05,8,6,0,0,1,4,0,3,1
4,2379.15,0.15,5,4,0,1,0,1,2,0,0
6,149.0,0.0,11,3,0,0,1,4,0,1,1
1,5.9,0.0,5,0,0,0,4,5,2,0,0
8,699.0,0.0,4,4,0,1,0,5,0,0,0
8,126.65,0.15,3,4,0,1,1,1,1,0,1
3,299.0,0.0,5,2,0,0,0,5,2,0,0
8,55.2,0.2,5,0,0,0,2,1,2,0,0
5,24.65,0.15,6,4,0,1,2,0,0,3,0
2,5698.57,0.05,10,6,1,0,0,2,0,2,0
6,69.0,0.0,10,3,0,0,3,3,3,2,1
7,14.9,0.0,9,1,0,0,4,3,0,2,0
5,35.1,0.1,6,1,0,0,1,4,2,3,1
6,44.0,0.0,3,4,0,1,3,5,4,0,1
6,94.05,0.05,3,4,0,1,2,4,1,0,0
7,44.0,0.0,4,5,0,1,3,1,1,0,1
2,169.15,0.15,3,2,0,0,1,2,3,0,1
4,7.92,0.2,8,1,0,0,4,4,2,3,0
8,58.65,0.15,6,6,0,0,2,0,3,3,1
7,1039.2,0.2,1,0,0,0,0,4,2,1,0
4,49.0,0.0,9,1,0,0,2,4,1,2,1
7,11.9,0.0,10,0,0,0,4,1,3,2,0
7,11.61,0.1,9,4,0,1,4,2,0,2,0
5,39.6,0.1,9,4,0,1,3,1,3,2,1
3,8.9,0.0,2,2,0,0,4,4,0,1,0
4,37.05,0.05,2,2,0,0,3,0,3,1,0
5,49.0,0.0,1,0,0,0,2,1,1,1,0
1,80.1,0.1,9,2,0,0,2,1,0,2,1
1,80.1,0.1,10,4,0,1,2,1,2,2,0
6,5.9,0.0,5,3,0,0,4,3,0,0,0
7,84.55,0.05,6,3,0,0,1,5,2,3,1
7,199.0,0.0,12,4,0,1,1,1,2,1,1
2,14.9,0.0,2,4,0,1,3,4,3,1,1
7,149.0,0.0,4,0,0,0,1,3,2,0,1
4,71.2,0.2,3,3,0,0,3,0,3,0,1
8,1999.2,0.2,2,0,0,0,0,2,2,1,0
7,134.1,0.1,5,2,0,0,0,2,3,0,0
4,13.41,0.1,12,4,0,1,3,3,2,1,1
3,89.0,0.0,6,4,0,1,2,5,3,3,1
8,49.0,0.0,11,0,0,0,3,0,2,1,1
5,13.41,0.1,1,0,0,0,3,5,2,1,1
3,4949.1,0.1,4,6,0,0,0,1,2,0,0
3,12.25,0.05,12,2,0,0,2,2,2,1,1
7,12.25,0.05,6,4,0,1,4,2,2,3,0
4,41.65,0.15,7,2,0,0,3,0,0,3,1
5,65.55,0.05,5,3,0,0,1,5,3,0,1
1,69.0,0.0,10,2,0,0,3,2,0,2,1
1,2379.15,0.15,5,6,0,0,0,3,2,0,0
8,141.55,0.05,4,4,0,1,1,4,2,0,1
5,7.92,0.2,1,4,0,1,4,3,1,1,0
4,12.9,0.0,8,1,0,0,2,2,3,3,0
7,719.2,0.2,5,2,0,0,0,0,1,0,0
7,339.15,0.15,2,2,0,0,1,2,3,1,1
6,26.91,0.1,1,0,0,0,3,4,3,1,1
3,39.2,0.2,1,0,0,0,3,2,2,1,1
5,35.01,0.1,7,0,0,0,4,3,0,3,0
8,399.0,0.0,2,0,0,0,2,2,2,1,1
5,80.1,0.1,7,4,0,1,1,3,2,3,1
8,11.3,0.05,3,2,0,0,4,1,2,0,0
7,1954.15,0.15,10,2,0,0,0,4,2,2,0
1,2999.0,0.0,6,3,0,0,0,3,0,3,0
1,23.2,0.2,10,0,0,0,2,4,2,2,0
7,37.4,0.15,9,0,0,0,3,0,4,2,1
5,38.9,0.0,5,6,0,0,4,2,4,0,0
1,29.0,0.0,5,0,0,0,2,2,4,0,1
6,2239.2,0.2,6,6,0,0,0,5,3,3,0
2,29.0,0.0,1,4,0,1,2,5,2,1,0
3,119.2,0.2,12,0,0,0,0,2,4,1,0
3,199.0,0.0,10,5,0,1,1,3,2,2,1
2,19.9,0.0,9,3,0,0,3,2,0,2,1
4,399.0,0.0,2,0,0,0,2,5,0,1,0
6,47.61,0.1,4,6,0,0,4,2,2,0,0
6,237.15,0.15,3,6,0,0,1,5,3,0,1
2,55.2,0.2,6,6,0,0,2,4,4,3,0
8,15.12,0.2,9,3,0,0,3,5,2,2,1
4,23.2,0.2,1,3,0,0,2,1,2,1,0
8,63.2,0.2,12,6,0,0,1,5,2,1,1
4,39.0,0.0,11,4,0,1,3,2,3,1,1
2,35.01,0.1,1,3,0,0,4,3,3,1,0
2,80.1,0.1,2,6,0,0,3,5,4,1,1
7,14.9,0.0,4,1,0,0,3,3,2,0,1
4,35.1,0.1,5,4,0,1,1,3,3,0,1
3,65.55,0.05,5,6,0,0,2,3,1,0,1
7,94.05,0.05,7,3,0,0,2,2,2,3,1
1,47.61,0.1,11,3,0,0,4,5,2,1,0
1,174.24,0.2,9,0,1,0,2,1,2,2,0
7,664.05,0.05,7,1,0,0,0,1,2,3,0
1,99.0,0.0,2,2,0,0,2,0,4,1,1
6,189.05,0.05,2,5,0,1,1,3,4,1,1
2,80.1,0.1,3,6,0,0,3,0,4,0,1
1,2379.15,0.15,9,6,0,0,0,3,3,2,0
7,10.32,0.2,1,3,0,0,4,4,1,1,0
7,11.92,0.2,2,0,0,0,4,5,3,1,0
4,89.0,0.0,7,2,0,0,1,5,3,3,1
7,16.06,0.15,6,2,0,0,3,5,2,3,1
4,1499.0,0.0,8,4,0,1,0,4,0,3,0
1,1299.0,0.0,6,4,0,1,0,4,1,3,0
7,141.55,0.05,11,4,0,1,2,3,0,1,1
1,89.0,0.0,12,1,0,0,1,1,2,1,1
4,13.41,0.1,1,0,0,0,3,2,4,1,1
6,99.0,0.0,8,4,0,1,1,0,1,3,1
2,251.1,0.1,3,2,0,0,1,2,0,0,1
2,21.46,0.2,4,1,1,0,3,0,3,0,1
2,14.9,0.0,8,1,0,0,3,2,4,3,1
6,9.9,0.0,7,0,0,0,4,0,1,3,0
6,12.25,0.05,8,0,0,0,4,5,3,3,0
6,399.0,0.0,10,0,0,0,2,0,4,2,1
8,2239.2,0.2,10,3,0,0,0,3,0,2,0
6,134.1,0.1,10,6,0,0,1,0,1,2,1
3,899.0,0.0,4,0,0,0,0,1,2,0,0
7,24.9,0.0,11,0,0,0,3,3,4,1,1
4,41.65,0.15,10,0,0,0,3,4,1,2,1
6,2999.0,0.0,5,1,0,0,0,3,0,0,0
2,719.2,0.2,2,0,0,0,0,1,2,1,0
5,1234.05,0.05,8,4,0,1,0,5,3,3,0
8,89.0,0.0,1,4,0,1,2,3,2,1,1
2,19.28,0.1,12,0,1,0,4,2,2,1,0
6,254.15,0.15,4,6,0,0,0,4,3,0,0
6,3399.15,0.15,12,4,0,1,0,3,4,1,0
8,49.0,0.0,10,4,0,1,3,5,2,2,1
7,129.0,0.0,2,5,0,1,2,2,2,1,1
1,189.05,0.05,9,1,0,0,1,0,1,2,1
6,79.0,0.0,9,1,0,0,1,4,3,2,1
6,19.9,0.0,6,6,0,0,3,5,3,3,1
6,699.0,0.0,6,3,0,0,0,1,3,3,0
1,69.0,0.0,11,0,0,0,1,4,1,1,1
7,69.0,0.0,5,2,0,0,2,5,4,0,0
8,126.65,0.15,8,0,0,0,1,3,2,3,1
7,11.61,0.1,12,6,0,0,4,4,4,1,0
5,6.9,0.0,7,4,0,1,4,0,2,3,0
2,14.9,0.0,7,4,0,1,4,3,2,3,0
2,16.91,0.15,1,2,0,0,3,5,3,1,1
6,24.9,0.0,9,1,0,0,4,3,4,2,0
4,44.1,0.1,7,3,0,0,1,1,3,3,1
8,89.0,0.0,9,0,0,0,2,4,4,2,1
5,6.9,0.0,3,0,0,0,4,1,1,0,0
3,39.2,0.2,12,6,0,0,2,5,3,1,0
1,11.92,0.2,2,6,0,0,3,5,0,1,1
1,119.0,0.0,10,6,0,0,1,0,0,2,1
6,84.15,0.15,2,0,0,0,2,5,0,1,0
2,19.92,0.2,9,0,0,0,3,2,0,2,1
3,3799.05,0.05,11,6,0,0,0,4,3,1,0
3,2799.0,0.0,2,1,0,0,0,1,2,1,0
5,23.92,0.2,10,6,0,0,3,0,2,2,1
1,99.0,0.0,3,3,0,0,2,1,2,0,1
3,664.05,0.05,8,3,0,0,0,3,2,3,0
4,39.2,0.2,2,6,0,0,0,3,2,1,0
6,7.12,0.2,9,0,0,0,4,3,4,2,0
8,39.0,0.0,2,5,0,1,3,5,0,1,1
4,24.9,0.0,1,6,0,0,4,3,0,1,0
2,8.42,0.15,3,6,0,0,4,5,2,0,0
1,24.65,0.15,2,1,0,0,2,3,1,1,0
1,89.0,0.0,11,3,0,0,1,3,0,1,1
4,62.1,0.1,4,3,0,0,3,2,2,0,1
4,26.1,0.1,6,4,0,1,2,3,2,3,1
3,73.5,0.0,10,0,1,0,1,2,4,2,1
6,149.0,0.0,10,0,0,0,2,1,2,2,1
6,149.0,0.0,7,6,0,0,2,0,3,3,0
4,17.91,0.1,7,4,0,1,3,2,2,3,1
2,126.65,0.15,4,0,0,0,2,3,1,0,0
4,3399.15,0.15,1,4,0,1,0,4,2,1,0
2,699.0,0.0,11,4,0,1,0,3,3,1,0
5,107.1,0.1,3,3,0,0,1,3,4,0,1
4,44.1,0.1,11,6,0,0,0,1,3,1,0
1,71.1,0.1,9,6,0,0,1,4,1,2,1
2,699.0,0.0,1,6,0,0,0,1,1,1,0
1,159.2,0.2,5,1,0,0,1,4,3,0,1
5,84.55,0.05,6,1,0,0,3,1,3,3,1
1,359.1,0.1,7,3,0,0,1,0,1,3,1
3,18.75,0.0,4,2,1,0,4,5,0,0,0
2,79.2,0.2,3,0,0,0,1,3,3,0,1
3,2699.1,0.1,5,6,0,0,0,2,3,0,0
3,36.95,0.05,12,4,0,1,4,3,4,1,0
5,59.0,0.0,4,1,0,0,2,4,0,0,0
1,24.9,0.0,10,1,0,0,4,0,2,2,0
8,379.05,0.05,10,6,0,0,2,2,2,2,1
6,6.32,0.2,10,0,0,0,4,5,0,2,0
3,49.0,0.0,7,0,0,0,2,4,2,3,0
6,574.56,0.2,12,6,1,0,2,1,0,1,1
7,6.0,0.2,7,2,0,0,4,2,1,3,0
3,39.0,0.0,11,3,0,0,3,5,3,1,1
8,71.1,0.1,7,0,0,0,1,3,1,3,1
3,2799.0,0.0,8,0,0,0,0,1,1,3,0
4,12.9,0.0,11,1,0,0,4,3,1,1,0
6,24.9,0.0,12,6,0,0,3,2,1,1,1
7,359.1,0.1,9,4,0,1,2,2,0,2,0
2,8.42,0.15,3,2,0,0,4,2,0,0,0
2,149.0,0.0,8,4,0,1,2,1,3,3,1
3,18.9,0.0,4,2,0,0,3,5,0,0,1
7,11.9,0.0,7,2,0,0,4,3,1,3,0
8,2999.0,0.0,7,1,0,0,0,3,2,3,0
7,97.02,0.1,9,6,1,0,3,2,3,2,1
5,149.0,0.0,6,2,0,0,1,2,0,3,1
4,15.92,0.2,6,2,0,0,3,1,2,3,1
1,149.0,0.0,4,3,0,0,1,3,0,0,1
4,12.09,0.15,12,1,1,0,4,0,3,1,0
7,29.0,0.0,4,5,0,1,2,4,0,0,0
4,44.0,0.0,11,3,0,0,3,0,3,1,1
2,149.0,0.0,12,1,0,0,1,4,2,1,1
6,3399.15,0.15,7,4,0,1,0,3,0,3,0
2,1349.1,0.1,6,3,0,0,0,0,2,3,0
2,11.92,0.2,4,4,0,1,3,2,0,0,1
1,179.1,0.1,9,0,0,0,1,5,0,2,1
5,237.15,0.15,6,6,0,0,1,4,0,3,1
5,399.0,0.0,11,6,0,0,2,1,3,1,1
6,339.15,0.15,1,1,0,0,1,0,2,1,1
7,149.0,0.0,1,6,0,0,0,3,2,1,0
8,6.9,0.0,8,2,0,0,4,3,2,3,0
7,134.1,0.1,7,4,0,1,0,3,2,3,0
3,2299.0,0.0,11,3,0,0,0,1,0,1,0
3,18.9,0.0,7,2,0,0,3,1,3,3,1
1,116.1,0.1,2,0,0,0,1,5,1,1,1
1,11.68,0.1,9,3,1,0,4,4,2,2,0
6,35.1,0.1,6,0,0,0,1,4,0,3,1
2,141.55,0.05,6,2,0,0,1,0,2,3,1
8,1299.0,0.0,12,1,0,0,0,4,4,1,0
8,89.0,0.0,12,1,0,0,1,5,1,1,1
8,2799.0,0.0,8,3,0,0,0,3,2,3,0
4,149.0,0.0,3,0,0,0,1,5,0,0,1
7,279.0,0.0,1,6,0,0,1,4,2,1,1
2,7.5,0.0,6,6,0,0,4,3,0,3,0
5,80.1,0.1,1,0,0,0,2,2,2,1,1
5,2799.0,0.0,4,2,0,0,0,0,0,0,0
5,7.57,0.15,2,6,0,0,4,2,3,1,0
6,279.0,0.0,8,0,0,0,1,5,2,3,1
5,14.15,0.05,2,4,0,1,4,0,1,1,0
3,71.1,0.1,2,6,0,0,1,5,1,1,1
6,75.65,0.15,10,2,0,0,1,4,2,2,1
4,37.4,0.15,1,2,0,0,3,1,4,1,1
6,179.1,0.1,6,3,0,0,1,0,3,3,1
8,149.0,0.0,5,6,0,0,1,4,0,0,1
3,89.0,0.0,3,0,0,0,2,5,2,0,1
5,14.15,0.05,6,0,0,0,4,3,1,3,0
2,84.55,0.05,10,6,0,0,2,5,2,2,0
5,8.01,0.1,2,2,0,0,4,0,2,1,0
3,14.15,0.05,8,2,0,0,4,5,2,3,0
2,2799.0,0.0,4,4,0,1,0,3,4,0,0
7,75.05,0.05,4,3,0,0,1,1,2,0,0
8,41.65,0.15,5,0,0,0,2,1,3,0,1
7,1104.15,0.15,9,1,0,0,0,0,1,2,0
3,2849.05,0.05,2,4,0,1,0,5,2,1,0
7,12.9,0.0,7,0,0,0,2,4,2,3,0
6,89.0,0.0,8,3,0,0,1,2,4,3,1
7,339.15,0.15,9,6,0,0,1,0,0,2,1
6,12.66,0.15,3,6,0,0,3,4,0,0,1
3,80.1,0.1,11,4,0,1,2,5,1,1,1
7,4.27,0.05,4,6,0,0,4,3,2,0,0
4,89.0,0.0,5,1,0,0,3,3,0,0,1
6,19.92,0.2,11,2,0,0,3,2,3,1,1
4,7.5,0.0,3,2,0,0,4,2,1,0,0
1,6.9,0.0,9,6,0,0,4,1,0,2,0
6,2124.15,0.15,8,6,0,0,0,5,2,3,0
3,149.0,0.0,11,2,0,0,0,5,0,1,0
4,3999.0,0.0,8,4,0,1,0,4,2,3,0
2,25.41,0.15,11,4,0,1,3,4,2,1,1
8,35.2,0.2,9,5,0,1,3,2,0,2,1
8,80.1,0.1,5,6,0,0,2,1,3,0,1
7,69.0,0.0,8,4,0,1,3,0,1,3,1
6,49.0,0.0,8,3,0,0,3,4,2,3,1
7,149.0,0.0,2,6,0,0,1,0,1,1,1
5,19.92,0.2,2,3,0,0,4,2,1,1,0
2,149.0,0.0,6,1,0,0,0,5,2,3,0
4,26.91,0.1,3,4,0,1,3,5,2,0,1
8,17.01,0.1,9,5,0,1,3,5,4,2,1
1,55.2,0.2,11,3,0,0,1,0,2,1,1
3,2519.1,0.1,8,2,0,0,0,4,2,3,0
5,11.92,0.2,1,3,0,0,3,1,2,1,0
4,12.66,0.15,8,2,0,0,4,0,0,3,0
6,31.2,0.2,4,1,0,0,1,4,0,0,1
4,53.1,0.1,8,1,0,0,2,1,4,3,1
8,12.66,0.15,8,0,0,0,4,0,2,3,0
2,58.65,0.15,11,1,0,0,1,0,2,1,1
6,89.0,0.0,10,1,0,0,3,3,2,2,1
2,84.55,0.05,6,6,0,0,2,3,2,3,0
5,319.2,0.2,8,3,0,0,2,3,0,3,0
1,18.9,0.0,1,2,0,0,3,1,2,1,1
6,89.1,0.1,7,1,0,0,1,2,1,3,1
7,12.9,0.0,6,3,0,0,4,5,4,3,0
7,80.1,0.1,9,1,0,0,1,1,2,2,1
1,11.61,0.1,11,2,0,0,4,2,3,1,0
4,719.2,0.2,8,6,0,0,0,4,4,3,0
3,12.25,0.05,6,4,0,1,2,0,1,3,1
5,39.2,0.2,7,3,0,0,3,2,1,3,1
4,6.9,0.0,7,1,0,0,4,2,2,3,0
1,33.06,0.15,10,4,0,1,4,0,0,2,0
1,12.9,0.0,6,3,0,0,4,4,3,3,0
2,1274.15,0.15,11,0,0,0,0,5,2,1,0
2,239.2,0.2,9,6,0,0,0,2,4,2,0
5,44.0,0.0,8,1,0,0,3,0,2,3,1
1,239.2,0.2,11,4,0,1,0,0,3,1,0
4,49.0,0.0,2,6,0,0,3,5,4,1,1
6,38.9,0.0,7,4,0,1,4,5,1,3,0
8,6.0,0.2,6,0,0,0,4,1,2,3,0
7,6.71,0.15,3,3,0,0,4,0,4,0,0
3,159.2,0.2,4,2,0,0,1,1,3,0,1
2,44.1,0.1,3,5,0,1,0,0,3,0,0
3,44.0,0.0,8,4,0,1,3,0,3,3,1
8,52.9,0.0,7,6,0,0,4,3,2,3,0
2,1424.05,0.05,2,0,0,0,0,0,0,1,0
8,25.41,0.15,1,6,0,0,3,3,0,1,1
1,10.96,0.15,11,5,0,1,4,2,2,1,0
3,399.0,0.0,3,6,0,0,2,2,1,0,1
5,41.65,0.15,1,6,0,0,3,2,0,1,1
8,99.0,0.0,4,4,0,1,2,3,0,0,1
7,159.2,0.2,11,1,0,0,1,0,4,1,1
7,141.55,0.05,7,0,0,0,2,1,2,3,1
2,149.0,0.0,7,4,0,1,2,3,2,3,1
1,3.82,0.15,3,0,0,0,4,0,4,0,0
7,46.55,0.05,11,3,0,0,3,2,0,1,1
6,299.0,0.0,1,0,0,0,0,0,0,1,0
4,38.9,0.0,12,4,0,1,4,0,3,1,0
1,11.92,0.2,12,2,0,0,3,2,4,1,1
4,35.2,0.2,11,4,0,1,3,5,1,1,1
3,629.1,0.1,1,4,0,1,0,3,4,1,0
4,4.5,0.0,3,1,0,0,4,5,2,0,0
1,38.9,0.0,3,1,0,0,4,2,2,0,0
1,69.0,0.0,9,0,0,0,1,0,4,2,1
1,29.0,0.0,9,4,0,1,2,3,2,2,0
1,62.1,0.1,12,4,0,1,2,2,3,1,0
7,14.9,0.0,10,3,0,0,3,0,0,2,1
4,19.92,0.2,3,1,0,0,3,5,3,0,1
3,46.55,0.05,12,2,0,0,3,3,1,1,1
8,2299.0,0.0,4,0,0,0,0,0,2,0,0
7,75.65,0.15,7,6,0,0,2,1,4,3,0
2,1299.0,0.0,9,1,0,0,0,1,4,2,0
2,37.4,0.15,7,2,0,0,3,2,0,3,1
3,719.2,0.2,6,1,0,0,0,1,2,3,0
6,5.9,0.0,8,6,0,0,4,3,2,3,0
2,809.1,0.1,3,4,0,1,0,0,1,0,0
6,23.2,0.2,12,4,0,1,2,0,0,1,1
4,22.41,0.1,2,0,0,0,3,4,2,1,1
3,199.0,0.0,8,4,0,1,1,0,2,3,1
3,26.91,0.1,7,2,0,0,3,3,2,3,1
3,52.9,0.0,6,4,0,1,4,3,4,3,0
3,899.0,0.0,8,4,0,1,0,0,3,3,0
1,1499.0,0.0,9,4,0,1,0,4,4,2,0
5,223.2,0.2,9,1,0,0,1,3,1,2,1
6,7.9,0.0,5,3,0,0,4,4,0,0,0
4,11.9,0.0,3,6,0,0,4,0,3,0,0
5,23.65,0.05,8,6,0,0,3,5,3,3,1
6,69.0,0.0,7,1,0,0,2,5,1,3,0
7,899.0,0.0,12,3,0,0,0,1,1,1,0
1,18.9,0.0,5,6,0,0,3,1,2,0,1
1,63.2,0.2,7,3,0,0,1,2,0,3,1
8,2799.0,0.0,12,3,0,0,0,0,1,1,0
3,2999.0,0.0,10,0,0,0,0,0,1,2,0
4,80.1,0.1,7,4,0,1,3,2,1,3,1
4,126.65,0.15,2,0,0,0,2,4,1,1,1
3,14.9,0.0,9,4,0,1,4,0,0,2,0
4,119.2,0.2,3,0,0,0,1,1,2,0,1
7,55.57,0.05,10,6,1,0,2,1,2,2,0
6,399.0,0.0,9,6,0,0,2,3,3,2,0
3,65.55,0.05,1,1,0,0,1,5,2,1,1
6,11.3,0.05,11,2,0,0,4,1,3,1,0
8,13.41,0.1,8,2,0,0,3,3,1,3,1
3,39.0,0.0,2,3,0,0,1,3,1,1,1
3,1150.72,0.2,10,6,1,0,0,2,3,2,0
8,149.0,0.0,1,6,0,0,1,0,2,1,1
7,49.0,0.0,10,1,0,0,3,5,2,2,1
8,41.65,0.15,6,4,0,1,1,5,0,3,1
8,10.96,0.15,9,4,0,1,2,3,3,2,1
8,7.92,0.2,6,2,0,0,4,4,2,3,0
7,33.15,0.15,1,0,0,0,3,0,3,1,1
5,339.15,0.15,11,4,0,1,2,2,0,1,0
8,13.41,0.1,12,5,0,1,4,1,1,1,0
4,2799.0,0.0,8,2,0,0,0,4,1,3,0
4,199.0,0.0,12,1,0,0,1,0,0,1,1
3,6.71,0.15,9,3,0,0,4,3,2,2,0
7,21.16,0.15,10,3,0,0,3,0,0,2,1
7,11.92,0.2,11,4,0,1,4,3,1,1,0
6,7.11,0.1,4,4,0,1,4,5,0,0,0
6,149.0,0.0,5,0,0,0,2,0,3,0,1
3,39.0,0.0,12,6,0,0,1,0,2,1,1
6,109.65,0.15,3,4,0,1,1,3,4,0,1
7,629.1,0.1,9,6,0,0,0,0,3,2,0
2,5499.0,0.0,5,3,0,0,0,5,2,0,0
3,18.9,0.0,3,2,0,0,3,5,0,0,1
5,4.27,0.05,7,0,0,0,4,2,3,3,0
8,279.0,0.0,10,6,0,0,1,3,4,2,1
3,2499.0,0.0,8,4,0,1,0,1,0,3,0
4,9.4,0.05,5,4,0,1,4,4,2,0,0
4,149.0,0.0,3,6,0,0,1,1,3,0,1
3,35.1,0.1,12,0,0,0,3,0,2,1,1
7,19.9,0.0,7,2,0,0,3,3,4,3,1
3,2799.0,0.0,8,3,0,0,0,1,2,3,0
1,17.91,0.1,9,1,0,0,3,2,1,2,1
8,5.31,0.1,5,4,0,1,4,0,1,0,0
7,1954.15,0.15,2,5,0,1,0,0,4,1,0
5,70.2,0.0,12,2,1,0,3,2,4,1,1
5,7.12,0.2,9,4,0,1,4,4,1,2,0
5,44.1,0.1,10,4,0,1,3,5,0,2,1
2,8.42,0.15,5,4,0,1,4,2,0,0,0
6,6.38,0.15,6,0,0,0,4,4,2,3,0
4,28.4,0.05,7,6,0,0,3,1,2,3,1
4,84.55,0.05,10,4,0,1,2,5,2,2,0
6,39.0,0.0,1,0,0,0,2,2,2,1,0
7,2999.0,0.0,4,3,0,0,0,5,0,0,0
5,29.0,0.0,9,6,0,0,2,3,2,2,1
1,119.2,0.2,6,5,0,1,1,0,2,3,1
8,67.15,0.15,4,4,0,1,1,1,3,0,1
6,1349.1,0.1,6,6,0,0,0,0,4,3,0
5,4.72,0.2,12,0,0,0,4,4,3,1,0
3,89.0,0.0,11,3,0,0,2,2,3,1,0
6,13.41,0.1,2,6,0,0,4,4,2,1,0
4,89.0,0.0,10,3,0,0,0,2,3,2,0
6,94.05,0.05,9,2,0,0,1,5,3,2,1
3,319.2,0.2,7,3,0,0,2,5,4,3,0
8,49.0,0.0,9,3,0,0,1,1,2,2,1
7,2239.2,0.2,6,6,0,0,0,5,2,3,0
3,14.15,0.05,12,5,0,1,4,5,2,1,0
5,122.55,0.05,8,1,0,0,2,2,1,3,1
2,71.2,0.2,12,2,0,0,3,3,2,1,1
6,13.41,0.1,1,2,0,0,4,2,0,1,0
8,2499.0,0.0,9,0,0,0,0,0,2,2,0
7,6.9,0.0,3,5,0,1,4,1,3,0,0
8,6.0,0.2,1,4,0,1,4,1,2,1,0
4,14.15,0.05,11,1,0,0,3,2,4,1,1
1,65.55,0.05,4,6,0,0,1,1,4,0,1
2,22.41,0.1,10,1,0,0,3,1,3,2,1
4,129.0,0.0,4,0,0,0,1,1,0,0,1
2,3599.1,0.1,11,1,0,0,0,5,0,1,0
3,6.9,0.0,8,4,0,1,4,1,2,3,0
3,2499.0,0.0,9,0,0,0,0,3,2,2,0
1,399.0,0.0,4,3,0,0,1,1,3,0,1
2,149.0,0.0,5,6,0,0,2,5,1,0,0
6,809.1,0.1,8,1,0,0,0,2,4,3,0
1,103.2,0.2,7,6,0,0,2,5,0,3,0
6,14.15,0.05,3,3,0,0,4,3,1,0,0
2,2659.05,0.05,5,2,0,0,0,5,0,0,0
5,7.12,0.2,2,3,0,0,4,3,2,1,0
8,1999.2,0.2,11,1,0,0,0,0,2,1,0
2,75.65,0.15,5,3,0,0,1,1,4,0,1
7,179.1,0.1,6,6,0,0,1,1,0,3,1
2,149.0,0.0,5,2,0,0,2,0,1,0,1
1,79.2,0.2,12,1,0,0,1,2,0,1,1
5,14.9,0.0,1,4,0,1,4,1,4,1,0
8,149.0,0.0,7,4,0,1,2,3,3,3,1
6,2399.2,0.2,11,1,0,0,0,4,0,1,0
3,103.2,0.2,4,6,0,0,2,0,2,0,1
2,79.0,0.0,3,6,0,0,1,4,0,0,1
8,35.1,0.1,7,3,0,0,2,0,2,3,0
1,4.5,0.0,5,0,0,0,4,0,4,0,0
7,18.9,0.0,2,1,0,0,3,3,4,1,1
4,89.0,0.0,7,1,0,0,0,2,3,3,0
3,36.95,0.05,11,2,0,0,4,2,0,1,0
6,21.16,0.15,3,3,0,0,4,4,4,0,0
8,7.9,0.0,12,2,0,0,4,2,0,1,0
4,89.0,0.0,10,3,0,0,2,3,0,2,0
8,69.0,0.0,11,4,0,1,3,4,4,1,1
6,29.0,0.0,7,6,0,0,2,3,2,3,1
6,16.06,0.15,8,3,0,0,3,4,0,3,1
4,29.9,0.0,9,6,0,0,3,5,4,2,1
2,947.62,0.05,4,4,1,1,1,3,0,0,1
1,141.55,0.05,7,0,0,0,2,4,2,3,1
8,52.9,0.0,1,3,0,0,4,0,2,1,0
1,1349.1,0.1,1,3,0,0,0,2,3,1,0
6,2184.05,0.05,11,2,0,0,0,0,4,1,0
7,44.0,0.0,2,1,0,0,3,5,2,1,1
3,4.05,0.1,1,6,0,0,4,0,1,1,0
7,11.9,0.0,9,4,0,1,4,5,4,2,0
8,1499.0,0.0,3,6,0,0,0,2,1,0,0
5,53.1,0.1,4,0,0,0,2,1,2,0,1
2,39.6,0.1,10,0,0,0,3,1,3,2,1
7,26.1,0.1,4,6,0,0,2,1,2,0,1
7,49.0,0.0,6,0,0,0,1,3,2,3,1
3,29.0,0.0,12,2,0,0,2,5,2,1,0
6,6.21,0.1,12,0,0,0,4,4,3,1,0
7,41.65,0.15,5,6,0,0,3,1,0,0,1
1,80.1,0.1,5,4,0,1,1,1,2,0,1
4,149.0,0.0,11,1,0,0,1,4,1,1,1
4,2299.0,0.0,1,1,0,0,0,1,3,1,0
2,2249.1,0.1,4,3,0,0,0,2,3,0,0
1,149.0,0.0,8,2,0,0,2,0,2,3,1
7,7.9,0.0,8,6,0,0,4,4,2,3,0
8,75.65,0.15,10,3,0,0,2,3,2,2,1
1,18.9,0.0,5,0,0,0,3,3,3,0,1
3,2549.15,0.15,2,1,0,0,0,5,4,1,0
1,14.9,0.0,8,0,0,0,3,2,2,3,1
6,58.65,0.15,7,0,0,0,3,4,0,3,0
5,12.9,0.0,6,3,0,0,2,4,3,3,0
5,9.4,0.05,5,5,0,1,4,0,1,0,0
7,69.0,0.0,7,4,0,1,3,1,1,3,0
2,12.9,0.0,6,2,0,0,4,0,2,3,0
1,5.52,0.2,11,3,0,0,4,1,3,1,0
7,89.0,0.0,11,1,0,0,0,4,0,1,0
7,26.1,0.1,5,1,0,0,2,2,2,0,1
2,379.05,0.05,5,2,0,0,2,0,2,0,1
1,339.15,0.15,11,6,0,0,2,1,0,1,1
8,31.2,0.2,10,4,0,1,2,1,0,2,0
8,27.55,0.05,8,3,0,0,2,2,4,3,0
4,33.15,0.15,10,1,0,0,2,0,3,2,0
7,80.1,0.1,11,0,0,0,2,5,2,1,0
4,2519.1,0.1,9,4,0,1,0,1,2,2,0
3,37.05,0.05,5,4,0,1,1,0,2,0,1
1,141.55,0.05,10,4,0,1,2,2,3,2,0
1,101.15,0.15,5,4,0,1,1,2,0,0,1
2,59.0,0.0,1,6,0,0,2,5,2,1,0
3,104.88,0.2,3,3,1,0,1,1,2,0,1
6,2499.0,0.0,11,2,0,0,0,5,3,1,0
4,1424.05,0.05,10,6,0,0,0,2,1,2,0
1,23.65,0.05,3,0,0,0,3,2,3,0,1
5,24.9,0.0,9,6,0,0,4,1,2,2,0
5,4.72,0.2,9,2,0,0,4,2,2,2,0
7,14.15,0.05,7,4,0,1,3,1,2,3,1
6,319.2,0.2,9,0,0,0,2,1,2,2,1
1,2069.1,0.1,2,0,0,0,0,3,2,1,0
3,2299.0,0.0,5,0,0,0,0,0,2,0,0
8,129.0,0.0,1,6,0,0,2,2,3,1,1
6,2399.2,0.2,6,0,0,0,0,1,4,3,0
2,4.05,0.1,3,1,0,0,4,0,1,0,0
3,126.65,0.15,8,1,0,0,1,3,2,3,1
3,18.9,0.0,4,6,0,0,3,5,3,0,1
6,39.0,0.0,5,4,0,1,3,2,2,0,0
2,65.55,0.05,1,3,0,0,2,3,4,1,1
5,84.55,0.05,5,2,0,0,2,5,2,0,0
7,14.15,0.05,6,4,0,1,3,3,1,3,0
4,2519.1,0.1,2,2,0,0,0,1,2,1,0
1,49.0,0.0,4,1,0,0,3,3,0,0,1
3,71.2,0.2,7,2,0,0,1,3,4,3,1
2,4.27,0.05,10,3,0,0,4,1,4,2,0
7,319.2,0.2,6,4,0,1,2,5,3,3,0
2,14.9,0.0,9,0,0,0,4,2,3,2,0
6,89.0,0.0,7,2,0,0,1,0,3,3,1
5,24.9,0.0,12,6,0,0,3,5,4,1,1
7,29.9,0.0,12,3,0,0,3,5,0,1,1
2,159.2,0.2,11,4,0,1,1,1,3,1,1
5,6.21,0.1,2,3,0,0,4,0,2,1,0
5,71.2,0.2,8,0,0,0,2,4,4,3,1
2,36.95,0.05,7,2,0,0,4,4,3,3,0
3,5499.0,0.0,3,3,0,0,0,2,2,0,0
2,149.0,0.0,3,0,0,0,2,2,2,0,0
4,18.9,0.0,12,0,0,0,3,3,0,1,1
4,75.65,0.15,2,3,0,0,0,4,1,1,0
2,11.3,0.05,12,3,0,0,4,3,2,1,0
8,35.1,0.1,7,2,0,0,3,5,1,3,1
4,89.0,0.0,6,4,0,1,0,0,2,3,0
4,5499.0,0.0,10,1,0,0,0,5,3,2,0
8,109.65,0.15,2,6,0,0,2,3,2,1,1
1,286.56,0.1,10,6,1,0,1,3,0,2,1
7,11.61,0.1,6,6,0,0,2,3,2,3,1
3,69.0,0.0,12,1,0,0,3,1,3,1,1
4,2659.05,0.05,8,1,0,0,0,2,1,3,0
8,29.0,0.0,1,6,0,0,2,2,2,1,1
5,2999.0,0.0,10,0,0,0,0,4,0,2,0
2,49.0,0.0,6,2,0,0,3,0,2,3,1
8,63.2,0.2,11,2,0,0,1,5,2,1,1
5,14.15,0.05,7,4,0,1,3,3,3,3,1
4,39.0,0.0,8,3,0,0,2,5,0,3,0
5,237.15,0.15,7,2,0,0,1,5,2,3,1
4,89.0,0.0,3,3,0,0,1,1,1,0,1
4,119.0,0.0,5,6,0,0,1,4,0,0,1
1,15.92,0.2,2,1,0,0,3,2,2,1,1
2,339.15,0.15,7,1,0,0,1,3,3,3,1
3,11.9,0.0,10,6,0,0,4,0,0,2,0
1,59.0,0.0,1,6,0,0,2,1,2,1,1
8,69.0,0.0,7,6,0,0,1,5,3,3,1
2,49.0,0.0,8,1,0,0,3,3,3,3,1
7,2519.1,0.1,12,0,0,0,0,2,4,1,0
1,13.41,0.1,4,3,0,0,4,4,3,0,0
3,1499.0,0.0,10,3,0,0,0,4,3,2,0
5,10.32,0.2,12,3,0,0,4,5,0,1,0
2,119.0,0.0,10,6,0,0,1,1,2,2,1
1,160.2,0.0,4,1,1,0,2,4,0,0,0
3,7.5,0.05,10,6,0,0,4,5,2,2,0
4,29.0,0.0,10,3,0,0,2,3,4,2,1
4,2799.0,0.0,5,0,0,0,0,4,4,0,0
8,23.65,0.05,12,4,0,1,3,5,2,1,1
8,89.0,0.0,3,0,0,0,2,4,2,0,1
5,28.4,0.05,12,1,0,0,3,0,2,1,1
3,12.66,0.15,1,4,0,1,3,2,3,1,1
3,38.9,0.0,4,2,0,0,4,3,3,0,0
8,3.82,0.15,11,6,0,0,4,0,1,1,0
2,12.9,0.0,8,3,0,0,4,3,3,3,0
8,149.0,0.0,5,6,0,0,1,0,2,0,1
1,119.2,0.2,8,4,0,1,1,1,2,3,1
5,39.6,0.1,8,4,0,1,3,3,2,3,1
8,134.1,0.1,2,2,0,0,0,4,2,1,0
3,42.32,0.2,5,3,0,0,4,0,0,0,0
2,15.92,0.2,11,0,0,0,3,2,0,1,1
8,149.0,0.0,9,0,0,0,2,1,3,2,0
4,14.9,0.0,6,0,0,0,4,1,0,3,0
2,75.65,0.15,4,1,0,0,1,4,4,0,1
2,199.0,0.0,8,1,0,0,1,4,2,3,1
4,39.2,0.2,10,3,0,0,3,1,3,2,1
8,129.0,0.0,8,6,0,0,1,1,0,3,1
2,79.0,0.0,2,3,0,0,1,5,2,1,1
5,13.41,0.1,12,2,0,0,3,2,0,1,1
6,29.0,0.0,8,1,0,0,2,4,3,3,1
5,35.1,0.1,9,6,0,0,2,4,2,2,1
1,33.15,0.15,6,3,0,0,1,0,2,3,1
1,6.55,0.05,7,6,0,0,4,2,3,3,0
4,899.0,0.0,5,1,0,0,0,4,3,0,0
2,25.41,0.15,2,1,0,0,3,3,1,1,1
8,71.1,0.1,9,1,0,0,1,1,3,2,1
1,1104.15,0.15,8,4,0,1,0,3,1,3,0
4,14.9,0.0,3,1,0,0,3,3,2,0,1
2,6.9,0.0,8,4,0,1,4,3,3,3,0
2,251.1,0.1,1,2,0,0,1,2,1,1,1
3,11.3,0.05,3,6,0,0,4,4,2,0,0
6,2799.0,0.0,2,2,0,0,0,5,2,1,0
7,24.9,0.0,11,1,0,0,3,2,3,1,1
2,4.27,0.05,5,2,0,0,4,0,1,0,0
3,19.92,0.2,2,4,0,1,4,5,1,1,0
8,129.0,0.0,2,1,0,0,1,0,3,1,1
4,89.0,0.0,7,1,0,0,1,1,1,3,1
6,399.0,0.0,12,2,0,0,2,1,1,1,0
7,17.01,0.1,5,4,0,1,3,0,2,0,1
7,5.87,0.15,11,0,0,0,4,5,0,1,0
1,5.02,0.15,5,3,0,0,4,5,2,0,0
7,28.31,0.0,3,3,1,0,3,0,2,0,0
2,149.0,0.0,5,5,0,1,1,3,2,0,1
1,36.95,0.05,6,2,0,0,4,0,3,3,0
7,159.2,0.2,10,5,0,1,1,4,2,2,1
8,284.05,0.05,2,2,0,0,0,3,2,1,0
5,1150.72,0.2,10,0,1,0,0,5,3,2,0
6,29.0,0.0,12,0,0,0,2,3,3,1,1
5,18.9,0.0,3,0,0,0,3,3,2,0,1
7,49.0,0.0,2,6,0,0,1,3,1,1,1
8,71.2,0.2,2,1,0,0,2,5,2,1,1
7,10.12,0.15,3,1,0,0,4,2,0,0,0
5,299.0,0.0,4,2,0,0,0,3,3,0,0
8,279.0,0.0,1,5,0,1,1,5,2,1,1
3,18.9,0.0,4,0,0,0,3,3,4,0,1
4,379.05,0.05,1,4,0,1,2,5,0,1,1
1,35.2,0.2,4,1,0,0,3,5,1,0,1
4,10.32,0.2,10,3,0,0,2,5,3,2,1
8,126.65,0.15,4,4,0,1,2,4,1,0,1
2,39.2,0.2,7,4,0,1,1,0,2,3,1
5,14.9,0.0,2,2,0,0,4,0,2,1,0
3,12.9,0.0,7,0,0,0,4,5,4,3,0
6,5.52,0.2,2,6,0,0,4,4,0,1,0
5,399.0,0.0,4,6,0,0,2,3,2,0,1
2,119.2,0.2,7,2,0,0,1,2,2,3,1
6,71.2,0.2,6,2,0,0,1,0,1,3,1
4,41.65,0.15,4,0,0,0,3,1,2,0,1
4,84.55,0.05,8,6,0,0,1,2,0,3,1
7,38.9,0.0,8,6,0,0,4,4,3,3,0
4,10.12,0.15,1,1,0,0,4,0,3,1,0
2,2849.05,0.05,3,6,0,0,0,5,0,0,0
3,3.6,0.2,11,6,0,0,4,0,2,1,0
5,95.2,0.2,6,1,0,0,1,1,4,3,1
2,89.1,0.1,6,2,0,0,1,4,4,3,1
2,664.05,0.05,1,3,0,0,0,1,4,1,0
6,46.55,0.05,5,6,0,0,1,3,3,0,1
6,39.0,0.0,6,3,0,0,3,0,0,3,1
3,7.9,0.0,4,6,0,0,4,5,3,0,0
8,89.0,0.0,4,3,0,0,2,3,2,0,1
1,2999.0,0.0,2,0,0,0,0,2,1,1,0
7,99.0,0.0,1,6,0,0,2,4,2,1,1
8,1069.47,0.15,4,2,1,0,0,1,2,0,0
3,11.61,0.1,11,3,0,0,4,5,4,1,0
1,84.55,0.05,11,0,0,0,3,5,3,1,1
2,126.65,0.15,8,3,0,0,1,1,1,3,1
2,3999.0,0.0,7,0,0,0,0,1,3,3,0
1,319.2,0.2,8,1,0,0,1,1,2,3,1
7,422.88,0.15,4,2,1,0,1,2,2,0,1
6,149.0,0.0,12,0,0,0,0,5,2,1,0
4,4399.2,0.2,8,6,0,0,0,1,0,3,0
4,14.9,0.0,1,1,0,0,4,2,0,1,0
7,13.41,0.1,9,4,0,1,3,2,2,2,1
5,39.0,0.0,6,1,0,0,2,0,1,3,0
7,14.9,0.0,12,5,0,1,3,2,2,1,1
4,49.0,0.0,5,0,0,0,1,1,2,0,1
1,10.96,0.15,7,2,0,0,4,2,2,3,0
3,6.9,0.0,8,6,0,0,4,1,3,3,0
5,49.0,0.0,3,1,0,0,1,1,0,0,1
6,55.2,0.2,7,3,0,0,1,1,0,3,1
2,101.15,0.15,3,2,0,0,1,2,0,0,1
2,399.0,0.0,6,3,0,0,1,5,2,3,1
4,7.9,0.0,9,3,0,0,4,1,1,2,0
7,39.2,0.2,6,4,0,1,3,4,2,3,1
6,7.5,0.0,7,0,0,0,4,0,0,3,0
2,239.2,0.2,6,6,0,0,0,1,1,3,0
8,10.12,0.15,3,3,0,0,4,4,3,0,0
4,71.2,0.2,3,2,0,0,2,2,2,0,1
1,33.15,0.15,3,1,0,0,3,0,2,0,1
3,80.1,0.1,6,1,0,0,3,1,0,3,1
8,699.0,0.0,6,1,0,0,0,1,3,3,0
6,79.0,0.0,10,0,0,0,1,2,2,2,1
2,39.0,0.0,3,1,0,0,1,5,3,0,1
7,19.9,0.0,4,6,0,0,3,0,2,0,1
8,109.65,0.15,5,4,0,1,2,1,3,0,1
5,11.92,0.2,12,3,0,0,3,4,2,1,1
8,149.0,0.0,12,2,0,0,1,1,2,1,1
7,44.96,0.15,2,1,0,0,4,5,0,1,0
5,119.0,0.0,3,6,0,0,1,2,2,0,1
5,2699.1,0.1,1,4,0,1,0,4,2,1,0
4,2799.0,0.0,7,0,0,0,0,5,2,3,0
3,1274.15,0.15,12,6,0,0,0,1,3,1,0
5,8.9,0.0,1,6,0,0,4,1,2,1,0
7,31.2,0.2,10,6,0,0,3,0,1,2,1
3,84.55,0.05,12,6,0,0,3,1,2,1,1
1,7.11,0.1,4,2,0,0,4,3,3,0,0
7,49.0,0.0,9,2,0,0,1,4,3,2,1
2,89.0,0.0,1,4,0,1,1,2,0,1,1
2,149.0,0.0,7,1,0,0,1,3,2,3,1
5,1234.05,0.05,11,4,0,1,0,3,2,1,0
8,84.15,0.15,5,2,0,0,2,4,3,0,0
2,8.9,0.0,11,5,0,1,4,3,2,1,0
5,3.6,0.2,11,2,0,0,4,4,2,1,0
6,59.0,0.0,11,2,0,0,2,1,0,1,1
6,5.52,0.2,10,2,0,0,4,4,2,2,0
5,1039.2,0.2,12,4,0,1,0,5,1,1,0
7,89.0,0.0,1,1,0,0,3,3,2,1,1
4,13.41,0.1,8,0,0,0,3,4,2,3,1
1,49.0,0.0,11,3,0,0,3,1,0,1,1
5,49.0,0.0,11,2,0,0,0,1,0,1,0
7,2499.0,0.0,2,6,0,0,0,3,2,1,0
8,129.0,0.0,6,1,0,0,2,5,4,3,1
3,29.0,0.0,8,3,0,0,2,4,0,3,1
5,79.2,0.2,4,6,0,0,1,1,4,0,1
8,84.55,0.05,1,0,0,0,3,0,4,1,1
6,22.41,0.1,11,4,0,1,4,5,4,1,0
5,14.9,0.0,7,0,0,0,4,2,1,3,0
1,14.9,0.0,8,2,0,0,3,0,3,3,1
1,84.15,0.15,8,2,0,0,2,3,0,3,1
6,319.2,0.2,11,4,0,1,2,2,4,1,0
3,29.0,0.0,6,2,0,0,2,1,1,3,1
1,1104.15,0.15,8,1,0,0,0,1,4,3,0
1,14.9,0.0,5,1,0,0,3,2,1,0,1
5,2849.05,0.05,9,3,0,0,0,0,4,2,0
5,89.0,0.0,7,6,0,0,1,5,2,3,1
2,37.05,0.05,8,2,0,0,2,0,4,3,1
7,223.2,0.2,11,0,0,0,1,0,2,1,1
8,129.0,0.0,6,4,0,1,2,3,3,3,1
2,69.0,0.0,2,1,0,0,2,4,2,1,1
3,69.0,0.0,4,1,0,0,1,2,0,0,1
8,6.9,0.0,5,3,0,0,4,0,4,0,0
4,279.0,0.0,10,1,0,0,1,4,3,2,1
2,6.9,0.0,2,2,0,0,4,3,2,1,0
2,71.2,0.2,12,1,0,0,3,2,0,1,1
1,38.9,0.0,7,0,0,0,4,1,3,3,0
8,3.6,0.2,7,6,0,0,4,4,0,3,0
8,13.41,0.1,9,0,0,0,3,3,3,2,1
1,149.0,0.0,6,2,0,0,1,2,2,3,1
5,71.2,0.2,5,3,0,0,1,3,2,0,1
8,24.9,0.0,9,3,0,0,3,5,0,2,1
4,189.05,0.05,1,3,0,0,1,2,3,1,1
5,109.65,0.15,8,0,0,0,1,3,2,3,1
5,14.15,0.05,12,0,0,0,4,2,1,1,0
3,2519.1,0.1,4,2,0,0,0,2,1,0,0
8,1499.0,0.0,7,0,0,0,0,4,2,3,0
3,35.1,0.1,4,1,0,0,1,0,3,0,1
1,19.9,0.0,2,4,0,1,3,4,0,1,1
4,1234.05,0.05,9,2,0,0,0,5,2,2,0
5,14.9,0.0,9,2,0,0,3,0,0,2,1
5,14.15,0.05,8,3,0,0,3,0,0,3,1
3,1234.05,0.05,10,1,0,0,0,3,2,2,0
4,5.87,0.15,2,6,0,0,4,0,4,1,0
3,4.05,0.1,11,0,0,0,4,5,2,1,0
3,339.15,0.15,8,6,0,0,2,5,3,3,0
3,149.0,0.0,7,1,0,0,1,3,1,3,1
2,141.55,0.05,1,4,0,1,0,5,2,1,0
3,2499.0,0.0,10,2,0,0,0,2,4,2,0
3,899.0,0.0,12,2,0,0,0,4,3,1,0
2,6.9,0.0,5,4,0,1,4,0,4,0,0
4,2999.0,0.0,7,0,0,0,0,1,3,3,0
2,179.1,0.1,12,2,0,0,1,1,3,1,1
3,39.0,0.0,11,3,0,0,3,5,0,1,1
3,29.0,0.0,5,6,0,0,2,4,0,0,1
3,379.05,0.05,1,1,0,0,1,3,4,1,1
8,119.2,0.2,2,6,0,0,1,5,0,1,1
8,149.0,0.0,12,0,0,0,1,4,4,1,1
1,62.1,0.1,3,0,0,0,1,0,2,0,1
7,3399.15,0.15,6,5,0,1,0,4,4,3,0
8,65.55,0.05,1,0,0,0,3,1,4,1,1
6,35.1,0.1,5,6,0,0,2,1,1,0,1
6,12.25,0.05,11,3,0,0,4,0,3,1,0
4,122.55,0.05,4,1,0,0,1,4,2,0,1
1,14.9,0.0,3,4,0,1,3,4,2,0,1
2,179.1,0.1,6,3,0,0,1,1,3,3,1
1,17.95,0.05,12,0,0,0,3,1,3,1,1
6,24.9,0.0,3,6,0,0,3,3,2,0,1
7,2299.0,0.0,11,3,0,0,0,1,2,1,0
2,56.05,0.05,7,2,0,0,2,4,0,3,1
6,29.0,0.0,2,2,0,0,2,5,2,1,1
6,399.0,0.0,3,1,0,0,1,0,3,0,1
5,126.65,0.15,3,2,0,0,2,0,4,0,1
7,65.55,0.05,11,2,0,0,2,5,3,1,1
1,15.12,0.2,10,3,0,0,3,1,3,2,1
1,2499.0,0.0,12,1,0,0,0,2,2,1,0
2,4.72,0.2,3,3,0,0,4,3,2,0,0
4,8.9,0.0,10,2,0,0,4,3,0,2,0
4,899.0,0.0,4,6,0,0,0,5,3,0,0
6,3199.2,0.2,5,4,0,1,0,1,3,0,0
8,21.16,0.15,3,1,0,0,3,3,0,0,1
3,50.15,0.15,1,3,0,0,2,2,3,1,1
3,22.41,0.1,9,4,0,1,3,0,4,2,1
2,33.15,0.15,4,3,0,0,3,1,4,0,1
8,47.61,0.1,3,0,0,0,4,4,1,0,0
2,7.12,0.2,4,0,0,0,4,4,4,0,0
7,14.15,0.05,3,0,0,0,3,5,3,0,1
7,23.2,0.2,3,1,0,0,2,1,3,0,1
2,5.9,0.0,7,6,0,0,4,5,3,3,0
6,2799.0,0.0,8,4,0,1,0,3,1,3,0
1,8.91,0.1,7,0,0,0,4,5,2,3,0
4,47.84,0.0,10,2,1,0,3,3,2,2,1
6,877.8,0.0,9,0,1,0,2,1,2,2,1
3,1299.0,0.0,8,1,0,0,0,3,0,3,0
2,75.65,0.15,5,6,0,0,1,5,4,0,1
8,46.55,0.05,3,4,0,1,3,4,1,0,1
8,379.05,0.05,1,4,0,1,2,2,0,1,1
4,84.15,0.15,11,4,0,1,2,3,0,1,1
1,179.1,0.1,9,5,0,1,1,1,4,2,1
7,239.2,0.2,2,1,0,0,0,2,0,1,0
3,134.1,0.1,10,1,0,0,2,5,3,2,0
7,10.32,0.2,9,3,0,0,2,5,3,2,0
2,24.9,0.0,2,2,0,0,3,4,1,1,1
4,399.0,0.0,1,3,0,0,2,5,2,1,0
5,399.0,0.0,11,2,0,0,2,4,4,1,1
3,7.5,0.0,9,3,0,0,4,1,0,2,0
4,6.21,0.1,4,1,0,0,4,2,0,0,0
5,101.15,0.15,11,4,0,1,1,0,2,1,1
8,359.1,0.1,12,0,0,0,1,3,0,1,1
8,1150.72,0.2,10,2,1,0,0,2,0,2,0
7,84.55,0.05,7,1,0,0,2,5,4,3,1
1,25.41,0.15,3,0,0,0,3,2,3,0,1
3,399.0,0.0,2,4,0,1,2,4,2,1,1
4,49.0,0.0,7,1,0,0,3,5,1,3,1
2,18.9,0.0,10,1,0,0,3,5,3,2,1
2,299.0,0.0,6,5,0,1,0,0,4,3,0
6,1999.2,0.2,3,3,0,0,0,0,2,0,0
3,719.2,0.2,7,4,0,1,0,4,3,3,0
3,71.2,0.2,11,1,0,0,1,3,4,1,1
2,31.2,0.2,1,3,0,0,1,2,4,1,1
1,134.1,0.1,9,3,0,0,1,5,2,2,1
5,17.95,0.05,5,0,0,0,3,4,3,0,0
4,798.0,0.0,3,6,1,0,2,0,0,0,1
5,149.0,0.0,1,0,0,0,0,0,2,1,0
8,94.05,0.05,3,6,0,0,1,0,4,0,1
2,12.66,0.15,12,1,0,0,3,3,0,1,1
5,19.92,0.2,2,0,0,0,3,2,3,1,1
5,1349.1,0.1,10,1,0,0,0,2,2,2,0
5,29.9,0.0,5,3,0,0,3,4,1,0,1
6,12.66,0.15,2,6,0,0,3,0,4,1,1
8,6.9,0.0,3,2,0,0,4,3,0,0,0
6,279.0,0.0,8,2,0,0,1,4,2,3,1
2,75.65,0.15,9,2,0,0,1,4,4,2,1
5,399.0,0.0,11,3,0,0,2,4,4,1,1
6,2519.1,0.1,1,5,0,1,0,5,0,1,0
3,39.0,0.0,9,3,0,0,2,3,1,2,1
1,84.55,0.05,2,3,0,0,2,1,3,1,0
1,122.55,0.05,10,1,0,0,2,5,4,2,1
1,44.1,0.1,5,2,0,0,2,0,2,0,1
2,56.05,0.05,3,6,0,0,2,4,3,0,0
2,14.9,0.0,3,6,0,0,4,2,2,0,0
6,84.55,0.05,2,0,0,0,0,1,0,1,0
5,69.0,0.0,11,0,0,0,1,1,2,1,1
6,75.65,0.15,7,0,0,0,0,4,3,3,0
4,2499.0,0.0,4,1,0,0,0,1,2,0,0
7,29.0,0.0,5,3,0,0,2,1,2,0,1
5,14.15,0.05,4,1,0,0,3,4,3,0,1
2,84.55,0.05,3,3,0,0,1,5,3,0,1
7,6.32,0.2,2,2,0,0,4,4,3,1,0
7,19.9,0.0,5,6,0,0,3,5,4,0,1
2,39.2,0.2,6,0,0,0,2,3,0,3,0
8,9.9,0.0,1,1,0,0,4,3,1,1,0
2,41.8,0.05,10,2,0,0,3,0,2,2,1
6,5.9,0.0,5,2,0,0,4,1,3,0,0
5,41.65,0.15,8,2,0,0,3,2,3,3,1
8,6.21,0.1,8,4,0,1,4,4,2,3,0
8,149.0,0.0,10,1,0,0,2,3,2,2,1
7,69.0,0.0,11,1,0,0,1,4,0,1,1
2,149.0,0.0,4,3,0,0,2,4,4,0,0
6,3.6,0.2,11,4,0,1,4,0,3,1,0
1,19.92,0.2,4,0,0,0,3,2,4,0,1
1,62.1,0.1,1,1,0,0,3,0,2,1,1
5,2379.15,0.15,10,0,0,0,0,0,2,2,0
4,23.2,0.2,4,2,0,0,2,0,2,0,1
4,75.65,0.15,11,4,0,1,3,1,1,1,1
4,52.91,0.15,4,3,1,0,4,1,2,0,0
3,13.41,0.1,11,6,0,0,3,3,1,1,1
6,39.0,0.0,12,4,0,1,2,5,0,1,1
1,149.0,0.0,6,2,0,0,2,2,3,3,1
1,6.9,0.0,11,0,0,0,4,2,4,1,0
7,71.2,0.2,3,3,0,0,2,5,1,0,1
6,39.0,0.0,5,0,0,0,2,4,1,0,1
6,29.9,0.0,10,6,0,0,3,1,4,2,1
4,14.9,0.0,6,4,0,1,3,4,2,3,1
2,44.1,0.1,2,0,0,0,3,3,3,1,1
3,99.0,0.0,8,3,0,0,2,0,4,3,0
2,71.2,0.2,10,4,0,1,0,4,3,2,0
8,10.32,0.2,4,6,0,0,4,0,0,0,0
5,6.21,0.1,8,4,0,1,4,0,2,3,0
6,6.9,0.0,2,3,0,0,4,2,2,1,0
4,7.5,0.0,7,0,0,0,4,4,3,3,0
8,426.08,0.05,10,0,1,0,0,1,4,2,0
1,31.2,0.2,12,2,0,0,1,0,2,1,1
7,38.9,0.0,3,3,0,0,4,3,3,0,0
8,58.65,0.15,4,1,0,0,3,0,0,0,1
1,49.0,0.0,1,0,0,0,2,4,0,1,0
6,39.0,0.0,12,3,0,0,3,1,2,1,1
2,12.9,0.0,2,4,0,1,4,4,2,1,0
6,299.0,0.0,12,3,0,0,0,3,2,1,0
8,149.0,0.0,1,6,0,0,2,2,2,1,0
2,119.0,0.0,11,1,0,0,1,2,0,1,1
8,7.9,0.0,5,2,0,0,4,4,2,0,0
3,99.0,0.0,7,6,0,0,2,4,2,3,1
7,11.61,0.1,10,0,0,0,4,5,4,2,0
1,149.0,0.0,9,4,0,1,1,0,3,2,1
3,149.0,0.0,12,4,0,1,2,2,2,1,0
3,39.0,0.0,11,4,0,1,3,0,0,1,1
8,79.0,0.0,4,5,0,1,1,3,0,0,1
3,116.1,0.1,2,6,0,0,2,0,1,1,1
8,89.0,0.0,3,0,0,0,2,1,0,0,1
4,39.0,0.0,2,6,0,0,3,1,2,1,1
6,149.0,0.0,12,1,0,0,0,1,0,1,0
8,2659.05,0.05,8,6,0,0,0,3,4,3,0
1,75.65,0.15,2,3,0,0,3,3,2,1,1
6,59.0,0.0,7,2,0,0,2,4,1,3,1
4,89.0,0.0,3,0,0,0,2,4,3,0,1
7,559.2,0.2,3,1,0,0,0,4,0,0,0
3,2799.0,0.0,3,4,0,1,0,2,2,0,0
8,149.0,0.0,1,3,0,0,2,3,2,1,1
5,5.9,0.0,3,3,0,0,4,2,2,0,0
8,8.9,0.0,10,6,0,0,4,4,0,2,0
4,52.9,0.0,3,3,0,0,4,5,4,0,0
4,19.92,0.2,3,1,0,0,3,5,1,0,1
1,44.0,0.0,6,0,0,0,3,1,2,3,1
7,49.0,0.0,12,3,0,0,2,0,4,1,1
6,149.0,0.0,11,3,0,0,1,1,3,1,1
6,19.9,0.0,8,4,0,1,3,0,3,3,1
3,122.55,0.05,6,6,0,0,1,3,4,3,1
3,5.52,0.2,10,1,0,0,4,5,1,2,0
5,39.0,0.0,1,6,0,0,2,1,2,1,0
1,10.71,0.1,1,3,0,0,4,4,0,1,0
8,14.9,0.0,12,4,0,1,3,4,2,1,1
4,10.96,0.15,8,6,0,0,4,1,2,3,0
5,3999.0,0.0,10,4,0,1,0,2,3,2,0
4,41.8,0.05,8,3,0,0,3,4,3,3,1
6,11.9,0.0,10,4,0,1,4,4,0,2,0
8,1451.88,0.15,3,3,1,0,0,0,0,0,0
6,26.1,0.1,6,0,0,0,2,5,2,3,0
7,39.2,0.2,10,3,0,0,1,0,3,2,1
1,33.15,0.15,5,3,0,0,3,1,1,0,1
2,14.9,0.0,5,2,0,0,3,0,0,0,1
8,46.55,0.05,10,6,0,0,3,4,0,2,1
6,84.55,0.05,8,1,0,0,2,5,3,3,1
2,119.0,0.0,6,4,0,1,1,1,2,3,1
7,19.92,0.2,10,1,0,0,3,3,4,2,1
1,24.9,0.0,2,1,0,0,4,5,4,1,0
8,85.8,0.0,9,3,1,0,3,1,2,2,1
2,89.0,0.0,6,6,0,0,2,4,0,3,1
7,149.0,0.0,4,3,0,0,1,1,2,0,1
8,6.55,0.05,2,1,0,0,4,5,0,1,0
2,80.1,0.1,5,6,0,0,2,4,1,0,0
4,7.9,0.0,6,1,0,0,4,1,3,3,0
4,14.9,0.0,10,0,0,0,4,5,0,2,0
3,69.0,0.0,11,1,0,0,3,3,3,1,1
1,149.0,0.0,3,1,0,0,1,4,0,0,1
3,2239.2,0.2,4,4,0,1,0,3,0,0,0
7,3199.2,0.2,7,4,0,1,0,0,4,3,0
4,44.0,0.0,7,5,0,1,3,5,0,3,1
4,119.0,0.0,2,3,0,0,1,3,0,1,1
8,899.0,0.0,8,6,0,0,0,5,2,3,0
1,14.9,0.0,10,6,0,0,4,3,2,2,0
8,39.0,0.0,7,0,0,0,2,5,0,3,1
7,26.91,0.1,2,1,0,0,3,4,0,1,1
5,71.1,0.1,8,0,0,0,1,5,2,3,1
5,2379.15,0.15,1,1,0,0,0,0,0,1,0
5,49.0,0.0,12,1,0,0,1,2,0,1,1
1,39.0,0.0,12,3,0,0,2,4,2,1,1
3,379.05,0.05,4,4,0,1,2,0,1,0,1
6,119.0,0.0,1,6,0,0,1,1,0,1,1
3,29.0,0.0,3,6,0,0,2,0,1,0,0
4,2379.15,0.15,1,6,0,0,0,2,4,1,0
5,149.0,0.0,7,4,0,1,2,4,2,3,1
6,2799.0,0.0,12,6,0,0,0,4,2,1,0
7,269.1,0.1,6,1,0,0,0,0,3,3,0
6,2399.2,0.2,11,5,0,1,0,1,0,1,0
5,7.12,0.05,3,3,0,0,4,2,0,0,0
8,21.16,0.15,8,0,0,0,4,0,2,3,0
2,2399.2,0.2,10,2,0,0,0,3,0,2,0
1,12.66,0.15,11,4,0,1,4,5,0,1,0
4,149.0,0.0,11,4,0,1,1,1,2,1,1
3,99.0,0.0,9,6,0,0,1,4,1,2,1
4,122.55,0.05,10,3,0,0,2,1,0,2,0
6,80.1,0.1,2,1,0,0,1,2,1,1,1
8,80.1,0.1,2,3,0,0,1,2,0,1,1
5,8.9,0.0,10,4,0,1,4,1,4,2,0
7,2374.05,0.05,10,6,0,0,0,3,0,2,0
3,62.1,0.1,10,1,0,0,1,0,2,2,1
7,37.05,0.05,3,6,0,0,3,2,2,0,1
2,6.9,0.0,9,2,0,0,4,2,2,2,0
5,80.1,0.1,6,4,0,1,2,5,0,3,0
2,49.0,0.0,8,4,0,1,1,5,3,3,1
5,27.55,0.05,6,6,0,0,2,5,4,3,1
8,89.0,0.0,1,5,0,1,1,0,1,1,1
3,95.2,0.2,2,2,0,0,1,4,3,1,1
6,19.9,0.0,3,6,0,0,3,3,2,0,1
4,1999.2,0.2,11,4,0,1,0,2,0,1,0
6,11.61,0.1,4,0,0,0,2,3,3,0,0
3,399.0,0.0,5,4,0,1,1,0,3,0,1
7,378.1,0.05,3,4,1,1,1,3,2,0,1
3,149.0,0.0,2,1,0,0,0,1,3,1,0
4,23.65,0.05,12,6,0,0,4,2,4,1,0
4,89.0,0.0,3,0,0,0,0,3,0,0,0
5,39.2,0.2,6,1,0,0,3,0,0,3,1
1,56.05,0.05,6,3,0,0,2,2,4,3,1
5,6.9,0.0,5,1,0,0,4,5,3,0,0
8,1104.15,0.15,8,1,0,0,0,2,0,3,0
8,38.9,0.0,8,2,0,0,4,5,0,3,0
5,8.42,0.15,7,1,0,0,4,2,2,3,0
5,12.9,0.0,12,0,0,0,4,3,0,1,0
6,1999.2,0.2,8,3,0,0,0,5,1,3,0
2,2799.0,0.0,10,2,0,0,0,1,3,2,0
1,18.9,0.0,7,3,0,0,3,5,2,3,1
6,6.9,0.0,1,1,0,0,4,0,2,1,0
6,59.0,0.0,7,4,0,1,2,4,4,3,0
8,39.2,0.2,11,3,0,0,3,5,2,1,1
8,44.1,0.1,4,1,0,0,0,1,2,0,0
5,199.0,0.0,2,0,0,0,1,3,2,1,1
5,119.2,0.2,12,1,0,0,1,4,2,1,1
2,26.1,0.1,12,4,0,1,2,0,3,1,0
2,99.0,0.0,5,1,0,0,1,2,2,0,1
4,79.2,0.2,5,2,0,0,2,2,2,0,0
3,399.0,0.0,10,6,0,0,2,1,2,2,1
2,89.0,0.0,11,3,0,0,1,0,2,1,1
6,37.05,0.05,5,4,0,1,3,2,4,0,1
6,19.9,0.0,7,5,0,1,3,4,1,3,0
5,5.61,0.05,10,0,0,0,4,5,3,2,0
4,11.92,0.2,8,1,0,0,3,0,2,3,1
1,279.0,0.0,11,4,0,1,1,1,4,1,1
7,14.15,0.05,6,6,0,0,3,0,0,3,1
3,129.0,0.0,6,2,0,0,1,2,3,3,1
1,89.0,0.0,7,3,0,0,0,3,0,3,0
7,58.65,0.15,3,0,0,0,3,5,4,0,1
6,58.65,0.15,2,0,0,0,2,2,2,1,1
4,103.2,0.2,6,6,0,0,1,1,4,3,1
4,84.55,0.05,3,4,0,1,2,4,3,0,0
1,46.55,0.05,6,6,0,0,3,5,3,3,1
7,2799.0,0.0,8,0,0,0,0,5,1,3,0
4,169.15,0.15,9,1,0,0,1,0,1,2,1
2,129.0,0.0,2,3,0,0,2,4,0,1,1
1,2999.0,0.0,10,3,0,0,0,1,0,2,0
3,1299.0,0.0,1,1,0,0,0,5,2,1,0
4,27.55,0.05,9,0,0,0,2,2,0,2,1
8,75.65,0.15,7,4,0,1,3,1,4,3,1
2,89.0,0.0,8,3,0,0,1,1,0,3,1
3,89.0,0.0,9,4,0,1,3,1,3,2,1
5,69.0,0.0,5,4,0,1,2,4,2,0,0
6,12.9,0.0,8,3,0,0,4,3,4,3,0
4,17.01,0.1,8,6,0,0,3,3,0,3,1
7,1104.15,0.15,11,1,0,0,0,4,3,1,0
4,49.0,0.0,10,0,0,0,3,4,3,2,1
4,12.9,0.0,5,3,0,0,4,5,3,0,0
4,339.15,0.15,2,3,0,0,2,4,4,1,1
7,52.9,0.0,4,0,0,0,4,3,2,0,0
6,62.1,0.1,8,0,0,0,2,3,4,3,1
5,10.96,0.15,8,1,0,0,4,5,3,3,0
2,2549.15,0.15,11,6,0,0,0,2,0,1,0
4,12.66,0.15,10,1,0,0,3,2,0,2,1
8,18.9,0.0,3,0,0,0,3,2,0,0,0
8,2069.1,0.1,4,6,0,0,0,1,2,0,0
5,5.9,0.0,5,0,0,0,4,5,0,0,0
5,899.0,0.0,1,3,0,0,0,2,3,1,0
5,89.0,0.0,11,6,0,0,1,0,2,1,1
4,134.1,0.1,6,4,0,1,2,1,3,3,1
2,8797.8,0.0,9,6,1,0,0,1,3,2,0
5,16.06,0.15,6,1,0,0,3,5,4,3,1
3,29.0,0.0,5,6,0,0,2,2,0,0,1
3,10.32,0.2,9,3,0,0,4,5,4,2,0
1,140.12,0.05,4,1,1,0,2,2,1,0,1
7,39.2,0.2,8,3,0,0,3,5,2,3,1
8,339.15,0.15,4,0,0,0,2,1,2,0,1
3,2239.2,0.2,1,2,0,0,0,0,3,1,0
1,89.1,0.1,6,3,0,0,1,5,2,3,1
7,2999.0,0.0,11,4,0,1,0,2,1,1,0
6,89.0,0.0,7,0,0,0,2,0,2,3,1
5,17.01,0.1,10,2,0,0,3,4,4,2,1
1,279.0,0.0,5,4,0,1,1,3,2,0,1
2,14.15,0.05,3,2,0,0,3,3,3,0,1
8,2799.0,0.0,1,6,0,0,0,3,4,1,0
8,29.0,0.0,2,0,0,0,2,2,4,1,1
4,84.15,0.15,12,3,0,0,1,3,4,1,1
2,8.9,0.0,1,6,0,0,4,2,1,1,0
6,2699.1,0.1,9,1,0,0,0,5,2,2,0
8,7.9,0.0,10,3,0,0,4,3,2,2,0
4,69.0,0.0,6,6,0,0,2,3,0,3,1
2,199.0,0.0,11,1,0,0,1,5,1,1,1
2,635.38,0.15,4,3,1,0,0,3,1,0,0
6,46.55,0.05,10,6,0,0,1,4,3,2,1
4,149.0,0.0,8,3,0,0,1,0,0,3,1
6,1349.1,0.1,7,2,0,0,0,5,4,3,0
4,69.0,0.0,6,3,0,0,1,5,3,3,1
6,71.2,0.2,1,4,0,1,0,0,4,1,0
2,13.41,0.1,3,3,0,0,3,1,0,0,1
4,59.0,0.0,5,2,0,0,2,4,0,0,1
6,49.0,0.0,12,1,0,0,0,2,4,1,0
3,247.5,0.0,4,4,1,1,1,2,0,0,1
5,119.2,0.2,12,1,0,0,0,3,2,1,0
6,49.0,0.0,10,5,0,1,3,1,0,2,1
2,179.1,0.1,3,5,0,1,1,1,0,0,1
7,14.9,0.0,1,6,0,0,3,3,0,1,1
8,35.1,0.1,12,4,0,1,1,5,2,1,1
8,79.2,0.2,11,6,0,0,1,4,4,1,1
4,6.32,0.2,5,6,0,0,4,5,0,0,0
7,149.0,0.0,8,5,0,1,1,4,3,3,1
4,185.76,0.2,12,6,1,0,1,3,2,1,1
6,2799.0,0.0,8,3,0,0,0,3,4,3,0
1,699.0,0.0,2,4,0,1,0,4,2,1,0
6,1039.2,0.2,10,0,0,0,0,2,1,2,0
1,39.0,0.0,6,1,0,0,1,4,3,3,1
8,39.0,0.0,10,1,0,0,1,0,3,2,1
6,327.8,0.0,9,3,1,0,1,2,0,2,1
5,134.1,0.1,11,3,0,0,1,0,0,1,1
7,25.41,0.15,10,3,0,0,3,2,4,2,0
3,189.05,0.05,4,5,0,1,1,3,0,0,1
3,149.0,0.0,5,3,0,0,0,1,3,0,0
5,319.2,0.2,12,6,0,0,1,5,1,1,1
5,2999.0,0.0,12,4,0,1,0,1,4,1,0
3,12.66,0.15,5,6,0,0,3,3,3,0,1
4,67.15,0.15,3,3,0,0,1,0,3,0,1
1,99.0,0.0,10,5,0,1,1,5,2,2,1
4,7.11,0.1,2,4,0,1,4,2,2,1,0
6,199.0,0.0,7,1,0,0,1,5,2,3,1
4,2799.0,0.0,8,4,0,1,0,0,3,3,0
5,71.2,0.2,8,6,0,0,1,5,2,3,1
4,6.21,0.1,9,5,0,1,4,3,4,2,0
2,14.9,0.0,10,1,0,0,3,1,3,2,1
1,14.15,0.05,7,3,0,0,3,5,0,3,1
4,52.9,0.0,10,4,0,1,4,0,4,2,0
7,19.9,0.0,12,0,0,0,3,4,2,1,1
4,2399.2,0.2,6,4,0,1,0,5,2,3,0
5,99.0,0.0,11,0,0,0,2,4,0,1,1
6,134.1,0.1,8,2,0,0,2,4,2,3,1
4,16.06,0.15,1,3,0,0,3,3,2,1,1
6,21.16,0.15,5,1,0,0,3,5,2,0,1
2,24.9,0.0,7,3,0,0,4,2,0,3,0
4,46.55,0.05,4,4,0,1,3,2,0,0,1
5,8.42,0.15,6,4,0,1,4,2,4,3,0
4,19.92,0.2,7,4,0,1,3,5,3,3,1
5,56.05,0.05,10,6,0,0,2,5,2,2,1
4,95.2,0.2,7,3,0,0,1,4,2,3,1
6,719.2,0.2,5,0,0,0,0,5,3,0,0
2,11.92,0.2,3,0,0,0,3,3,2,0,1
8,12.42,0.0,12,0,1,0,4,0,3,1,0
6,75.65,0.15,1,6,0,0,2,0,3,1,1
3,5.52,0.2,8,3,0,0,4,3,0,3,0
3,29.0,0.0,7,0,0,0,2,3,2,3,1
4,5224.05,0.05,2,6,0,0,0,0,3,1,0
2,89.0,0.0,8,0,0,0,1,4,4,3,1
1,2379.15,0.15,7,2,0,0,0,0,2,3,0
5,69.0,0.0,4,4,0,1,3,3,3,0,1
3,3799.05,0.05,3,3,0,0,0,4,2,0,0
4,46.55,0.05,10,1,0,0,1,0,2,2,1
4,69.0,0.0,10,0,0,0,2,5,2,2,1
1,110.25,0.1,4,1,1,0,3,2,2,0,1
7,49.0,0.0,3,4,0,1,3,1,0,0,1
6,103.2,0.2,8,5,0,1,1,4,3,3,1
7,79.0,0.0,3,4,0,1,1,5,2,0,1
8,49.0,0.0,6,3,0,0,3,2,3,3,1
7,6.55,0.05,7,6,0,0,4,0,2,3,0
8,1274.15,0.15,6,1,0,0,0,4,2,3,0
8,50.25,0.05,7,5,0,1,4,3,3,3,0
8,126.65,0.15,1,6,0,0,1,3,2,1,1
7,24.9,0.0,3,0,0,0,3,0,3,0,1
7,109.65,0.15,7,2,0,0,1,4,1,3,1
2,141.55,0.05,12,6,0,0,0,4,2,1,0
3,399.0,0.0,10,0,0,0,1,4,3,2,1
7,24.9,0.0,8,3,0,0,3,0,3,3,1
2,299.0,0.0,12,4,0,1,0,0,3,1,0
5,70.2,0.0,12,0,1,0,3,1,4,1,0
5,4.27,0.05,4,1,0,0,4,3,3,0,0
4,71.2,0.2,6,0,0,0,3,1,3,3,1
3,10.12,0.15,3,2,0,0,4,1,0,0,0
7,80.1,0.1,3,4,0,1,3,0,3,0,1
4,35.1,0.1,5,4,0,1,2,1,0,0,0
4,84.55,0.05,2,3,0,0,1,4,1,1,1
5,79.0,0.0,1,0,0,0,1,0,2,1,1
1,89.0,0.0,7,2,0,0,0,1,2,3,0
3,149.0,0.0,5,0,0,0,0,3,3,0,0
7,399.0,0.0,8,6,0,0,2,5,3,3,0
1,39.0,0.0,4,6,0,0,2,5,0,0,0
7,854.05,0.05,2,2,0,0,0,4,2,1,0
6,179.1,0.1,6,0,0,0,1,0,0,3,1
8,1839.2,0.2,6,2,0,0,0,0,1,3,0
3,69.0,0.0,4,0,0,0,3,4,2,0,0
7,17.01,0.1,12,3,0,0,3,5,2,1,1
6,141.55,0.05,6,3,0,0,1,0,3,3,1
5,399.0,0.0,6,5,0,1,2,4,2,3,1
3,119.0,0.0,7,2,0,0,1,1,2,3,1
8,41.65,0.15,3,2,0,0,0,3,0,0,0
2,8.42,0.15,5,1,0,0,4,0,4,0,0
2,6.71,0.15,5,2,0,0,4,2,1,0,0
8,116.38,0.05,4,1,1,0,2,5,2,0,1
1,2549.15,0.15,2,5,0,1,0,5,2,1,0
3,89.0,0.0,5,3,0,0,0,4,2,0,0
5,1499.0,0.0,12,1,0,0,0,4,1,1,0
2,129.0,0.0,12,0,0,0,2,3,2,1,1
5,39.0,0.0,2,3,0,0,1,3,2,1,1
5,49.0,0.0,6,0,0,0,3,4,4,3,1
7,199.0,0.0,11,2,0,0,1,1,1,1,1
5,39.2,0.2,5,2,0,0,3,2,0,0,1
8,2799.0,0.0,10,2,0,0,0,2,2,2,0
4,2239.2,0.2,10,2,0,0,0,5,2,2,0
6,134.1,0.1,1,4,0,1,1,5,1,1,1
2,13.41,0.1,8,3,0,0,3,5,3,3,1
5,11.61,0.1,9,2,0,0,4,0,2,2,0
7,8.9,0.0,5,6,0,0,4,5,3,0,0
6,39.6,0.1,4,3,0,0,3,0,4,0,1
8,7.12,0.2,2,1,0,0,4,2,2,1,0
8,129.0,0.0,9,2,0,0,1,5,3,2,1
5,29.9,0.0,6,6,0,0,3,1,0,3,1
4,11.61,0.1,4,3,0,0,2,2,2,0,0
4,199.0,0.0,1,4,0,1,1,5,4,1,1
5,14.9,0.0,5,6,0,0,3,1,0,0,1
1,2999.0,0.0,1,0,0,0,0,3,4,1,0
4,129.0,0.0,3,6,0,0,2,2,1,0,0
4,24.9,0.0,6,4,0,1,3,0,3,3,1
5,50.25,0.05,12,4,0,1,4,5,4,1,0
5,39.0,0.0,9,0,0,0,1,4,2,2,1
2,7.9,0.0,11,1,0,0,4,0,4,1,0
8,11.61,0.1,7,4,0,1,4,4,2,3,0
5,99.0,0.0,8,2,0,0,2,1,0,3,1
6,3799.05,0.05,4,3,0,0,0,1,1,0,0
4,399.0,0.0,12,0,0,0,2,5,2,1,1
2,149.0,0.0,4,0,0,0,2,2,1,0,0
6,7.9,0.0,1,6,0,0,4,4,1,1,0
3,69.0,0.0,9,1,0,0,3,2,2,2,1
6,19.92,0.2,2,1,0,0,4,0,4,1,0
8,39.0,0.0,3,6,0,0,3,1,2,0,1
8,129.0,0.0,9,0,0,0,2,5,2,2,1
2,44.1,0.1,7,6,0,0,0,5,1,3,0
6,149.0,0.0,6,6,0,0,0,1,0,3,0
1,2379.15,0.15,2,6,0,0,0,2,3,1,0
5,116.1,0.1,11,6,0,0,2,2,3,1,0
1,141.55,0.05,6,5,0,1,2,3,0,3,0
1,3399.15,0.15,12,4,0,1,0,3,4,1,0
7,79.2,0.2,11,4,0,1,2,5,2,1,1
8,11.92,0.2,3,0,0,0,3,1,3,0,0
3,5.87,0.15,8,2,0,0,4,3,2,3,0
8,80.1,0.1,3,6,0,0,1,1,3,0,1
6,5.9,0.0,1,2,0,0,4,3,2,1,0
1,14.9,0.0,11,1,0,0,3,3,4,1,1
5,26.1,0.1,5,0,0,0,2,2,3,0,0
1,1169.1,0.1,1,0,0,0,0,5,1,1,0
1,1499.0,0.0,4,6,0,0,0,1,1,0,0
1,11.61,0.1,1,6,0,0,2,0,0,1,1
3,134.1,0.1,10,6,0,0,1,5,4,2,1
1,39.0,0.0,3,1,0,0,2,4,2,0,1
4,66.15,0.1,10,6,1,0,3,0,3,2,1
2,1039.2,0.2,9,4,0,1,0,1,2,2,0
7,38.9,0.0,11,4,0,1,4,3,0,1,0
2,3999.0,0.0,9,6,0,0,0,4,2,2,0
6,49.0,0.0,10,0,0,0,1,1,2,2,1
2,141.55,0.05,10,2,0,0,2,3,0,2,0
8,141.55,0.05,12,6,0,0,2,5,2,1,0
5,25.41,0.15,9,6,0,0,3,5,2,2,1
1,2799.0,0.0,3,6,0,0,0,0,2,0,0
5,1328.1,0.0,3,2,1,0,0,1,2,0,0
6,6.55,0.05,2,4,0,1,4,4,2,1,0
5,2799.0,0.0,2,5,0,1,0,3,0,1,0
1,8.9,0.0,1,2,0,0,4,5,4,1,0
7,41.8,0.05,5,4,0,1,3,4,2,0,1
4,141.55,0.05,7,3,0,0,2,3,3,3,1
2,5.61,0.05,5,3,0,0,4,4,2,0,0
1,1274.15,0.15,11,1,0,0,0,3,4,1,0
2,47.61,0.1,12,2,0,0,4,5,3,1,0
4,1169.1,0.1,8,0,0,0,0,5,4,3,0
2,89.0,0.0,9,4,0,1,2,0,2,2,0
3,39.0,0.0,3,1,0,0,1,4,2,0,1
7,39.2,0.2,10,0,0,0,0,3,0,2,0
3,12.9,0.0,9,6,0,0,2,1,0,2,0
3,7.5,0.0,12,6,0,0,4,4,3,1,0
5,5.61,0.05,1,1,0,0,4,0,4,1,0
5,49.0,0.0,2,4,0,1,3,0,1,1,1
3,46.55,0.05,2,4,0,1,2,3,4,1,1
5,18.9,0.0,6,0,0,0,3,0,4,3,1
1,299.0,0.0,12,3,0,0,0,5,0,1,0
8,1499.0,0.0,10,2,0,0,0,0,4,2,0
5,38.9,0.0,9,2,0,0,4,3,0,2,0
3,141.55,0.05,8,1,0,0,2,1,2,3,1
5,52.9,0.0,5,2,0,0,4,0,4,0,0
5,7.5,0.05,2,3,0,0,4,1,4,1,0
4,134.1,0.1,3,5,0,1,1,5,0,0,1
8,2184.05,0.05,9,2,0,0,0,2,0,2,0
3,997.5,0.0,4,2,1,0,2,0,3,0,1
8,84.15,0.15,12,0,0,0,1,2,3,1,1
7,89.0,0.0,4,2,0,0,0,5,0,0,0
5,41.65,0.15,11,2,0,0,3,1,2,1,1
2,199.0,0.0,10,3,0,0,1,2,2,2,1
7,37.05,0.05,7,0,0,0,1,5,0,3,1
5,39.6,0.1,1,4,0,1,3,3,2,1,1
2,854.05,0.05,5,4,0,1,0,0,2,0,0
7,89.0,0.0,12,2,0,0,3,0,4,1,1
2,52.9,0.0,5,0,0,0,4,4,4,0,0
5,46.55,0.05,9,2,0,0,2,5,3,2,1
3,49.0,0.0,9,1,0,0,2,5,2,2,0
8,2799.0,0.0,11,6,0,0,0,4,0,1,0
6,14.15,0.05,5,0,0,0,4,2,0,0,0
6,107.44,0.15,10,6,1,0,1,4,4,2,1
7,52.9,0.0,5,3,0,0,4,2,2,0,0
1,89.0,0.0,12,2,0,0,1,2,4,1,1
1,33.15,0.15,3,1,0,0,1,3,2,0,1
1,89.1,0.1,3,3,0,0,2,0,0,0,0
2,206.4,0.0,10,0,1,0,1,4,3,2,1
2,7.12,0.05,2,2,0,0,4,0,4,1,0
3,8.01,0.1,3,6,0,0,4,1,1,0,0
7,39.2,0.2,7,0,0,0,3,2,2,3,1
6,89.0,0.0,7,2,0,0,2,1,4,3,1
4,38.9,0.0,1,5,0,1,4,5,0,1,0
4,49.0,0.0,2,1,0,0,1,1,1,1,1
5,3399.15,0.15,8,1,0,0,0,3,0,3,0
7,18.9,0.05,10,1,0,0,3,0,1,2,1
2,265.05,0.05,5,4,0,1,1,3,2,0,1
8,179.1,0.1,1,4,0,1,1,0,3,1,1
2,65.55,0.05,10,0,0,0,2,0,4,2,0
1,379.05,0.05,2,1,0,0,1,5,4,1,1
8,12.66,0.15,8,1,0,0,4,2,4,3,0
7,3599.1,0.1,10,6,0,0,0,0,4,2,0
5,2239.2,0.2,9,6,0,0,0,3,1,2,0
5,149.0,0.0,2,3,0,0,1,0,0,1,1
1,109.65,0.15,5,4,0,1,1,3,3,0,1
6,189.05,0.05,3,2,0,0,1,2,4,0,1
2,232.2,0.0,12,1,1,0,2,1,1,1,0
7,14.9,0.0,8,6,0,0,3,4,0,3,1
8,14.9,0.0,7,0,0,0,3,1,1,3,1
7,39.0,0.0,7,4,0,1,2,2,1,3,1
6,14.9,0.0,10,6,0,0,4,2,2,2,0
8,55.2,0.2,6,4,0,1,2,2,2,3,1
4,119.2,0.2,12,2,0,0,2,5,2,1,0
3,7.9,0.0,8,3,0,0,4,3,4,3,0
7,359.1,0.1,3,6,0,0,2,5,3,0,0
4,1299.0,0.0,5,3,0,0,0,0,4,0,0
4,718.2,0.0,12,6,1,0,2,4,0,1,1
7,629.1,0.1,4,3,0,0,0,2,0,0,0
8,11.61,0.1,10,0,0,0,4,4,2,2,0
7,89.1,0.1,7,0,0,0,2,0,2,3,1
3,134.1,0.1,6,6,0,0,2,3,0,3,0
2,95.2,0.2,3,3,0,0,1,2,0,0,1
2,6.9,0.0,2,3,0,0,4,0,2,1,0
6,89.0,0.0,3,0,0,0,2,0,2,0,1
7,107.1,0.1,4,2,0,0,1,3,2,0,1
1,2999.0,0.0,11,6,0,0,0,4,3,1,0
8,44.0,0.0,2,2,0,0,3,3,4,1,0
1,3999.0,0.0,8,3,0,0,0,3,2,3,0
3,49.0,0.0,8,1,0,0,2,5,2,3,1
8,339.15,0.15,10,6,0,0,2,3,2,2,1
7,14.9,0.0,2,5,0,1,3,1,0,1,1
4,149.0,0.0,9,0,0,0,2,0,2,2,0
7,71.2,0.2,6,2,0,0,1,1,1,3,1
2,23.65,0.05,1,3,0,0,3,2,3,1,1
7,12.66,0.15,4,1,0,0,4,2,1,0,0
2,5.02,0.15,12,4,0,1,4,4,2,1,0
7,31.2,0.2,5,1,0,0,1,5,4,0,1
5,23.65,0.05,2,3,0,0,3,3,4,1,1
8,49.0,0.0,1,3,0,0,3,1,0,1,1
5,29.9,0.0,2,1,0,0,3,0,0,1,1
7,119.2,0.2,8,0,0,0,2,5,0,3,0
4,59.0,0.0,2,3,0,0,2,2,2,1,0
2,25.41,0.15,4,4,0,1,3,4,3,0,1
3,5.52,0.2,9,0,0,0,4,0,0,2,0
8,24.9,0.0,7,4,0,1,3,3,1,3,1
2,12.66,0.15,2,3,0,0,4,0,0,1,0
1,80.1,0.1,8,1,0,0,3,4,3,3,1
8,11.92,0.2,2,0,0,0,3,3,2,1,1
5,69.0,0.0,1,2,0,0,3,5,3,1,1
6,89.0,0.0,3,2,0,0,1,2,2,0,1
7,5.9,0.0,9,4,0,1,4,5,2,2,0
3,629.1,0.1,4,6,0,0,0,4,3,0,0
5,7.9,0.0,3,4,0,1,4,3,4,0,0
3,14.9,0.0,4,4,0,1,3,1,2,0,1
7,12.25,0.05,7,0,0,0,4,3,2,3,0
1,2699.1,0.1,6,5,0,1,0,1,3,3,0
2,62.1,0.1,10,1,0,0,1,0,4,2,1
4,14.9,0.0,12,6,0,0,3,3,1,1,1
6,379.05,0.05,6,3,0,0,2,5,0,3,1
1,6.21,0.1,5,3,0,0,4,3,0,0,0
1,6.21,0.1,3,6,0,0,4,0,3,0,0
5,1062.48,0.05,10,2,1,0,0,5,4,2,0
6,1424.05,0.05,2,0,0,0,0,3,2,1,0
6,26.1,0.1,5,0,0,0,2,4,0,0,1
3,5.52,0.2,1,2,0,0,4,0,1,1,0
1,75.65,0.15,9,6,0,0,3,1,4,2,1
8,18.9,0.0,6,2,0,0,3,0,0,3,1
2,2221.29,0.05,4,2,1,0,0,5,3,0,0
5,7.5,0.0,8,4,0,1,4,0,2,3,0
1,6.21,0.1,5,6,0,0,4,5,2,0,0
5,5.87,0.15,2,0,0,0,4,4,4,1,0
5,71.2,0.2,4,6,0,0,3,5,0,0,1
2,1274.15,0.15,5,1,0,0,0,3,0,0,0
2,49.0,0.0,11,4,0,1,3,4,3,1,1
7,44.1,0.1,3,4,0,1,0,4,2,0,0
8,3.6,0.2,2,2,0,0,4,2,0,1,0
8,122.55,0.05,7,6,0,0,1,0,3,3,1
2,699.0,0.0,8,0,0,0,0,3,3,3,0
8,6.38,0.15,12,6,0,0,4,3,1,1,0
6,39.0,0.0,6,0,0,0,1,2,2,3,1
2,35.82,0.0,12,6,1,0,3,1,1,1,1
2,2799.0,0.0,12,3,0,0,0,2,3,1,0
7,41.65,0.15,5,6,0,0,3,3,2,0,1
5,379.05,0.05,1,6,0,0,2,1,3,1,1
8,19.92,0.2,10,5,0,1,3,4,1,2,1
5,141.55,0.05,6,6,0,0,1,4,3,3,1
2,3.6,0.2,12,0,0,0,4,1,2,1,0
5,46.55,0.05,5,4,0,1,3,5,2,0,1
6,21.16,0.15,2,4,0,1,3,0,2,1,1
1,23.65,0.05,5,1,0,0,3,3,1,0,1
7,79.0,0.0,4,3,0,0,1,3,0,0,1
7,6.9,0.0,1,4,0,1,4,1,2,1,0
3,89.0,0.0,7,1,0,0,1,2,0,3,1
1,6.55,0.05,4,2,0,0,4,0,4,0,0
8,89.0,0.0,8,3,0,0,0,0,4,3,0
5,69.0,0.0,1,0,0,0,3,2,1,1,1
4,99.0,0.0,11,0,0,0,1,2,0,1,1
5,49.0,0.0,5,6,0,0,2,1,4,0,1
2,854.05,0.05,7,2,0,0,0,2,1,3,0
8,1839.2,0.2,10,6,0,0,0,2,3,2,0
8,103.2,0.2,11,6,0,0,1,5,0,1,1
8,23.92,0.2,9,0,0,0,3,2,3,2,1
7,49.0,0.0,8,1,0,0,3,0,0,3,0
5,89.0,0.0,12,4,0,1,0,1,1,1,0
5,41.65,0.15,2,1,0,0,2,0,2,1,0
7,179.1,0.1,1,1,0,0,1,3,0,1,1
4,2374.05,0.05,9,3,0,0,0,3,2,2,0
2,16.06,0.15,4,4,0,1,3,1,2,0,1
4,126.65,0.15,9,6,0,0,0,5,2,2,0
6,7.5,0.05,2,4,0,1,4,4,4,1,0
2,46.55,0.05,12,4,0,1,0,4,3,1,0
2,55.2,0.2,4,4,0,1,2,2,2,0,1
7,80.1,0.1,5,0,0,0,2,1,4,0,0
5,39.0,0.0,11,0,0,0,1,5,3,1,1
1,399.0,0.0,8,2,0,0,2,0,0,3,0
5,69.0,0.0,9,0,0,0,1,2,3,2,1
6,46.55,0.05,3,1,0,0,0,4,2,0,0
1,319.2,0.2,4,0,0,0,2,4,4,0,0
3,2799.0,0.0,1,3,0,0,0,3,2,1,0
2,149.0,0.0,8,1,0,0,0,2,4,3,0
2,13.41,0.1,2,5,0,1,4,5,1,1,0
8,11.92,0.2,2,6,0,0,3,1,1,1,1
4,399.0,0.0,5,3,0,0,1,5,0,0,1
8,27.55,0.05,3,0,0,0,2,3,3,0,1
7,71.2,0.2,11,3,0,0,1,3,3,1,1
8,399.0,0.0,11,1,0,0,1,3,3,1,1
1,8.9,0.0,5,2,0,0,4,5,2,0,0
5,50.15,0.15,7,1,0,0,2,0,2,3,1
2,6.21,0.1,12,2,0,0,4,4,1,1,0
6,6.9,0.0,8,0,0,0,4,5,2,3,0
7,199.0,0.0,10,3,0,0,1,1,0,2,1
8,2799.0,0.0,5,3,0,0,0,0,4,0,0
8,2379.15,0.15,6,6,0,0,0,1,0,3,0
6,699.0,0.0,1,1,0,0,0,3,2,1,0
5,2849.05,0.05,6,4,0,1,0,1,1,3,0
5,4.72,0.2,4,0,0,0,4,5,1,0,0
4,2799.0,0.0,1,0,0,0,0,5,3,1,0
6,35.1,0.1,7,3,0,0,1,5,1,3,1
7,149.0,0.0,9,4,0,1,1,5,2,2,1
6,279.0,0.0,6,6,0,0,1,2,2,3,1
8,49.0,0.0,7,2,0,0,2,3,3,3,1
1,5499.0,0.0,1,3,0,0,0,5,1,1,0
1,149.0,0.0,6,4,0,1,1,1,0,3,1
7,199.0,0.0,2,0,0,0,1,5,0,1,1
3,7.9,0.0,7,3,0,0,4,1,2,3,0
3,2999.0,0.0,9,4,0,1,0,3,2,2,0
8,16.91,0.15,6,3,0,0,3,2,0,3,1
4,37.05,0.05,11,3,0,0,1,4,3,1,1
8,399.0,0.0,11,2,0,0,2,5,2,1,0
6,29.0,0.0,8,1,0,0,2,2,2,3,1
4,55.2,0.2,1,0,0,0,1,4,4,1,1
6,29.9,0.0,10,6,0,0,3,1,1,2,1
4,89.1,0.1,8,3,0,0,2,4,2,3,1
5,1349.1,0.1,10,6,0,0,0,3,2,2,0
2,29.0,0.0,4,0,0,0,2,5,0,0,1
7,35.1,0.1,9,3,0,0,1,4,0,2,1
1,279.0,0.0,1,6,0,0,1,0,2,1,1
4,13.41,0.1,10,1,0,0,3,5,1,2,1
1,101.15,0.15,11,0,0,0,1,3,3,1,1
6,49.0,0.0,10,3,0,0,0,1,4,2,0
1,359.1,0.1,9,6,0,0,2,3,2,2,1
1,49.0,0.0,12,2,0,0,3,0,4,1,1
1,899.0,0.0,7,2,0,0,0,2,4,3,0
1,279.0,0.0,7,4,0,1,1,3,1,3,1
4,94.05,0.05,7,3,0,0,1,2,2,3,1
3,699.0,0.0,5,2,0,0,0,2,1,0,0
5,23.65,0.05,12,6,0,0,3,2,2,1,1
4,299.0,0.0,2,2,0,0,0,3,1,1,0
2,284.05,0.05,5,3,0,0,0,0,1,0,0
8,119.0,0.0,2,4,0,1,1,5,4,1,1
7,150.1,0.0,3,2,1,0,1,3,2,0,1
3,58.65,0.15,3,4,0,1,3,5,2,0,1
1,18.9,0.0,6,3,0,0,3,5,0,3,1
2,319.2,0.2,2,2,0,0,2,5,4,1,1
7,35.39,0.05,4,4,1,1,4,0,3,0,0
6,2799.0,0.0,9,0,0,0,0,4,4,2,0
8,7.9,0.0,3,1,0,0,4,2,2,0,0
1,12.9,0.0,8,3,0,0,4,1,3,3,0
5,854.05,0.05,9,6,0,0,0,2,2,2,0
4,39.2,0.2,5,3,0,0,0,3,3,0,0
6,15.12,0.2,9,1,0,0,3,3,2,2,1
7,14.9,0.0,4,4,0,1,3,3,0,0,1
3,2999.0,0.0,2,6,0,0,0,4,2,1,0
7,49.0,0.0,8,2,0,0,3,1,4,3,1
6,19.9,0.0,8,0,0,0,3,4,3,3,1
2,18.58,0.2,12,1,1,0,4,3,2,1,0
3,94.05,0.05,8,1,0,0,2,1,4,3,0
8,84.55,0.05,5,2,0,0,1,3,2,0,1
1,6.9,0.0,1,4,0,1,4,3,4,1,0
4,89.0,0.0,1,6,0,0,1,0,0,1,1
5,19.9,0.0,9,1,0,0,3,2,2,2,1
8,141.55,0.05,2,3,0,0,1,0,2,1,1
6,2659.05,0.05,5,1,0,0,0,3,2,0,0
5,2799.0,0.0,12,2,0,0,0,4,1,1,0
1,24.9,0.0,9,4,0,1,3,2,3,2,1
3,3799.05,0.05,3,5,0,1,0,3,2,0,0
6,10.96,0.15,8,6,0,0,2,5,1,3,1
5,49.0,0.0,1,0,0,0,3,0,0,1,1
5,14.9,0.0,7,0,0,0,3,1,2,3,1
3,2299.0,0.0,7,0,0,0,0,1,3,3,0
2,279.0,0.0,6,4,0,1,1,1,2,3,1
7,62.1,0.1,6,1,0,0,2,5,3,3,1
3,23.65,0.05,8,6,0,0,3,2,0,3,1
5,1299.0,0.0,4,4,0,1,0,2,0,0,0
8,39.0,0.0,9,2,0,0,1,1,1,2,1
4,31.2,0.2,3,3,0,0,3,5,2,0,1
6,109.65,0.15,11,0,0,0,1,1,2,1,1
4,69.0,0.0,11,2,0,0,1,5,3,1,1
5,122.55,0.05,9,1,0,0,2,3,4,2,1
2,49.0,0.0,6,0,0,0,3,3,3,3,1
3,33.06,0.15,7,3,0,0,4,5,2,3,0
6,13.41,0.1,6,2,0,0,3,1,4,3,1
7,2221.29,0.05,12,3,1,0,0,4,2,1,0
3,69.0,0.0,3,2,0,0,3,1,3,0,1
3,49.0,0.0,1,2,0,0,0,5,2,1,0
8,19.9,0.0,10,0,0,0,3,3,0,2,1
2,29.0,0.0,3,6,0,0,2,0,2,0,1
2,14.9,0.0,9,2,0,0,3,5,2,2,1
6,169.15,0.15,1,3,0,0,1,0,2,1,1
4,7.9,0.0,7,5,0,1,4,3,0,3,0
7,69.0,0.0,5,2,0,0,1,3,1,0,1
7,84.55,0.05,7,6,0,0,1,5,3,3,1
7,14.22,0.0,12,0,1,0,4,1,1,1,0
5,7.5,0.05,3,0,0,0,4,5,1,0,0
5,149.0,0.0,11,3,0,0,0,4,4,1,0
7,89.0,0.0,2,2,0,0,2,2,2,1,0
1,52.9,0.0,8,5,0,1,4,2,2,3,0
1,126.65,0.15,11,3,0,0,0,1,1,1,0
7,5.87,0.15,7,4,0,1,4,4,0,3,0
8,22.41,0.1,8,0,0,0,3,2,0,3,1
2,18.9,0.0,5,2,0,0,3,1,1,0,1
2,44.0,0.0,10,6,0,0,3,1,2,2,1
8,14.9,0.0,7,4,0,1,3,3,4,3,1
7,12.25,0.05,5,4,0,1,2,3,4,0,0
7,35.1,0.1,10,5,0,1,1,2,3,2,1
5,15.92,0.2,1,1,0,0,3,1,2,1,1
6,39.0,0.0,5,2,0,0,1,3,2,0,1
2,26.91,0.1,3,3,0,0,3,2,3,0,1
4,49.0,0.0,7,2,0,0,2,0,2,3,1
5,35.1,0.1,11,2,0,0,1,2,2,1,1
7,155.25,0.1,4,5,1,1,2,3,3,0,0
4,2399.2,0.2,10,2,0,0,0,5,2,2,0
7,80.1,0.1,8,5,0,1,3,0,0,3,1
8,49.0,0.0,12,2,0,0,0,5,3,1,0
2,16.91,0.15,4,0,0,0,3,0,2,0,0
4,89.1,0.1,10,2,0,0,1,1,2,2,1
4,62.1,0.1,6,6,0,0,3,2,0,3,1
5,12.9,0.0,8,3,0,0,2,3,4,3,1
3,2799.0,0.0,3,4,0,1,0,1,4,0,0
7,89.0,0.0,12,6,0,0,1,2,0,1,1
3,25.41,0.15,9,3,0,0,3,5,4,2,1
7,2659.05,0.05,6,6,0,0,0,0,2,3,0
8,24.9,0.0,1,3,0,0,4,2,2,1,0
5,89.0,0.0,2,3,0,0,1,0,2,1,1
7,62.1,0.1,5,3,0,0,3,1,3,0,1
1,14.9,0.0,10,2,0,0,3,3,3,2,1
8,25.41,0.15,5,3,0,0,3,4,3,0,0
8,6.71,0.15,6,2,0,0,4,2,4,3,0
3,50.15,0.15,3,1,0,0,2,3,2,0,1
8,62.1,0.1,12,6,0,0,3,2,4,1,1
2,28.38,0.0,9,3,1,0,2,2,2,2,0
5,89.0,0.0,12,6,0,0,1,1,4,1,1
2,69.0,0.0,6,1,0,0,3,4,2,3,1
3,84.15,0.15,3,3,0,0,1,0,1,0,1
1,71.2,0.2,11,2,0,0,1,1,4,1,1
1,24.9,0.0,11,2,0,0,3,5,2,1,0
4,99.0,0.0,7,1,0,0,2,5,2,3,1
3,37.05,0.05,11,2,0,0,1,3,0,1,1
6,39.6,0.1,1,3,0,0,3,2,0,1,1
5,141.55,0.05,7,0,0,0,1,0,3,3,1
3,2399.2,0.2,6,1,0,0,0,2,2,3,0
7,199.0,0.0,3,2,0,0,1,4,2,0,1
7,28.4,0.05,3,6,0,0,3,2,1,0,1
2,79.0,0.0,6,3,0,0,1,4,4,3,1
5,7.57,0.15,6,2,0,0,4,5,0,3,0
7,4.5,0.0,8,1,0,0,4,2,4,3,0
7,4.05,0.1,7,1,0,0,4,4,1,3,0
5,2659.05,0.05,11,2,0,0,0,1,1,1,0
4,2799.0,0.0,1,3,0,0,0,5,0,1,0
5,49.0,0.0,10,6,0,0,3,5,2,2,1
6,31.2,0.2,1,6,0,0,1,3,3,1,1
7,75.65,0.15,6,1,0,0,2,2,4,3,0
4,399.0,0.0,10,3,0,0,2,3,2,2,0
7,39.0,0.0,12,1,0,0,3,2,4,1,1
2,58.65,0.15,8,6,0,0,2,3,0,3,0
3,239.2,0.2,6,2,0,0,0,0,0,3,0
1,12.25,0.05,6,2,0,0,4,4,2,3,0
3,31.2,0.2,6,2,0,0,2,4,4,3,1
5,89.0,0.0,1,4,0,1,0,5,3,1,0
5,664.05,0.05,8,6,0,0,0,1,2,3,0
3,71.2,0.2,4,2,0,0,1,1,1,0,1
5,99.0,0.0,9,0,0,0,2,1,1,2,1
5,29.9,0.0,2,6,0,0,3,2,2,1,1
5,113.05,0.05,6,3,0,0,1,1,2,3,1
1,55.2,0.2,3,1,0,0,2,2,2,0,0
4,7.9,0.0,7,0,0,0,4,1,2,3,0
5,39.6,0.1,10,1,0,0,3,1,1,2,1
5,141.55,0.05,8,3,0,0,2,0,1,3,1
2,39.0,0.0,5,1,0,0,2,0,3,0,1
5,6.9,0.0,9,1,0,0,4,2,0,2,0
7,2549.15,0.15,3,6,0,0,0,3,2,0,0
5,2124.15,0.15,6,3,0,0,0,3,0,3,0
7,2799.0,0.0,8,4,0,1,0,1,0,3,0
1,39.2,0.2,1,4,0,1,3,3,2,1,1
4,9.4,0.05,4,1,0,0,4,2,1,0,0
2,22.41,0.1,8,2,0,0,4,2,1,3,0
8,116.1,0.1,4,0,0,0,1,0,3,0,1
5,89.0,0.0,3,2,0,0,2,3,2,0,0
6,89.0,0.0,2,4,0,1,2,5,3,1,1
7,99.0,0.0,3,4,0,1,1,3,1,0,1
3,25.41,0.15,3,4,0,1,3,1,2,0,1
6,14.9,0.0,3,3,0,0,3,1,0,0,1
6,2519.1,0.1,1,4,0,1,0,5,0,1,0
5,89.0,0.0,1,0,0,0,1,2,3,1,1
4,141.55,0.05,6,1,0,0,2,0,2,3,0
8,9.0,0.2,4,1,1,0,4,2,2,0,0
4,664.05,0.05,4,4,0,1,0,4,0,0,0
8,80.1,0.1,5,3,0,0,1,3,4,0,1
5,71.2,0.2,11,2,0,0,2,5,4,1,1
8,52.9,0.0,9,0,0,0,4,5,4,2,0
1,399.0,0.0,2,4,0,1,2,5,2,1,0
1,15.92,0.2,9,3,0,0,3,4,1,2,1
4,49.0,0.0,2,3,0,0,3,3,1,1,1
2,3399.15,0.15,2,6,0,0,0,5,0,1,0
7,399.0,0.0,6,2,0,0,2,1,0,3,0
6,59.0,0.0,8,1,0,0,2,1,2,3,1
2,6.32,0.2,7,3,0,0,4,3,4,3,0
1,7.9,0.0,8,6,0,0,4,1,1,3,0
6,119.0,0.0,7,1,0,0,1,2,3,3,1
2,11.9,0.0,2,1,0,0,4,5,1,1,0
1,23.65,0.05,6,2,0,0,3,5,1,3,1
6,49.0,0.0,12,0,0,0,3,3,1,1,0
7,44.0,0.0,11,0,0,0,3,4,0,1,1
1,103.5,0.0,10,6,1,0,1,1,2,2,1
1,12.25,0.05,1,0,0,0,4,4,3,1,0
4,18.9,0.05,9,6,0,0,3,3,3,2,1
7,3399.15,0.15,5,2,0,0,0,0,1,0,0
8,59.0,0.0,1,6,0,0,2,2,0,1,1
4,2239.2,0.2,8,1,0,0,0,5,0,3,0
5,89.0,0.0,1,4,0,1,0,1,3,1,0
2,119.2,0.2,6,6,0,0,0,2,2,3,0
1,69.0,0.0,12,3,0,0,1,0,4,1,0
8,141.55,0.05,4,3,0,0,2,2,2,0,1
4,18.9,0.0,2,1,0,0,3,3,1,1,1
5,49.0,0.0,10,6,0,0,3,4,3,2,1
5,6.9,0.0,4,3,0,0,4,3,4,0,0
7,33.15,0.15,5,1,0,0,3,4,3,0,1
3,149.0,0.0,10,0,0,0,0,0,4,2,0
6,39.2,0.2,8,1,0,0,3,1,3,3,0
2,7.57,0.15,6,5,0,1,4,1,1,3,0
8,80.1,0.1,4,0,0,0,1,0,3,0,1
7,7.9,0.0,9,4,0,1,4,2,4,2,0
8,49.0,0.0,10,6,0,0,3,3,4,2,1
5,9.9,0.0,12,2,0,0,4,5,3,1,0
3,179.1,0.1,4,1,0,0,1,3,1,0,1
1,16.91,0.15,7,6,0,0,3,2,2,3,1
4,6.9,0.0,7,3,0,0,4,1,0,3,0
3,254.15,0.15,2,0,0,0,0,0,2,1,0
1,2799.0,0.0,6,3,0,0,0,1,4,3,0
6,8.9,0.0,1,2,0,0,4,2,1,1,0
5,23.2,0.2,11,6,0,0,2,1,2,1,1
6,399.0,0.0,6,3,0,0,2,3,4,3,1
1,44.96,0.15,10,0,0,0,4,0,2,2,0
3,12.9,0.0,12,4,0,1,4,0,2,1,0
3,1499.0,0.0,2,2,0,0,0,2,1,1,0
8,8.01,0.1,3,5,0,1,4,2,1,0,0
5,129.0,0.0,11,3,0,0,2,2,2,1,1
8,49.0,0.0,11,3,0,0,1,5,2,1,1
6,19.92,0.2,4,6,0,0,3,3,4,0,1
8,84.55,0.05,1,3,0,0,3,4,2,1,1
6,19.9,0.0,3,3,0,0,3,3,2,0,1
8,52.9,0.0,8,0,0,0,4,4,2,3,0
4,49.0,0.0,8,0,0,0,3,2,2,3,1
4,59.0,0.0,4,4,0,1,2,5,3,0,0
7,119.0,0.0,6,4,0,1,1,2,2,3,1
3,11.9,0.0,9,3,0,0,4,3,3,2,0
7,29.0,0.0,12,3,0,0,2,0,0,1,0
1,8.9,0.0,10,0,0,0,4,0,2,2,0
8,39.0,0.0,4,3,0,0,3,0,2,0,1
7,9.9,0.0,2,3,0,0,4,4,1,1,0
2,46.55,0.05,10,0,0,0,3,4,2,2,1
4,149.0,0.0,11,4,0,1,2,3,3,1,1
8,89.0,0.0,7,0,0,0,3,3,2,3,1
5,58.65,0.15,4,4,0,1,2,5,1,0,1
8,4.5,0.0,6,6,0,0,4,3,2,3,0
8,33.15,0.15,5,4,0,1,1,1,2,0,1
6,119.2,0.2,10,3,0,0,2,3,2,2,1
3,14.9,0.0,1,0,0,0,4,3,4,1,0
1,6.21,0.1,8,6,0,0,4,2,1,3,0
7,3399.15,0.15,4,3,0,0,0,3,3,0,0
3,31.12,0.2,10,2,0,0,4,1,0,2,0
8,55.2,0.2,4,5,0,1,2,2,3,0,0
7,1839.2,0.2,6,4,0,1,0,1,4,3,0
1,14.15,0.05,8,3,0,0,3,1,2,3,1
5,14.9,0.0,4,1,0,0,4,3,4,0,0
5,69.0,0.0,12,3,0,0,3,5,2,1,1
1,199.0,0.0,7,1,0,0,1,3,0,3,1
8,149.0,0.0,2,5,0,1,1,4,3,1,1
6,99.0,0.0,10,3,0,0,2,3,4,2,1
5,6.9,0.0,11,0,0,0,4,1,2,1,0
3,11.92,0.2,8,4,0,1,4,2,4,3,0
3,284.05,0.05,2,1,0,0,0,2,1,1,0
6,41.8,0.05,5,6,0,0,3,4,3,0,1
7,17.91,0.1,2,4,0,1,3,0,0,1,1
7,19.9,0.0,3,4,0,1,3,5,4,0,1
5,119.2,0.2,8,0,0,0,0,1,2,3,0
1,84.55,0.05,6,5,0,1,1,2,0,3,1
1,37.21,0.15,9,0,1,0,3,0,1,2,1
2,9.52,0.2,12,0,0,0,4,4,0,1,0
3,35.1,0.1,9,2,0,0,1,0,0,2,1
8,6.55,0.05,5,1,0,0,4,5,2,0,0
2,8.42,0.15,5,2,0,0,4,2,2,0,0
5,9.9,0.0,4,4,0,1,4,0,2,0,0
8,899.0,0.0,4,0,0,0,0,1,0,0,0
6,9.9,0.0,7,6,0,0,4,1,4,3,0
3,46.55,0.05,6,0,0,0,1,2,2,3,1
1,3599.1,0.1,7,4,0,1,0,0,2,3,0
7,44.0,0.0,11,4,0,1,3,1,3,1,1
3,12.9,0.0,8,6,0,0,2,4,2,3,1
4,29.0,0.0,11,0,0,0,2,3,1,1,1
2,41.65,0.15,7,2,0,0,1,4,3,3,1
1,9.9,0.0,8,2,0,0,4,1,1,3,0
1,3199.2,0.2,7,4,0,1,0,0,3,3,0
6,1039.2,0.2,12,3,0,0,0,3,4,1,0
6,25.41,0.15,3,6,0,0,3,3,2,0,1
1,28.4,0.05,5,4,0,1,3,3,0,0,0
8,47.2,0.2,6,1,0,0,2,0,4,3,1
3,9.9,0.0,12,2,0,0,4,5,3,1,0
6,24.9,0.0,4,3,0,0,4,0,3,0,0
4,75.65,0.15,8,1,0,0,1,5,0,3,1
7,27.55,0.05,6,6,0,0,2,0,4,3,0
1,39.2,0.2,2,6,0,0,3,3,4,1,0
8,149.0,0.0,9,6,0,0,0,5,0,2,0
6,84.55,0.05,10,4,0,1,0,4,4,2,0
7,10.96,0.15,8,6,0,0,2,5,2,3,1
5,2799.0,0.0,3,4,0,1,0,1,3,0,0
6,75.65,0.15,12,6,0,0,1,5,3,1,1
7,11.61,0.1,8,6,0,0,4,0,2,3,0
2,62.1,0.1,12,6,0,0,3,3,3,1,1
1,2499.0,0.0,6,1,0,0,0,1,0,3,0
4,49.0,0.0,9,4,0,1,2,5,2,2,1
1,268.2,0.0,12,2,1,0,2,3,0,1,0
5,199.0,0.0,10,0,0,0,1,4,1,2,1
7,5.52,0.2,4,0,0,0,4,4,4,0,0
1,149.0,0.0,8,6,0,0,2,5,4,3,1
3,126.65,0.15,2,2,0,0,1,0,2,1,1
1,84.15,0.15,3,1,0,0,2,1,1,0,1
2,7.57,0.15,10,0,0,0,4,2,1,2,0
3,22.35,0.0,10,2,1,0,3,2,2,2,1
8,119.2,0.2,11,4,0,1,1,0,2,1,1
7,46.55,0.05,8,6,0,0,2,4,2,3,1
6,126.65,0.15,10,6,0,0,2,2,4,2,1
5,62.1,0.1,3,1,0,0,1,2,2,0,1
7,84.55,0.05,5,3,0,0,2,3,0,0,0
6,69.0,0.0,12,0,0,0,2,4,2,1,1
8,5.9,0.0,4,3,0,0,4,0,2,0,0
2,47.2,0.2,5,4,0,1,2,4,3,0,0
2,119.0,0.0,6,4,0,1,1,2,2,3,1
5,35.1,0.1,10,0,0,0,3,5,3,2,1
4,23.65,0.05,7,0,0,0,4,5,2,3,0
6,24.9,0.0,10,5,0,1,3,0,0,2,1
5,12.9,0.0,6,1,0,0,2,2,4,3,0
7,5.87,0.15,7,5,0,1,4,5,1,3,0
4,58.65,0.15,11,1,0,0,2,5,4,1,0
4,46.55,0.05,11,1,0,0,3,1,3,1,1
2,71.1,0.1,2,2,0,0,1,5,0,1,1
4,23.92,0.2,5,4,0,1,3,0,3,0,1
2,1299.0,0.0,8,3,0,0,0,1,2,3,0
2,2799.0,0.0,11,0,0,0,0,3,2,1,0
2,3199.2,0.2,10,6,0,0,0,3,2,2,0
1,39.0,0.0,5,6,0,0,3,4,0,0,1
6,41.8,0.05,4,3,0,0,3,4,0,0,1
5,126.65,0.15,4,1,0,0,2,1,3,0,1
1,69.0,0.0,3,6,0,0,1,4,3,0,1
2,14.9,0.0,10,4,0,1,3,3,1,2,1
6,14.9,0.0,4,6,0,0,3,2,2,0,1
5,95.2,0.2,11,2,0,0,1,4,0,1,1
2,199.0,0.0,9,2,0,0,1,2,2,2,1
7,719.2,0.2,3,2,0,0,0,4,0,0,0
6,2849.05,0.05,8,3,0,0,0,4,2,3,0
4,6.55,0.05,7,5,0,1,4,4,0,3,0
1,359.1,0.1,10,4,0,1,2,1,2,2,0
3,254.15,0.15,1,3,0,0,0,5,0,1,0
1,4.05,0.1,11,0,0,0,4,5,2,1,0
4,5.9,0.0,3,6,0,0,4,1,0,0,0
2,7.57,0.15,2,1,0,0,4,2,2,1,0
3,1349.1,0.1,5,2,0,0,0,5,4,0,0
4,14.9,0.0,11,6,0,0,3,5,0,1,1
4,39.0,0.0,10,4,0,1,3,1,4,2,1
8,23.65,0.05,11,4,0,1,4,2,0,1,0
8,359.1,0.1,6,1,0,0,2,5,3,3,0
7,149.0,0.0,7,4,0,1,1,4,2,3,1
8,89.0,0.0,11,1,0,0,3,5,2,1,1
3,119.2,0.2,10,1,0,0,2,5,3,2,1
1,149.0,0.0,11,3,0,0,1,1,4,1,1
6,80.1,0.1,3,2,0,0,0,0,4,0,0
2,399.0,0.0,3,2,0,0,2,2,1,0,0
6,69.0,0.0,4,3,0,0,1,4,0,0,1
3,84.55,0.05,10,4,0,1,2,0,2,2,1
2,399.0,0.0,1,2,0,0,1,3,2,1,1
5,12.9,0.0,8,2,0,0,2,2,1,3,0
6,23.65,0.05,11,4,0,1,3,3,0,1,1
2,7.9,0.0,9,4,0,1,4,0,2,2,0
7,299.0,0.0,1,6,0,0,0,4,2,1,0
3,19.9,0.0,2,0,0,0,3,3,4,1,1
7,79.0,0.0,1,4,0,1,1,2,2,1,1
7,126.65,0.15,7,0,0,0,1,2,3,3,1
8,126.65,0.15,5,0,0,0,2,5,3,0,0
4,39.2,0.2,10,1,0,0,3,0,3,2,1
8,7.9,0.0,6,4,0,1,4,1,3,3,0
1,141.55,0.05,4,3,0,0,1,0,2,0,1
8,699.0,0.0,6,5,0,1,0,4,2,3,0
4,4.5,0.0,10,3,0,0,4,3,1,2,0
3,2379.15,0.15,2,4,0,1,0,3,4,1,0
4,44.0,0.0,9,1,0,0,3,3,0,2,1
3,664.05,0.05,10,2,0,0,0,3,3,2,0
6,10.32,0.2,9,0,0,0,4,1,4,2,0
1,2849.05,0.05,11,1,0,0,0,4,1,1,0
5,189.05,0.05,12,6,0,0,1,1,4,1,1
2,223.5,0.0,10,6,1,0,1,3,2,2,1
3,46.55,0.05,11,2,0,0,3,0,1,1,1
2,4.5,0.0,4,0,0,0,4,3,0,0,0
2,71.2,0.2,6,6,0,0,2,1,0,3,0
6,55.2,0.2,10,6,0,0,2,4,0,2,0
3,5.02,0.15,7,6,0,0,4,4,0,3,0
2,251.1,0.1,6,4,0,1,1,4,1,3,1
5,46.55,0.05,12,2,0,0,3,1,1,1,1
2,119.0,0.0,4,1,0,0,1,0,4,0,1
4,279.0,0.0,7,3,0,0,1,0,2,3,1
7,2849.05,0.05,2,1,0,0,0,5,3,1,0
3,95.2,0.2,10,0,0,0,1,5,0,2,1
1,49.0,0.0,3,6,0,0,3,4,3,0,1
4,37.05,0.05,11,0,0,0,3,2,4,1,1
1,284.05,0.05,7,4,0,1,0,4,2,3,0
6,39.0,0.0,5,4,0,1,2,2,2,0,1
2,31.12,0.2,10,2,0,0,4,5,2,2,0
6,41.8,0.05,1,5,0,1,3,1,0,1,1
7,10.96,0.15,4,6,0,0,4,5,0,0,0
4,319.2,0.2,5,6,0,0,2,1,4,0,1
1,1039.2,0.2,1,3,0,0,0,2,3,1,0
8,21.16,0.15,10,1,0,0,3,2,3,2,1
4,5.87,0.15,12,5,0,1,4,4,0,1,0
7,6.9,0.0,5,6,0,0,4,5,3,0,0
7,129.0,0.0,1,4,0,1,1,2,2,1,1
4,101.15,0.15,3,2,0,0,1,3,3,0,1
5,179.1,0.1,11,6,0,0,1,3,2,1,1
8,19.9,0.0,1,0,0,0,3,3,0,1,1
3,149.0,0.0,1,4,0,1,0,5,2,1,0
3,79.2,0.2,9,4,0,1,2,4,0,2,1
4,16.06,0.15,8,6,0,0,3,1,2,3,1
5,71.2,0.2,8,4,0,1,1,4,4,3,1
7,44.0,0.0,3,0,0,0,3,1,0,0,1
8,129.0,0.0,10,3,0,0,1,2,2,2,1
2,6.32,0.2,8,4,0,1,4,4,2,3,0
7,14.9,0.0,10,4,0,1,3,2,0,2,1
1,899.0,0.0,12,4,0,1,0,4,4,1,0
4,8.46,0.05,12,0,0,0,4,1,0,1,0
5,6.9,0.0,12,0,0,0,4,5,4,1,0
6,89.0,0.0,4,2,0,0,3,4,2,0,1
1,69.0,0.0,1,6,0,0,3,0,2,1,1
4,89.0,0.0,9,1,0,0,1,3,0,2,1
6,5.02,0.15,2,6,0,0,4,5,4,1,0
7,6.9,0.0,9,6,0,0,4,3,2,2,0
2,199.0,0.0,1,1,0,0,1,0,0,1,1
4,594.15,0.15,11,4,0,1,0,4,2,1,0
2,29.9,0.0,12,0,0,0,3,1,0,1,0
2,2499.0,0.0,9,6,0,0,0,4,2,2,0
2,14.9,0.0,10,3,0,0,3,1,4,2,1
3,99.0,0.0,1,2,0,0,1,4,3,1,1
1,6.71,0.15,7,2,0,0,4,2,0,3,0
3,129.0,0.0,6,2,0,0,1,2,3,3,1
2,103.2,0.2,9,6,0,0,1,1,3,2,1
5,594.15,0.15,8,3,0,0,0,1,4,3,0
2,27.55,0.05,9,3,0,0,2,2,3,2,0
2,17.82,0.0,4,4,1,1,4,5,2,0,0
8,6.9,0.0,12,3,0,0,4,4,2,1,0
3,10.32,0.2,6,4,0,1,4,3,0,3,0
4,6.71,0.15,12,3,0,0,4,4,1,1,0
3,1954.15,0.15,12,2,0,0,0,0,0,1,0
3,299.0,0.0,2,3,0,0,0,0,3,1,0
2,319.2,0.2,10,6,0,0,2,3,1,2,0
5,1039.2,0.2,5,1,0,0,0,5,3,0,0
6,6.75,0.1,7,0,0,0,4,5,0,3,0
3,2499.0,0.0,7,3,0,0,0,3,2,3,0
7,2239.2,0.2,7,5,0,1,0,1,3,3,0
3,55.2,0.2,6,3,0,0,3,5,4,3,1
5,118.5,0.0,10,6,1,0,1,1,3,2,1
5,399.0,0.0,10,0,0,0,2,5,1,2,0
6,47.2,0.2,5,3,0,0,2,3,2,0,0
1,14.9,0.0,6,2,0,0,3,5,3,3,1
8,80.1,0.1,11,6,0,0,3,1,4,1,1
8,24.65,0.15,8,2,0,0,2,3,2,3,0
2,14.9,0.0,7,5,0,1,4,2,2,3,0
5,119.2,0.2,5,0,0,0,1,3,2,0,1
8,1169.1,0.1,3,4,0,1,0,2,2,0,0
3,3199.2,0.2,11,6,0,0,0,4,0,1,0
6,1424.05,0.05,4,2,0,0,0,3,3,0,0
5,18.9,0.0,6,2,0,0,3,2,1,3,1
6,199.0,0.0,4,6,0,0,1,2,1,0,1
1,49.0,0.0,8,3,0,0,0,3,0,3,0
3,119.2,0.2,8,3,0,0,1,1,0,3,1
3,71.2,0.2,7,4,0,1,1,3,1,3,1
5,6.21,0.1,12,4,0,1,4,5,2,1,0
4,2499.0,0.0,8,4,0,1,0,3,4,3,0
7,1104.15,0.15,7,0,0,0,0,3,4,3,0
6,14.9,0.0,3,6,0,0,3,3,2,0,1
7,89.0,0.0,9,4,0,1,2,2,3,2,1
6,3.82,0.15,12,0,0,0,4,1,3,1,0
4,399.0,0.0,10,1,0,0,1,1,3,2,1
4,101.15,0.15,6,1,0,0,1,0,1,3,1
5,3.6,0.2,5,2,0,0,4,4,4,0,0
6,17.95,0.05,1,1,0,0,3,3,2,1,1
7,44.1,0.1,8,0,0,0,1,0,2,3,1
8,279.0,0.0,8,2,0,0,1,5,4,3,1
7,71.2,0.2,11,1,0,0,3,4,3,1,1
2,24.65,0.15,11,1,0,0,2,0,1,1,0
7,223.2,0.2,3,4,0,1,1,0,2,0,1
7,142.4,0.0,10,0,1,0,2,0,4,2,1
2,65.55,0.05,5,6,0,0,1,3,1,0,1
8,44.1,0.1,8,4,0,1,2,5,2,3,1
7,49.0,0.0,3,6,0,0,3,4,3,0,1
3,1169.1,0.1,4,0,0,0,0,3,2,0,0
4,196.08,0.05,10,0,1,0,2,3,2,2,1
4,199.0,0.0,8,6,0,0,1,0,3,3,1
8,6.21,0.1,5,0,0,0,4,1,1,0,0
5,33.06,0.15,5,0,0,0,4,0,3,0,0
2,141.55,0.05,11,4,0,1,1,4,2,1,1
7,24.9,0.0,1,5,0,1,3,1,3,1,1
8,27.55,0.05,11,2,0,0,2,3,4,1,0
5,189.05,0.05,1,3,0,0,1,1,3,1,1
3,4949.1,0.1,2,1,0,0,0,0,2,1,0
6,2184.05,0.05,10,1,0,0,0,0,2,2,0
1,14.15,0.05,5,1,0,0,3,4,3,0,1
4,122.55,0.05,11,1,0,0,2,1,3,1,0
8,84.15,0.15,2,6,0,0,2,0,0,1,0
5,99.0,0.0,6,1,0,0,2,3,1,3,1
3,10.32,0.2,11,3,0,0,4,0,2,1,0
8,49.0,0.0,2,6,0,0,1,2,2,1,1
3,141.55,0.05,6,1,0,0,1,0,3,3,1
6,3.82,0.15,7,6,0,0,4,2,2,3,0
1,65.55,0.05,9,4,0,1,3,5,3,2,0
7,2239.2,0.2,1,2,0,0,0,1,2,1,0
1,134.1,0.1,5,6,0,0,1,5,3,0,1
7,84.15,0.15,2,0,0,0,2,1,3,1,0
2,19.9,0.0,1,1,0,0,3,2,2,1,1
8,7.92,0.2,3,1,0,0,4,4,4,0,0
1,149.0,0.0,1,4,0,1,0,0,3,1,0
7,7.5,0.05,4,5,0,1,4,3,0,0,0
5,359.1,0.1,7,2,0,0,2,5,2,3,1
1,69.0,0.0,12,6,0,0,2,2,2,1,1
8,14.9,0.0,11,2,0,0,3,5,0,1,1
5,23.2,0.2,12,4,0,1,2,1,0,1,0
8,89.0,0.0,4,2,0,0,3,3,2,0,1
5,239.2,0.2,10,2,0,0,0,2,3,2,0
1,149.0,0.0,6,4,0,1,1,3,0,3,1
6,4.5,0.0,6,5,0,1,4,1,2,3,0
3,223.2,0.2,3,3,0,0,1,3,2,0,1
7,12.9,0.0,8,0,0,0,2,1,1,3,1
7,89.0,0.0,4,3,0,0,0,5,1,0,0
4,47.2,0.2,6,0,0,0,2,5,2,3,1
1,10.32,0.2,11,1,0,0,4,5,3,1,0
3,7.9,0.0,5,4,0,1,4,4,2,0,0
6,141.55,0.05,9,6,0,0,1,4,4,2,1
5,47.61,0.1,7,4,0,1,4,4,0,3,0
1,46.55,0.05,9,2,0,0,0,5,4,2,0
8,39.0,0.0,10,1,0,0,3,2,2,2,1
6,23.2,0.2,10,1,0,0,2,3,2,2,1
1,11.3,0.05,4,6,0,0,4,5,4,0,0
7,37.05,0.05,3,2,0,0,3,1,2,0,0
5,89.0,0.0,9,1,0,0,1,4,2,2,1
7,99.0,0.0,10,6,0,0,2,5,4,2,1
2,119.2,0.2,5,4,0,1,2,5,1,0,1
4,3999.0,0.0,5,4,0,1,0,4,0,0,0
5,682.29,0.05,4,2,1,0,2,0,4,0,1
1,6.9,0.0,4,4,0,1,4,2,2,0,0
7,149.0,0.0,12,6,0,0,1,4,2,1,1
1,149.0,0.0,11,1,0,0,1,2,0,1,1
2,33.15,0.15,10,4,0,1,1,2,2,2,1
4,10.96,0.15,4,6,0,0,4,4,3,0,0
4,69.0,0.0,2,1,0,0,1,2,3,1,1
7,359.1,0.1,6,0,0,0,2,0,1,3,0
8,4.5,0.0,9,2,0,0,4,4,3,2,0
4,179.1,0.1,10,3,0,0,1,0,3,2,1
8,49.0,0.0,12,4,0,1,3,2,2,1,1
3,107.1,0.1,8,2,0,0,1,1,2,3,1
5,44.0,0.0,5,4,0,1,3,1,1,0,1
1,129.0,0.0,7,1,0,0,1,2,2,3,1
4,14.9,0.0,7,0,0,0,3,0,0,3,1
8,24.9,0.0,5,1,0,0,3,5,4,0,1
8,15.92,0.2,3,0,0,0,3,4,3,0,1
3,14.15,0.05,5,4,0,1,4,5,0,0,0
6,93.1,0.0,3,2,1,0,0,2,3,0,0
4,12.66,0.15,12,3,0,0,3,1,4,1,1
4,14.15,0.05,3,6,0,0,4,2,0,0,0
8,13.41,0.1,4,2,0,0,4,0,2,0,0
5,14.9,0.0,3,4,0,1,3,0,2,0,0
3,49.0,0.0,12,3,0,0,3,4,0,1,1
5,5.9,0.0,8,1,0,0,4,2,2,3,0
1,69.0,0.0,12,2,0,0,3,1,2,1,1
5,39.2,0.2,12,1,0,0,2,0,4,1,0
6,169.15,0.15,2,6,0,0,1,2,2,1,1
8,11.92,0.2,10,3,0,0,4,3,2,2,0
7,12.25,0.05,10,0,0,0,4,1,0,2,0
7,399.0,0.0,2,3,0,0,2,4,4,1,1
7,29.0,0.0,3,0,0,0,2,3,2,0,1
1,399.0,0.0,2,6,0,0,2,0,1,1,1
3,12.9,0.0,10,1,0,0,4,5,4,2,0
2,17.91,0.1,7,0,0,0,3,2,3,3,1
4,37.4,0.15,12,3,0,0,3,2,2,1,1
1,116.1,0.1,11,0,0,0,2,1,3,1,1
7,24.9,0.0,10,5,0,1,4,5,3,2,0
3,2799.0,0.0,7,0,0,0,0,4,0,3,0
2,149.0,0.0,1,2,0,0,1,0,0,1,1
8,44.0,0.0,5,2,0,0,3,3,2,0,1
8,23.65,0.05,10,0,0,0,4,5,1,2,0
6,53.1,0.1,8,6,0,0,2,5,4,3,1
2,49.0,0.0,4,1,0,0,2,1,2,0,1
4,5.87,0.15,11,2,0,0,4,2,0,1,0
4,69.0,0.0,7,1,0,0,2,4,2,3,1
5,299.0,0.0,8,4,0,1,0,1,2,3,0
1,29.9,0.0,11,4,0,1,3,3,0,1,1
6,379.05,0.05,1,0,0,0,2,0,3,1,1
6,12.66,0.15,12,0,0,0,3,0,1,1,1
4,594.15,0.15,3,6,0,0,0,2,0,0,0
5,4399.2,0.2,2,0,0,0,0,4,3,1,0
5,17.91,0.1,4,6,0,0,3,5,3,0,1
3,4.72,0.2,5,2,0,0,4,4,0,0,0
3,24.9,0.0,8,3,0,0,3,3,2,3,1
5,66.64,0.15,10,0,1,0,3,1,3,2,0
3,39.0,0.0,12,0,0,0,3,4,4,1,1
1,4.27,0.05,11,0,0,0,4,5,3,1,0
3,119.2,0.2,11,6,0,0,1,0,2,1,1
4,854.05,0.05,11,0,0,0,0,0,1,1,0
1,84.55,0.05,4,0,0,0,3,4,0,0,1
7,95.2,0.2,5,1,0,0,1,3,4,0,1
1,99.0,0.0,10,4,0,1,2,4,2,2,0
4,179.1,0.1,4,4,0,1,1,3,3,0,1
5,237.15,0.15,12,2,0,0,1,4,0,1,1
2,5.52,0.2,2,6,0,0,4,5,3,1,0
2,75.65,0.15,12,1,0,0,2,1,4,1,0
8,7.92,0.2,8,6,0,0,4,2,4,3,0
2,22.41,0.1,11,6,0,0,4,2,4,1,0
5,49.0,0.0,5,2,0,0,3,4,2,0,0
8,5.9,0.0,10,0,0,0,4,0,0,2,0
1,3199.2,0.2,12,3,0,0,0,0,4,1,0
1,5.61,0.05,2,1,0,0,4,0,2,1,0
4,17.95,0.05,11,5,0,1,3,3,3,1,1
7,79.2,0.2,1,6,0,0,2,2,4,1,1
8,119.2,0.2,4,3,0,0,1,0,2,0,1
8,14.9,0.0,5,4,0,1,4,4,2,0,0
7,12.66,0.15,7,6,0,0,4,0,2,3,0
3,399.0,0.0,11,4,0,1,2,4,3,1,1
3,11.92,0.2,3,1,0,0,4,5,2,0,0
4,49.0,0.0,7,3,0,0,3,1,2,3,1
1,18.9,0.0,10,1,0,0,3,4,1,2,0
2,299.0,0.0,12,0,0,0,0,3,3,1,0
8,2379.15,0.15,12,6,0,0,0,2,4,1,0
6,41.65,0.15,8,1,0,0,3,2,3,3,1
4,89.0,0.0,9,1,0,0,2,2,3,2,1
3,2549.15,0.15,9,6,0,0,0,0,0,2,0
2,298.0,0.2,4,3,1,0,2,4,3,0,0
6,99.0,0.0,2,1,0,0,2,2,4,1,1
6,199.0,0.0,7,0,0,0,1,3,2,3,1
1,1039.2,0.2,1,1,0,0,0,5,2,1,0
2,149.0,0.0,9,1,0,0,1,4,2,2,1
8,89.1,0.1,8,3,0,0,2,1,2,3,0
5,119.2,0.2,12,6,0,0,2,4,0,1,1
8,23.92,0.2,9,4,0,1,3,0,1,2,1
3,2659.05,0.05,1,6,0,0,0,0,2,1,0
7,6.75,0.1,7,6,0,0,4,0,3,3,0
3,1299.0,0.0,10,5,0,1,0,1,2,2,0
6,299.0,0.0,5,2,0,0,0,5,3,0,0
1,44.1,0.1,10,6,0,0,0,5,0,2,0
7,33.15,0.15,12,3,0,0,3,2,2,1,1
3,46.55,0.05,2,5,0,1,3,3,3,1,1
2,899.0,0.0,4,5,0,1,0,2,1,0,0
1,69.0,0.0,11,3,0,0,3,2,0,1,1
6,29.9,0.0,9,3,0,0,3,0,0,2,1
1,65.55,0.05,11,4,0,1,1,5,0,1,1
1,379.05,0.05,5,3,0,0,2,3,2,0,0
2,13.41,0.1,1,4,0,1,3,5,2,1,1
8,84.55,0.05,1,0,0,0,0,0,2,1,0
8,19.9,0.0,6,2,0,0,3,2,2,3,1
2,46.55,0.05,8,0,0,0,1,1,1,3,1
3,134.1,0.1,9,1,0,0,0,1,2,2,0
8,149.0,0.0,12,0,0,0,2,0,2,1,0
3,35.2,0.2,8,3,0,0,3,2,4,3,1
8,55.2,0.2,10,2,0,0,2,3,0,2,1
8,1499.0,0.0,1,3,0,0,0,1,0,1,0
2,41.8,0.05,12,1,0,0,3,0,4,1,1
4,31.2,0.2,10,2,0,0,1,2,4,2,1
3,69.0,0.0,1,4,0,1,3,1,2,1,1
7,2659.05,0.05,4,0,0,0,0,0,2,0,0
5,2379.15,0.15,12,0,0,0,0,2,3,1,0
4,41.65,0.15,3,1,0,0,0,2,2,0,0
3,1839.2,0.2,11,1,0,0,0,5,0,1,0
3,39.0,0.0,4,4,0,1,1,5,2,0,1
3,12.9,0.0,12,4,0,1,2,1,2,1,0
2,399.0,0.0,8,4,0,1,2,4,3,3,1
1,2799.0,0.0,3,0,0,0,0,3,2,0,0
1,7.12,0.05,7,4,0,1,4,1,3,3,0
3,18.9,0.0,3,6,0,0,3,2,3,0,1
3,1839.2,0.2,6,1,0,0,0,3,2,3,0
5,6.9,0.0,7,3,0,0,4,5,2,3,0
2,99.0,0.0,1,6,0,0,1,5,4,1,1
2,79.2,0.2,10,2,0,0,1,2,2,2,1
3,84.15,0.15,10,1,0,0,1,1,2,2,1
8,7.12,0.2,12,1,0,0,4,5,2,1,0
1,2299.0,0.0,11,4,0,1,0,2,2,1,0
4,23.65,0.05,6,0,0,0,4,2,3,3,0
2,52.9,0.0,8,1,0,0,4,5,3,3,0
6,11.92,0.2,9,3,0,0,3,0,2,2,1
4,11.92,0.2,4,3,0,0,3,5,2,0,1
2,239.2,0.2,8,1,0,0,0,1,3,3,0
3,1299.0,0.0,11,2,0,0,0,3,3,1,0
4,33.06,0.15,8,0,0,0,4,2,3,3,0
1,159.2,0.2,1,1,0,0,1,1,0,1,1
7,49.0,0.0,5,1,0,0,3,0,4,0,1
6,11.61,0.1,2,0,0,0,4,3,4,1,0
6,4.5,0.0,11,3,0,0,4,2,3,1,0
8,99.0,0.0,7,3,0,0,2,5,3,3,0
1,2239.2,0.2,8,6,0,0,0,0,1,3,0
8,7.5,0.0,3,4,0,1,4,4,2,0,0
8,13.41,0.1,3,6,0,0,3,4,3,0,1
2,46.55,0.05,2,6,0,0,2,1,2,1,0
8,89.0,0.0,1,6,0,0,1,2,2,1,0
5,52.9,0.0,6,0,0,0,4,2,2,3,0
7,49.0,0.0,6,2,0,0,3,0,2,3,1
2,25.41,0.15,4,6,0,0,3,4,0,0,1
5,299.0,0.0,4,3,0,0,0,4,3,0,0
3,212.32,0.05,10,0,1,0,0,3,4,2,0
6,134.1,0.1,8,4,0,1,2,1,3,3,1
4,6.9,0.0,4,0,0,0,4,0,2,0,0
3,44.1,0.1,5,3,0,0,2,2,0,0,1
3,9.52,0.2,5,2,0,0,4,2,2,0,0
1,3.6,0.2,10,1,0,0,4,3,3,2,0
5,37.05,0.05,4,0,0,0,1,1,2,0,1
7,35.01,0.1,2,0,0,0,4,0,0,1,0
3,39.2,0.2,2,2,0,0,1,4,4,1,1
5,399.0,0.0,11,4,0,1,2,2,3,1,0
1,39.0,0.0,6,0,0,0,1,5,0,3,1
8,99.0,0.0,7,1,0,0,2,5,4,3,1
1,59.0,0.0,1,3,0,0,2,2,3,1,1
3,11.25,0.0,4,2,1,0,4,4,0,0,0
1,149.0,0.0,9,0,0,0,2,2,4,2,0
4,99.0,0.0,12,1,0,0,1,1,1,1,1
2,95.2,0.2,5,2,0,0,1,0,0,0,1
8,99.0,0.0,12,3,0,0,1,0,4,1,1
5,11.61,0.1,10,2,0,0,4,1,0,2,0
3,1039.2,0.2,11,2,0,0,0,2,2,1,0
2,8.9,0.0,4,6,0,0,4,4,2,0,0
7,5.87,0.15,10,4,0,1,4,4,1,2,0
8,44.0,0.0,8,0,0,0,3,1,2,3,1
4,46.55,0.05,1,1,0,0,2,5,2,1,1
3,39.2,0.2,12,6,0,0,2,2,0,1,0
1,84.15,0.15,3,2,0,0,1,1,2,0,1
4,69.0,0.0,6,4,0,1,3,0,0,3,1
4,8.42,0.15,7,6,0,0,4,2,2,3,0
6,10.71,0.1,4,4,0,1,4,1,1,0,0
7,49.0,0.0,11,0,0,0,3,2,2,1,1
6,149.0,0.0,5,6,0,0,2,1,2,0,0
4,62.1,0.1,4,6,0,0,1,0,4,0,1
1,1839.2,0.2,8,5,0,1,0,2,3,3,0
5,79.0,0.0,2,2,0,0,1,1,2,1,1
6,13.41,0.1,1,1,0,0,3,2,4,1,1
8,12.9,0.0,6,3,0,0,2,2,2,3,0
1,719.2,0.2,6,3,0,0,0,1,1,3,0
7,19.92,0.2,2,4,0,1,3,1,4,1,1
7,149.0,0.0,5,3,0,0,0,0,2,0,0
3,6.55,0.05,8,3,0,0,4,0,2,3,0
5,53.1,0.1,1,0,0,0,2,2,3,1,1
8,46.55,0.05,6,6,0,0,3,5,1,3,1
8,12.9,0.0,6,0,0,0,4,4,1,3,0
8,149.0,0.0,10,3,0,0,1,0,0,2,1
7,199.0,0.0,1,3,0,0,1,2,1,1,1
1,89.0,0.0,5,6,0,0,0,3,2,0,0
5,399.0,0.0,6,1,0,0,2,2,2,3,0
3,1499.0,0.0,4,0,0,0,0,5,3,0,0
6,189.05,0.05,7,0,0,0,1,1,1,3,1
2,1499.0,0.0,10,3,0,0,0,1,2,2,0
3,17.01,0.1,2,3,0,0,3,4,3,1,0
2,69.0,0.0,12,2,0,0,2,5,2,1,0
5,23.2,0.2,4,1,0,0,2,0,2,0,1
7,84.55,0.05,8,6,0,0,2,4,3,3,0
5,59.0,0.0,9,3,0,0,2,3,2,2,0
5,65.55,0.05,11,2,0,0,1,3,4,1,1
3,35.01,0.1,11,5,0,1,4,0,0,1,0
5,29.0,0.0,8,0,0,0,2,5,3,3,0
7,89.0,0.0,9,2,0,0,3,1,2,2,1
3,11.61,0.1,12,3,0,0,4,0,2,1,0
3,399.0,0.0,1,2,0,0,1,1,1,1,1
1,6.21,0.1,3,2,0,0,4,4,3,0,0
4,629.1,0.1,3,3,0,0,0,2,1,0,0
4,39.0,0.0,8,2,0,0,2,0,0,3,0
6,39.6,0.1,3,4,0,1,3,5,3,0,1
5,26.91,0.1,4,4,0,1,3,2,1,0,1
1,79.2,0.2,1,2,0,0,1,0,2,1,1
1,12.25,0.05,4,4,0,1,2,3,0,0,0
5,84.55,0.05,8,0,0,0,3,0,0,3,1
4,14.15,0.05,5,3,0,0,4,5,3,0,0
6,59.0,0.0,1,0,0,0,2,1,4,1,1
5,7.9,0.0,9,0,0,0,4,0,2,2,0
6,134.1,0.1,12,1,0,0,1,0,2,1,1
5,89.0,0.0,2,4,0,1,2,5,0,1,1
5,71.1,0.1,1,0,0,0,1,0,2,1,1
2,14.9,0.0,5,2,0,0,3,0,1,0,1
8,134.1,0.1,8,5,0,1,1,5,2,3,1
3,71.2,0.2,5,3,0,0,0,2,4,0,0
8,7.9,0.0,5,1,0,0,4,1,3,0,0
7,149.0,0.0,4,6,0,0,1,0,2,0,1
1,1954.15,0.15,6,4,0,1,0,4,2,3,0
5,129.0,0.0,3,0,0,0,2,0,1,0,0
7,2999.0,0.0,10,2,0,0,0,0,2,2,0
4,299.0,0.0,5,0,0,0,0,4,0,0,0
3,2549.15,0.15,2,3,0,0,0,1,2,1,0
6,6.21,0.1,7,0,0,0,4,0,1,3,0
4,199.0,0.0,3,2,0,0,1,1,2,0,1
2,10.96,0.15,11,0,0,0,4,1,0,1,0
3,629.1,0.1,10,4,0,1,0,1,2,2,0
3,49.0,0.0,6,4,0,1,3,3,2,3,1
8,128.16,0.2,4,2,1,0,3,5,2,0,1
3,4.05,0.1,6,2,0,0,4,2,3,3,0
2,49.0,0.0,4,1,0,0,2,0,1,0,1
5,16.91,0.15,12,6,0,0,3,3,1,1,1
3,379.05,0.05,9,1,0,0,2,2,2,2,1
8,58.65,0.15,4,2,0,0,3,3,2,0,1
6,399.0,0.0,12,6,0,0,2,1,1,1,0
6,12.9,0.0,4,3,0,0,4,4,3,0,0
7,113.05,0.05,8,0,0,0,1,0,2,3,1
2,42.32,0.2,12,4,0,1,4,0,4,1,0
4,2999.0,0.0,6,0,0,0,0,2,0,3,0
2,79.0,0.0,3,2,0,0,1,1,2,0,1
2,699.0,0.0,9,6,0,0,0,5,2,2,0
2,2849.05,0.05,10,2,0,0,0,1,2,2,0
7,1999.2,0.2,4,3,0,0,0,2,4,0,0
7,41.8,0.05,3,1,0,0,3,0,0,0,1
7,7.92,0.2,4,0,0,0,4,0,2,0,0
7,44.1,0.1,4,6,0,0,3,4,0,0,1
2,14.9,0.0,7,3,0,0,3,4,3,3,1
4,13.41,0.1,2,6,0,0,3,2,2,1,1
8,69.0,0.0,1,2,0,0,3,5,1,1,1
7,49.0,0.0,1,2,0,0,2,2,2,1,0
1,7.12,0.2,9,3,0,0,4,1,2,2,0
4,2699.1,0.1,3,4,0,1,0,3,4,0,0
7,4.27,0.05,3,2,0,0,4,2,4,0,0
2,24.12,0.15,9,1,1,0,4,1,4,2,0
3,199.0,0.0,2,3,0,0,1,1,2,1,1
3,41.8,0.05,4,1,0,0,3,3,0,0,1
8,12.9,0.0,2,1,0,0,4,2,2,1,0
1,55.2,0.2,2,6,0,0,2,4,2,1,0
2,129.0,0.0,12,1,0,0,1,2,3,1,1
6,3999.0,0.0,7,6,0,0,0,0,3,3,0
3,62.1,0.1,11,1,0,0,3,1,3,1,1
3,129.0,0.0,1,0,0,0,1,1,2,1,1
8,6.9,0.0,5,6,0,0,4,0,2,0,0
2,3999.0,0.0,2,1,0,0,0,2,0,1,0
8,6.32,0.2,7,1,0,0,4,5,1,3,0
3,84.15,0.15,11,2,0,0,2,2,2,1,1
4,39.0,0.0,3,3,0,0,2,0,3,0,1
2,71.1,0.1,3,2,0,0,1,2,2,0,1
4,2299.0,0.0,7,1,0,0,0,4,2,3,0
6,129.0,0.0,8,0,0,0,2,3,2,3,1
8,2999.0,0.0,9,4,0,1,0,4,1,2,0
4,119.0,0.0,3,1,0,0,1,1,3,0,1
7,89.0,0.0,10,4,0,1,1,1,4,2,1
7,49.0,0.0,5,1,0,0,2,5,1,0,1
6,2374.05,0.05,3,5,0,1,0,0,2,0,0
4,44.1,0.1,2,4,0,1,3,3,3,1,1
2,8.9,0.0,9,3,0,0,4,5,3,2,0
4,2499.0,0.0,6,6,0,0,0,2,3,3,0
3,4674.15,0.15,11,1,0,0,0,0,3,1,0
1,149.0,0.0,2,4,0,1,1,3,2,1,1
7,199.0,0.0,2,1,0,0,1,0,4,1,1
8,699.0,0.0,4,6,0,0,0,1,2,0,0
5,4.5,0.0,5,2,0,0,4,4,2,0,0
4,75.65,0.15,11,3,0,0,0,2,4,1,0
7,134.1,0.1,7,0,0,0,2,2,1,3,1
6,49.0,0.0,11,4,0,1,3,0,4,1,1
7,237.15,0.15,5,4,0,1,1,4,2,0,1
7,49.0,0.0,10,0,0,0,3,1,0,2,1
1,29.0,0.0,5,6,0,0,2,4,3,0,0
5,237.15,0.15,11,3,0,0,1,0,3,1,1
7,119.0,0.0,1,2,0,0,1,1,1,1,1
1,69.0,0.0,8,6,0,0,3,0,2,3,1
8,18.9,0.0,1,4,0,1,3,4,4,1,1
6,279.0,0.0,6,6,0,0,1,5,2,3,1
8,2069.1,0.1,11,3,0,0,0,0,0,1,0
1,8.9,0.0,1,1,0,0,4,5,4,1,0
8,2519.1,0.1,3,6,0,0,0,4,2,0,0
6,7.5,0.0,2,6,0,0,4,5,0,1,0
6,29.9,0.0,1,3,0,0,3,2,2,1,1
2,69.0,0.0,5,2,0,0,2,4,4,0,0
5,16.91,0.15,2,0,0,0,3,5,2,1,0
7,39.0,0.0,4,3,0,0,2,0,1,0,0
7,89.0,0.0,3,2,0,0,2,1,0,0,1
4,113.05,0.05,6,4,0,1,1,0,2,3,1
6,38.9,0.0,3,4,0,1,4,4,2,0,0
1,39.2,0.2,4,4,0,1,2,0,3,0,0
6,19.9,0.0,2,4,0,1,3,2,2,1,0
4,116.1,0.1,2,5,0,1,2,0,0,1,0
4,41.65,0.15,8,6,0,0,1,4,2,3,1
4,56.05,0.05,3,2,0,0,2,5,1,0,0
1,14.15,0.05,4,3,0,0,4,4,2,0,0
7,6.0,0.2,3,3,0,0,4,2,1,0,0
5,84.55,0.05,6,0,0,0,2,5,1,3,1
4,41.65,0.15,6,6,0,0,1,5,2,3,1
5,89.0,0.0,5,4,0,1,1,2,3,0,1
1,99.0,0.0,5,3,0,0,2,1,0,0,1
3,49.0,0.0,6,0,0,0,3,1,3,3,1
5,75.65,0.15,10,4,0,1,2,3,1,2,1
7,14.9,0.0,12,4,0,1,3,5,0,1,1
2,33.15,0.15,4,4,0,1,1,4,1,0,1
2,89.0,0.0,2,0,0,0,2,5,4,1,1
3,809.1,0.1,2,3,0,0,0,0,2,1,0
5,119.2,0.2,3,6,0,0,2,4,2,0,0
5,11.3,0.05,2,1,0,0,4,2,0,1,0
6,80.1,0.1,11,6,0,0,2,2,0,1,0
1,24.65,0.15,8,4,0,1,2,0,1,3,1
8,75.65,0.15,9,0,0,0,1,2,0,2,1
6,17.95,0.05,3,1,0,0,3,5,1,0,1
3,149.0,0.0,5,6,0,0,0,5,1,0,0
5,37.05,0.05,6,2,0,0,3,2,4,3,1
1,39.2,0.2,4,5,0,1,3,3,3,0,1
8,6.75,0.1,2,0,0,0,4,1,0,1,0
8,29.0,0.0,7,0,0,0,2,1,4,3,1
7,149.0,0.0,9,3,0,0,2,2,0,2,1
3,199.0,0.0,3,1,0,0,1,4,2,0,1
2,14.15,0.05,4,2,0,0,4,3,3,0,0
2,11.92,0.2,10,2,0,0,4,1,3,2,0
5,18.9,0.05,7,0,0,0,3,4,2,3,1
2,13.41,0.1,9,0,0,0,4,3,3,2,0
5,12.66,0.15,7,6,0,0,4,2,4,3,0
3,3.6,0.2,11,1,0,0,4,2,0,1,0
2,14.9,0.0,7,2,0,0,3,4,4,3,1
1,8.9,0.0,9,0,0,0,4,4,2,2,0
4,28.4,0.05,12,3,0,0,3,1,3,1,1
5,3599.1,0.1,12,6,0,0,0,1,1,1,0
3,80.1,0.1,6,2,0,0,2,5,1,3,0
4,8.91,0.1,11,3,0,0,4,4,4,1,0
2,89.0,0.0,12,6,0,0,0,4,2,1,0
5,12.25,0.05,9,5,0,1,4,4,4,2,0
4,24.9,0.0,7,6,0,0,4,1,0,3,0
6,31.12,0.2,12,4,0,1,4,0,2,1,0
6,39.2,0.2,9,2,0,0,0,1,2,2,0
8,75.65,0.15,6,0,0,0,3,4,4,3,1
1,141.55,0.05,12,2,0,0,1,2,4,1,1
7,55.2,0.2,8,2,0,0,1,5,3,3,1
3,3999.0,0.0,7,6,0,0,0,0,2,3,0
4,99.0,0.0,7,2,0,0,2,2,3,3,1
7,6.9,0.0,10,6,0,0,4,3,4,2,0
1,6.55,0.05,11,6,0,0,4,5,4,1,0
6,5.02,0.15,5,3,0,0,4,2,2,0,0
1,1424.05,0.05,3,0,0,0,0,0,3,0,0
